COUNTS -  2016               - Saturday - Entries,,,,,,,,,,,,,,,,,,,,,,,,2016,Saturday,Entries,,,,,,,,,,,,,,,,,,,,,,,,,,,,,,,,,,,,,,,,,,,,,,,,,,,,,,,,,,,,,,,,,,,,,,,,,,,
,,,,,,,,,,,,,,,,,,,,,,,,,,,,,,,,,,,,,,,,,,,,,,,,,,,,,,,,,,,,,,,,,,,,,,,,,,,,,,,,,,,,,,,,,,,,,,,,,,,,,
(C) Copyright, London Underground Limited,2017,,,,,,,,,,,,,,,,,,,,,,,,,,,,,,,,,,,,,,,,,,,,,,,,,,,,,,,,,,,,,,,,,,,,,,,,,,,,,,,,,,,,,,,,,,,,,,,,,,,
,,,,,,,,,,,,,,,,,,,,,,,,,,,,,,,,,,,,,,,,,,,,,,,,,,,,,,,,,,,,,,,,,,,,,,,,,,,,,,,,,,,,,,,,,,,,,,,,,,,,,
Counts by Station and quarter Hour,,,,,,,,,,,,,,,,,,,,,,,,,,,,,,,,,,,,,,,,,,,,,,,,,,,,,,,,,,,,,,,,,,,,,,,,,,,,,,,,,,,,,,,,,,,,,,,,,,,,,
,,,,,,,,,,,,,,,,,,,,,,,,,,,,,,,,,,,,,,,,,,,,,,,,,,,,,,,,,,,,,,,,,,,,,,,,,,,,,,,,,,,,,,,,,,,,,,,,,,,,,
nlc, Station, Date, Note,0200-0215, 0215-0230, 0230-0245, 0245-0300, 0300-0315, 0315-0330, 0330-0345, 0345-0400, 0400-0415, 0415-0430, 0430-0445, 0445-0500, 0500-0515, 0515-0530, 0530-0545, 0545-0600, 0600-0615, 0615-0630, 0630-0645, 0645-0700, 0700-0715, 0715-0730, 0730-0745, 0745-0800, 0800-0815, 0815-0830, 0830-0845, 0845-0900, 0900-0915, 0915-0930, 0930-0945, 0945-1000, 1000-1015, 1015-1030, 1030-1045, 1045-1100, 1100-1115, 1115-1130, 1130-1145, 1145-1200, 1200-1215, 1215-1230, 1230-1245, 1245-1300, 1300-1315, 1315-1330, 1330-1345, 1345-1400, 1400-1415, 1415-1430, 1430-1445, 1445-1500, 1500-1515, 1515-1530, 1530-1545, 1545-1600, 1600-1615, 1615-1630, 1630-1645, 1645-1700, 1700-1715, 1715-1730, 1730-1745, 1745-1800, 1800-1815, 1815-1830, 1830-1845, 1845-1900, 1900-1915, 1915-1930, 1930-1945, 1945-2000, 2000-2015, 2015-2030, 2030-2045, 2045-2100, 2100-2115, 2115-2130, 2130-2145, 2145-2200, 2200-2215, 2215-2230, 2230-2245, 2245-2300, 2300-2315, 2315-2330, 2330-2345, 2345-2400, 0000-0015, 0015-0030, 0030-0045, 0045-0100, 0100-0115, 0115-0130, 0130-0145, 0145-0200, , Total
,,,,,,,,,,,,,,,,,,,,,,,,,,,,,,,,,,,,,,,,,,,,,,,,,,,,,,,,,,,,,,,,,,,,,,,,,,,,,,,,,,,,,,,,,,,,,,,,,,,,,
500,Acton Town,Nov-16,,0,0,0,0,0,0,0,0,0,0,0,0,9,15,23,28,35,37,51,71,92,90,79,71,81,88,95,99,112,117,118,113,119,121,122,122,129,132,131,135,144,150,149,150,153,152,145,138,137,132,125,116,116,114,110,109,114,113,104,103,115,120,119,116,117,117,112,106,99,93,79,73,71,69,58,53,49,46,40,43,44,43,38,38,39,39,36,32,24,17,13,10,4,1,0,0,,7082
502,Aldgate,Nov-16,,0,0,0,0,0,0,0,0,0,0,0,0,3,4,4,4,7,10,14,19,27,27,27,26,34,34,36,38,49,59,67,65,69,72,77,72,79,76,78,72,80,79,82,85,94,86,79,81,83,69,63,71,76,73,71,75,76,73,70,73,77,75,68,65,67,67,73,65,60,53,51,41,36,36,45,51,50,40,34,29,32,34,34,37,42,43,41,33,20,9,6,0,0,0,0,0,,4102
503,Aldgate East,Nov-16,,0,0,0,0,0,0,0,0,0,0,0,0,5,17,24,23,23,28,37,43,50,54,57,63,80,98,108,121,153,193,218,236,254,261,251,249,252,257,254,252,242,246,257,285,296,284,264,261,271,275,266,259,262,263,250,255,258,262,251,265,285,309,298,290,280,276,251,233,221,213,193,174,168,166,167,169,169,164,154,150,157,157,154,157,181,223,273,292,241,137,46,9,2,0,0,0,,15292
505,Alperton,Nov-16,,0,0,0,0,0,0,0,0,0,0,0,0,11,17,23,23,30,39,60,77,90,78,66,57,56,55,50,47,49,49,45,43,44,42,41,41,46,45,44,46,50,54,52,53,56,60,63,63,62,57,55,54,58,56,54,54,63,63,57,57,65,67,62,58,54,60,62,60,51,47,41,33,31,30,30,26,25,25,23,20,18,16,15,15,15,13,12,8,5,3,3,3,2,0,0,0,,3453
506,Amersham,Nov-16,,0,0,0,0,0,0,0,0,0,0,0,0,3,4,3,4,3,8,9,13,10,16,14,20,19,30,31,38,35,43,40,44,41,46,42,49,48,54,46,46,36,43,38,42,36,40,34,38,29,29,24,35,32,34,30,37,30,33,30,37,34,39,33,39,35,36,24,22,15,17,12,13,10,10,6,7,6,8,7,8,8,8,6,7,6,6,3,3,2,3,1,0,0,0,0,0,,1880
507,Angel,Nov-16,,0,0,0,0,0,0,0,0,0,0,0,0,0,2,14,31,45,48,46,45,51,59,63,68,82,103,116,125,141,167,184,198,215,239,252,265,281,300,310,326,349,363,369,385,409,417,403,395,393,398,394,401,419,437,426,428,450,474,494,520,522,505,472,463,471,482,445,412,386,364,338,328,313,301,276,280,289,285,337,448,472,410,376,399,408,427,418,383,344,249,114,14,0,0,0,0,,23831
508,Archway,Nov-16,,0,0,0,0,0,0,0,0,0,0,0,0,1,6,14,24,35,44,51,60,73,85,88,93,114,135,141,137,165,198,202,185,192,215,211,201,213,236,238,226,233,237,230,226,243,247,240,226,223,208,198,196,199,189,173,176,181,183,175,174,180,193,195,187,185,192,194,178,166,155,149,143,144,136,120,103,91,83,75,74,74,76,71,73,77,79,72,65,47,27,13,10,7,5,4,3,,11386
509,Arnos Grove,Nov-15,,0,0,0,0,0,0,0,0,0,0,0,0,10,13,16,23,36,46,55,67,77,72,65,69,81,91,91,94,105,112,106,104,110,113,112,116,127,133,127,124,127,125,123,134,143,138,129,124,124,116,106,98,97,92,86,87,95,104,100,97,96,98,92,91,98,103,92,77,79,77,66,53,53,52,46,40,37,36,32,30,31,29,26,24,23,25,28,22,10,2,1,1,0,0,0,0,,6110
510,Arsenal,Nov-16,,0,0,0,0,0,0,0,0,0,0,0,0,0,5,4,5,7,10,12,15,19,23,23,23,28,36,42,46,53,63,67,69,72,79,79,82,82,90,93,99,98,101,98,96,100,101,98,94,89,87,86,81,73,72,70,66,67,73,73,80,76,73,66,64,63,64,67,62,56,48,49,46,44,41,40,38,36,32,28,24,22,19,17,16,18,19,18,16,12,8,3,2,0,0,0,0,,4116
511,Baker Street,Nov-16,,0,0,0,0,0,0,0,0,0,0,0,0,17,18,19,24,27,31,36,45,60,68,70,67,84,109,131,148,172,194,221,240,281,320,366,381,418,452,495,513,546,571,602,655,703,702,658,639,659,670,684,686,702,694,711,743,800,827,843,852,878,858,801,750,756,746,699,626,566,499,437,383,358,332,304,281,275,262,262,286,293,260,241,259,266,256,236,213,169,127,81,51,38,37,25,12,,31877
512,Balham,Nov-16,,0,0,0,0,0,0,0,0,0,0,0,0,4,7,10,17,42,57,49,67,128,160,149,135,160,175,194,193,230,238,250,237,267,271,290,289,321,327,351,342,370,372,387,362,382,390,393,342,334,322,317,281,287,278,270,237,261,272,281,257,287,296,304,281,306,313,327,295,293,275,269,250,242,214,182,157,151,137,122,108,120,122,119,121,134,135,130,128,97,53,24,19,15,10,8,4,,17403
513,Bank & Monument,Nov-16,,0,0,0,0,0,0,0,0,0,0,0,0,16,23,26,28,35,39,54,67,90,95,95,107,139,172,199,219,258,280,329,354,405,444,504,520,559,606,656,692,749,764,771,780,808,764,748,741,743,711,709,724,751,757,752,758,788,804,814,814,834,836,865,863,845,775,748,680,633,553,514,457,448,410,386,339,337,314,319,306,326,325,346,360,386,379,358,321,288,215,135,101,108,101,66,35,,37573
501,Barbican,Nov-16,,0,0,0,0,0,0,0,0,0,0,0,0,4,5,5,7,11,14,12,13,19,23,23,24,27,32,38,50,60,69,69,71,73,80,84,88,88,96,100,105,105,110,121,132,137,140,144,145,133,127,123,127,126,135,135,136,152,166,158,164,175,177,156,153,143,133,115,100,93,91,86,80,77,75,67,57,79,96,87,87,114,133,148,142,111,78,74,63,46,31,14,5,0,0,0,0,,7092
514,Barking,Nov-16,,0,0,0,0,0,0,0,0,0,0,0,0,89,100,135,209,329,422,475,496,474,385,317,299,301,293,289,286,289,285,280,283,289,290,280,282,294,306,301,302,309,304,303,307,310,318,321,326,315,312,293,287,275,270,260,262,268,273,267,264,268,264,261,265,272,264,248,237,217,195,175,167,155,148,143,138,129,120,117,114,107,89,75,64,52,41,39,38,28,14,6,3,3,0,0,0,,18680
515,Barkingside,Nov-16,,0,0,0,0,0,0,0,0,0,0,0,0,5,6,11,20,26,31,37,39,31,22,20,25,27,25,21,21,24,25,23,23,22,23,24,26,27,26,26,27,29,30,30,28,29,32,32,31,31,27,23,22,21,21,21,22,21,20,18,20,24,24,19,17,20,22,20,16,15,14,13,11,9,9,9,8,7,6,7,7,7,6,5,3,4,3,3,3,2,2,2,2,2,0,0,1,,1493
516,Barons Court,Nov-16,,0,0,0,0,0,0,0,0,0,0,0,0,2,3,6,11,15,18,21,24,31,40,43,44,54,69,76,89,109,126,124,121,122,136,138,139,137,152,157,155,147,152,152,154,160,169,162,151,141,139,131,126,128,132,124,119,123,129,124,120,125,139,141,139,146,147,139,122,117,111,101,87,78,73,66,61,59,55,49,41,39,36,37,36,36,36,34,25,15,10,5,2,0,0,0,0,,7252
517,Bayswater,Nov-16,,0,0,0,0,0,0,0,0,0,0,0,0,5,6,8,11,14,16,16,18,23,26,26,32,49,67,82,103,130,170,202,213,207,199,185,168,159,148,134,123,116,110,106,104,108,113,114,113,111,117,113,112,111,115,113,113,117,122,122,118,117,113,111,115,119,120,120,117,107,101,95,95,96,93,84,77,75,69,61,59,62,64,63,69,78,83,73,54,34,17,7,0,0,0,0,0,,7356
518,Becontree,Nov-16,,0,0,0,0,0,0,0,0,0,0,0,0,12,20,33,53,72,92,94,89,75,65,56,56,57,60,59,62,65,65,63,68,72,71,67,68,69,70,69,73,75,72,70,75,80,82,80,76,69,64,59,57,54,54,53,51,51,51,49,46,49,51,51,48,48,44,44,42,39,34,31,29,26,23,22,21,22,22,20,20,18,14,10,11,12,13,11,6,2,1,1,1,1,0,0,0,,3830
519,Belsize Park,Nov-16,,0,0,0,0,0,0,0,0,0,0,0,0,0,2,4,6,7,10,11,14,18,24,25,29,45,61,66,65,73,85,91,96,101,108,105,104,106,114,120,124,119,118,123,127,124,127,128,123,117,116,111,112,119,118,109,109,118,120,116,115,121,123,118,110,114,122,119,110,105,99,93,91,94,89,82,71,59,52,48,49,49,47,41,45,50,50,44,41,31,18,9,6,4,2,1,2,,6292
787,Bermondsey,Nov-16,,0,0,0,0,0,0,0,0,0,0,0,0,10,15,23,33,51,62,63,66,88,109,110,102,113,133,138,140,163,196,203,195,198,217,215,210,214,234,237,239,244,267,272,279,278,294,284,271,256,255,241,226,229,237,232,221,229,245,248,240,244,246,240,230,244,261,262,243,225,247,249,215,163,154,142,125,113,106,92,81,83,85,77,72,81,90,86,72,56,43,32,22,17,17,14,10,,13564
520,Bethnal Green,Nov-16,,0,0,0,0,0,0,0,0,0,0,0,0,22,27,37,49,67,86,92,95,113,137,142,140,163,204,225,236,269,317,320,308,319,363,371,359,367,402,410,400,405,433,444,445,461,466,458,446,458,463,437,409,405,420,402,386,395,407,399,383,391,389,368,344,343,352,343,323,303,289,274,253,232,220,210,194,177,170,160,161,177,193,194,191,203,203,196,180,168,143,118,96,87,90,68,37,,22402
521,Blackfriars,Nov-16,,0,0,0,0,0,0,0,0,0,0,0,0,0,8,7,8,7,11,18,28,30,38,37,39,32,39,44,66,74,87,99,122,123,131,138,145,131,147,159,174,158,165,162,190,184,195,188,206,195,195,178,173,178,202,215,219,210,221,235,249,263,282,259,239,223,232,209,205,181,177,159,143,119,113,111,109,104,110,112,106,100,111,116,103,87,83,80,69,53,32,12,2,0,0,0,0,,10164
522,Blackhorse Road,Nov-16,,0,0,0,0,0,0,0,0,0,0,0,0,29,35,51,71,106,143,196,244,239,192,153,158,170,181,174,178,200,216,196,169,176,192,193,180,189,202,200,187,193,205,197,186,194,197,187,179,186,180,158,144,142,144,134,124,124,134,137,132,138,149,144,128,129,143,148,133,118,112,104,96,88,80,67,61,59,52,49,50,55,52,50,44,41,36,39,33,25,18,15,12,11,12,10,7,,10405
524,Bond Street,Nov-16,,0,0,0,0,0,0,0,0,0,0,0,0,13,14,14,22,26,24,23,35,45,45,40,39,42,46,53,61,71,83,106,136,168,190,211,239,272,323,365,405,456,513,568,662,730,754,756,798,830,868,913,984,1081,1159,1200,1262,1346,1432,1504,1583,1642,1656,1630,1623,1621,1594,1499,1422,1335,1224,1068,966,951,914,819,767,786,797,717,630,542,522,486,457,414,383,332,291,266,225,169,127,111,114,79,41,,50730
525,Borough,Nov-16,,0,0,0,0,0,0,0,0,0,0,0,0,0,3,5,8,9,13,15,19,23,26,26,28,32,38,45,51,58,71,80,80,82,90,96,95,95,97,97,100,103,107,108,111,112,107,97,94,96,98,96,101,99,103,95,100,104,119,119,119,113,112,112,109,105,109,110,108,102,101,97,90,83,79,81,77,69,62,60,60,63,61,63,66,74,74,66,55,48,37,18,3,0,0,0,0,,5937
526,Boston Manor,Nov-16,,0,0,0,0,0,0,0,0,0,0,0,0,8,7,7,10,13,18,20,23,25,25,21,23,30,35,37,36,41,43,42,41,42,44,41,42,47,52,55,56,57,57,57,60,66,64,55,46,45,44,39,37,37,39,38,39,41,41,39,39,45,49,46,41,40,40,38,33,29,27,25,24,22,20,18,17,13,12,11,12,13,12,11,10,11,11,9,7,4,2,1,0,1,0,0,0,,2478
527,Bounds Green,Nov-16,,0,0,0,0,0,0,0,0,0,0,0,0,10,20,27,40,63,86,104,127,135,121,99,99,119,126,121,128,158,164,146,137,154,155,149,148,166,174,172,167,169,172,169,172,180,177,164,153,158,154,139,121,120,118,116,113,123,128,123,119,120,125,119,118,123,124,116,102,102,96,91,88,87,78,64,63,64,59,48,46,43,42,38,39,37,34,33,28,17,6,2,2,2,1,0,0,,8360
528,Bow Road,Nov-16,,0,0,0,0,0,0,0,0,0,0,0,0,4,10,14,19,26,35,35,42,53,59,55,57,72,82,83,86,99,101,91,86,96,106,108,106,112,113,112,104,107,108,115,120,125,129,128,117,108,110,107,96,94,97,90,86,92,97,91,89,111,138,136,114,108,120,116,105,101,99,88,76,73,66,57,50,48,43,39,38,35,34,31,36,37,37,34,32,22,10,5,3,1,0,0,0,,6115
529,Brent Cross,Nov-16,,0,0,0,0,0,0,0,0,0,0,0,0,0,1,3,7,16,21,25,29,35,34,31,32,31,31,32,38,42,43,43,42,42,45,48,48,51,52,49,44,46,51,54,54,53,53,51,49,51,52,49,46,46,45,43,44,48,54,55,53,51,49,48,47,51,54,52,47,46,47,45,38,37,36,33,27,25,24,21,18,16,16,16,16,15,11,8,7,6,4,2,2,1,0,0,0,,2828
778,Brixton,Nov-16,,0,0,0,0,0,0,0,0,0,0,0,0,91,114,141,159,201,252,294,320,391,436,401,365,425,497,488,489,562,637,612,554,562,623,640,626,650,715,731,726,741,795,801,775,777,807,805,746,722,736,725,676,657,674,653,615,602,627,613,579,576,614,628,602,586,617,638,616,575,545,511,483,444,407,380,353,317,299,299,294,296,335,448,614,690,612,503,466,423,335,252,219,212,224,175,100,,42516
530,Bromley-by-Bow,Nov-15,,0,0,0,0,0,0,0,0,0,0,0,0,4,9,12,17,23,31,30,32,37,44,44,40,44,52,52,52,57,61,57,56,63,69,71,71,79,79,71,68,77,82,77,80,86,89,76,67,70,74,67,59,65,68,61,53,53,54,53,55,58,61,59,55,58,59,57,56,56,51,44,41,40,35,29,27,28,28,24,23,24,24,22,21,24,23,22,20,14,6,1,1,0,0,0,0,,3782
531,Buckhurst Hill,Nov-16,,0,0,0,0,0,0,0,0,0,0,0,0,3,4,6,7,9,10,11,12,14,14,14,18,25,29,28,31,33,36,36,42,43,43,42,48,51,50,52,55,55,57,59,60,59,59,59,62,60,49,41,36,35,34,35,37,41,44,41,41,39,39,36,36,36,38,36,34,28,27,24,25,24,22,17,14,13,14,11,12,13,14,14,14,13,10,10,7,6,4,4,2,2,1,1,1,,2371
532,Burnt Oak,Nov-16,,0,0,0,0,0,0,0,0,0,0,0,0,4,17,34,54,87,123,148,153,137,112,91,83,76,75,75,74,80,82,77,69,70,73,74,74,79,81,79,74,74,74,76,79,80,79,75,70,67,67,66,64,65,63,61,61,67,65,60,58,66,70,65,61,58,57,56,55,52,49,46,42,37,34,33,31,32,29,29,28,25,20,16,18,18,17,13,9,6,2,1,1,1,1,0,0,,4704
534,Caledonian Road,Nov-16,,0,0,0,0,0,0,0,0,0,0,0,0,0,6,10,15,19,24,25,28,38,47,47,50,62,74,74,76,87,100,98,97,109,119,121,119,124,131,135,134,132,143,144,140,139,147,141,129,128,134,128,112,103,100,96,99,102,113,109,122,151,165,141,121,121,119,109,98,89,97,109,106,92,81,72,61,60,56,53,48,48,48,53,49,47,43,41,34,27,16,7,2,0,0,0,0,,6794
535,Camden Town,Nov-16,,0,0,0,0,0,0,0,0,0,0,0,0,5,7,11,19,26,33,43,56,73,85,81,67,68,85,92,95,109,131,142,150,165,188,209,232,268,317,362,406,460,522,578,648,703,742,748,757,773,806,837,860,861,884,905,899,858,877,899,903,918,961,987,1000,995,950,868,801,751,691,614,552,505,456,408,390,387,378,379,402,427,443,474,518,561,567,545,513,450,295,142,69,73,73,56,28,,37672
788,Canada Water,Nov-16,,0,0,0,0,0,0,0,0,0,0,0,0,15,30,44,46,60,82,95,101,124,144,139,138,166,195,199,202,237,285,297,285,292,325,332,323,329,366,385,385,404,435,433,412,413,416,399,373,363,361,355,336,333,342,335,325,325,329,322,315,319,324,328,319,314,318,323,307,306,336,335,286,237,218,200,185,173,165,154,146,145,147,149,150,154,157,159,141,112,81,58,39,29,23,17,9,,19810
852,Canary Wharf,Nov-16,,0,0,0,0,0,0,0,0,0,0,0,0,15,26,42,55,72,84,108,134,178,186,189,168,209,229,257,260,308,345,376,390,421,460,490,500,528,571,598,603,610,625,614,728,814,820,705,689,691,708,693,674,668,674,666,659,688,720,722,714,735,747,734,720,711,711,670,653,633,612,536,474,419,386,351,336,323,307,277,270,276,288,287,291,310,316,285,246,208,155,98,67,48,37,27,19,,35247
884,Canning Town,Nov-16,,0,0,0,0,0,0,0,0,0,0,0,0,60,87,108,132,175,246,298,346,362,342,266,215,217,231,215,203,234,249,242,223,231,241,238,236,248,265,255,242,247,267,270,284,302,297,263,249,255,256,238,218,221,223,207,198,216,221,211,201,207,208,204,197,205,214,215,196,176,160,150,138,135,126,111,105,106,99,89,84,86,81,73,64,62,65,64,56,42,34,28,20,17,16,12,6,,15102
536,Cannon Street,Nov-16,,0,0,0,0,0,0,0,0,0,0,0,0,0,5,5,6,12,19,31,33,51,52,55,40,54,49,64,55,78,65,93,77,102,81,105,79,115,96,127,88,126,101,137,100,136,106,137,100,128,100,119,86,112,94,110,82,108,88,111,81,159,149,210,153,175,100,126,83,96,64,77,49,62,45,51,31,37,27,30,22,29,26,28,21,28,23,28,23,22,10,5,0,0,0,0,0,,5788
537,Canons Park,Nov-16,,0,0,0,0,0,0,0,0,0,0,0,0,5,7,17,25,39,39,46,42,46,41,38,37,43,47,44,41,42,43,42,43,49,51,45,48,57,63,63,66,67,65,59,60,72,72,65,58,61,65,62,61,58,58,49,47,46,46,41,92,116,97,47,51,52,51,48,41,37,36,34,30,26,24,23,22,19,15,14,14,16,14,12,10,10,10,9,8,6,4,2,3,2,2,1,2,,3281
539,Chalfont & Latimer,Nov-15,,0,0,0,0,0,0,0,0,0,0,0,0,1,1,2,2,3,3,4,3,5,7,11,12,16,16,18,17,23,23,25,24,30,31,35,35,37,37,38,33,30,27,27,28,29,26,21,18,19,20,21,21,20,17,16,15,17,17,18,19,22,20,18,19,20,18,15,10,8,8,11,14,16,12,9,7,7,8,8,7,4,7,9,9,5,4,3,2,1,0,0,0,0,0,0,0,,1219
540,Chalk Farm,Nov-16,,0,0,0,0,0,0,0,0,0,0,0,0,1,2,4,6,9,12,15,16,22,27,28,29,39,51,51,50,63,82,86,82,83,89,90,96,104,112,113,114,118,131,141,152,158,165,162,163,161,169,173,178,177,182,184,189,191,192,190,200,202,194,170,169,173,177,166,160,147,132,118,111,100,92,81,76,71,74,72,78,82,116,154,188,177,159,132,119,88,53,25,17,11,8,6,4,,8754
541,Chancery Lane,Nov-16,,0,0,0,0,0,0,0,0,0,0,0,0,5,6,8,13,14,17,17,20,21,22,18,17,23,28,30,30,36,45,54,57,62,63,67,76,90,99,105,113,125,138,146,165,174,174,159,166,167,167,166,180,186,190,184,190,199,213,212,218,219,216,200,194,190,174,151,144,136,121,108,108,102,94,86,83,88,90,92,89,90,87,93,100,114,115,112,95,82,70,59,58,60,63,44,29,,8631
718,Charing Cross,Nov-16,,0,0,0,0,0,0,0,0,0,0,0,0,0,3,6,11,12,16,18,27,28,35,30,35,31,38,38,47,52,63,64,71,71,82,84,97,102,122,130,142,142,157,163,177,178,190,201,210,201,206,212,219,226,247,269,298,324,340,334,348,386,408,407,405,384,331,287,273,255,232,210,197,191,183,179,181,178,181,184,239,307,343,290,220,191,181,164,132,109,66,28,0,0,0,0,0,,13419
543,Chesham,Nov-16,,0,0,0,0,0,0,0,0,0,0,0,0,4,1,3,5,9,6,8,5,10,8,12,9,15,13,16,9,18,17,23,17,23,20,24,20,25,19,24,19,24,18,22,16,20,15,19,15,20,16,20,15,18,14,18,16,20,17,20,17,20,16,19,15,19,14,14,7,10,7,8,5,6,4,5,3,4,2,4,4,6,4,4,3,5,3,3,2,1,0,1,1,0,0,0,0,,961
544,Chigwell,Nov-16,,0,0,0,0,0,0,0,0,0,0,0,0,0,0,0,0,3,3,3,3,3,3,3,4,4,4,4,6,6,4,4,5,6,6,6,7,8,8,9,9,9,9,8,10,11,12,9,9,9,9,8,8,8,7,5,7,8,9,8,9,10,9,7,6,5,5,4,5,5,4,3,3,2,2,2,2,2,2,2,2,1,2,2,2,1,1,1,1,1,1,0,0,0,0,0,0,,388
545,Chiswick Park,Nov-16,,0,0,0,0,0,0,0,0,0,0,0,0,1,2,3,4,4,5,6,8,12,12,12,14,18,19,19,22,25,26,27,28,31,33,34,37,41,45,46,46,45,46,48,52,52,52,47,47,46,44,39,37,38,37,35,35,40,41,37,39,41,39,36,40,45,46,38,33,30,28,23,21,19,21,22,23,19,17,14,13,14,15,13,10,10,13,12,10,6,3,1,2,2,0,0,0,,2116
546,Chorleywood,Nov-15,,0,0,0,0,0,0,0,0,0,0,0,0,0,2,1,2,2,3,3,4,5,7,9,11,11,12,14,13,12,13,14,15,16,17,18,18,21,19,20,20,22,19,18,16,18,18,16,15,15,14,12,11,11,11,11,13,14,14,14,13,12,13,16,18,17,15,12,11,11,10,8,7,7,6,4,3,3,3,3,4,4,3,4,4,4,2,2,1,2,2,1,0,0,0,0,0,,809
547,Clapham Common,Nov-16,,0,0,0,0,0,0,0,0,0,0,0,0,4,8,12,17,23,31,36,44,55,64,65,65,78,96,104,104,120,144,157,157,170,184,190,187,203,224,237,240,250,273,286,285,285,287,276,255,253,248,236,222,219,213,199,192,197,208,207,209,210,206,198,202,218,227,229,221,212,207,197,181,165,162,150,134,123,128,125,123,123,130,135,144,165,186,189,170,135,93,56,39,32,28,19,11,,13092
548,Clapham North,Nov-16,,0,0,0,0,0,0,0,0,0,0,0,0,4,7,10,11,20,29,34,47,62,76,70,68,74,93,92,95,109,136,135,131,131,149,151,151,158,178,182,181,178,189,190,189,185,197,189,176,160,160,152,151,146,146,132,127,124,138,135,140,139,150,147,150,148,160,169,173,163,159,147,142,130,128,108,101,93,97,88,81,75,81,85,96,101,106,105,107,93,63,34,19,17,18,14,9,,9484
549,Clapham South,Nov-16,,0,0,0,0,0,0,0,0,0,0,0,0,3,7,9,12,18,22,26,35,48,59,61,66,82,98,111,119,144,165,170,161,169,189,196,196,205,220,228,224,229,237,242,233,232,235,231,215,203,195,178,166,170,167,153,143,147,149,148,153,163,166,154,143,155,172,173,159,158,169,169,164,154,141,123,109,93,78,71,66,64,62,62,67,65,63,60,63,51,31,13,8,7,6,3,2,,10276
550,Cockfosters,Nov-16,,0,0,0,0,0,0,0,0,0,0,0,0,4,3,4,8,9,12,13,17,17,16,17,24,32,35,38,44,49,53,58,61,65,70,74,74,77,77,77,76,73,68,68,74,77,75,72,71,69,59,49,43,45,49,49,52,54,58,56,59,59,59,56,54,51,46,42,36,28,24,20,18,17,17,14,14,14,14,12,12,12,14,13,9,9,12,12,7,1,0,1,1,1,0,0,0,,3023
551,Colindale,Nov-16,,0,0,0,0,0,0,0,0,0,0,0,0,4,9,20,35,59,84,102,113,108,96,79,79,88,96,94,99,107,112,110,111,122,125,117,112,124,134,133,128,140,151,154,147,146,141,140,138,136,126,122,119,118,111,108,109,110,107,110,115,115,104,92,89,94,99,95,88,82,87,90,89,88,82,78,75,82,75,64,49,43,40,38,33,33,34,33,28,20,12,4,3,2,2,1,2,,7193
552,Colliers Wood,Nov-16,,0,0,0,0,0,0,0,0,0,0,0,0,12,20,26,30,46,64,77,97,110,105,86,88,104,117,119,121,135,142,139,137,142,150,150,151,153,163,160,158,167,173,165,161,166,167,164,155,150,145,140,134,135,136,132,125,127,126,127,128,133,137,138,138,138,137,129,121,119,117,113,99,86,76,72,65,61,56,54,49,48,47,45,41,42,40,39,33,23,11,7,6,4,3,2,2,,8356
553,Covent Garden,Nov-16,,0,0,0,0,0,0,0,0,0,0,0,0,0,0,3,4,5,4,5,9,23,41,52,47,31,18,16,22,32,45,56,65,80,103,118,132,151,175,197,225,250,265,272,279,295,326,358,372,381,389,410,453,510,529,544,568,622,644,629,621,659,699,696,698,693,668,630,626,627,605,552,544,527,498,451,458,462,474,468,573,741,809,696,562,526,502,466,401,336,213,84,8,0,0,0,0,,27328
554,Croxley,Nov-16,,0,0,0,0,0,0,0,0,0,0,0,0,0,4,3,3,3,4,4,4,6,7,7,7,10,12,13,12,13,15,16,16,15,13,14,17,19,17,18,17,19,18,21,20,20,17,15,13,11,11,10,12,15,15,14,12,15,12,14,13,15,13,14,13,12,12,14,13,12,10,9,7,6,5,4,3,4,4,3,3,4,4,4,4,4,4,3,3,2,1,1,0,0,0,0,0,,796
555,Dagenham East,Nov-16,,0,0,0,0,0,0,0,0,0,0,0,0,18,19,25,33,53,63,67,65,58,46,40,42,42,41,44,48,54,60,70,80,80,71,63,61,62,62,63,63,65,67,71,73,74,71,69,67,59,50,46,45,46,45,45,44,44,41,42,83,96,81,46,49,45,41,36,34,31,41,42,36,24,24,20,19,19,17,16,16,15,15,13,11,9,9,7,5,2,2,2,1,0,0,0,0,,3464
556,Dagenham Heathway,Nov-16,,0,0,0,0,0,0,0,0,0,0,0,0,25,34,54,90,124,163,177,165,129,104,89,87,90,93,95,93,88,85,81,89,99,104,107,112,116,110,108,107,111,114,113,120,123,126,123,119,107,98,98,99,96,93,89,90,97,96,89,89,91,94,95,94,90,85,84,82,74,63,57,56,53,48,45,43,43,37,34,32,32,32,31,28,22,20,17,14,9,5,2,1,1,1,0,0,,6423
557,Debden,Nov-15,,0,0,0,0,0,0,0,0,0,0,0,0,3,4,6,9,13,18,21,21,20,19,19,21,24,27,27,27,29,31,31,33,39,42,40,38,39,40,44,47,47,47,48,49,51,48,44,42,41,35,31,32,32,32,31,30,28,29,29,31,35,40,39,33,30,29,29,25,24,23,21,19,18,17,13,11,9,9,9,11,10,9,6,7,9,9,7,4,3,2,2,1,1,1,0,0,,2004
558,Dollis Hill,Nov-16,,0,0,0,0,0,0,0,0,0,0,0,0,9,11,16,21,31,44,55,63,72,72,64,60,71,75,72,74,97,103,89,76,82,87,85,84,96,102,96,88,89,96,90,84,86,98,99,94,92,92,83,75,80,84,78,70,74,78,76,72,76,76,73,72,77,77,73,68,66,58,53,53,51,46,42,45,44,39,30,30,31,29,24,22,24,24,21,17,16,12,8,6,5,4,3,3,,4983
560,Ealing Broadway,Nov-16,,0,0,0,0,0,0,0,0,0,0,0,0,28,34,46,71,119,163,212,259,274,236,197,196,217,235,246,262,281,293,288,294,313,323,326,343,366,380,380,379,408,433,431,425,439,453,445,425,410,399,378,358,363,372,369,356,366,365,358,349,369,376,371,374,386,376,350,320,299,275,257,238,229,219,200,184,172,160,146,134,126,121,117,109,107,105,95,71,51,40,35,31,28,23,18,15,,21190
561,Ealing Common,Nov-16,,0,0,0,0,0,0,0,0,0,0,0,0,3,4,5,9,13,20,27,35,41,41,34,31,36,42,43,45,51,55,49,48,52,56,56,55,56,58,58,59,60,61,60,64,64,63,57,56,56,56,49,45,49,51,46,47,49,50,48,49,50,54,56,53,52,48,49,45,45,40,38,33,30,29,28,23,19,20,19,18,19,19,17,16,19,19,15,13,9,6,3,3,2,2,0,0,,3073
562,Earl's Court,Nov-16,,0,0,0,0,0,0,0,0,0,0,0,0,16,17,22,33,49,66,73,80,98,126,143,148,171,234,290,348,431,520,552,569,591,604,558,519,489,476,457,440,432,417,409,411,433,437,400,394,392,412,429,441,433,415,412,401,406,397,381,410,457,455,410,379,396,403,379,383,393,419,421,401,330,270,254,227,210,194,185,176,183,180,182,182,182,168,154,143,121,87,46,17,6,0,0,1,,24776
563,East Acton,Nov-15,,0,0,0,0,0,0,0,0,0,0,0,0,2,9,16,21,22,26,29,41,51,55,49,51,60,68,64,66,78,85,77,68,74,85,87,82,85,90,85,81,87,94,90,85,86,91,91,88,85,85,77,72,75,82,83,80,79,73,69,70,75,75,72,67,64,66,66,61,59,60,57,52,52,49,42,37,38,34,30,24,25,25,23,21,20,18,16,15,11,5,2,1,0,0,0,0,,4511
565,East Finchley,Nov-15,,0,0,0,0,0,0,0,0,0,0,0,0,2,6,13,21,27,33,39,56,68,70,63,72,93,111,116,117,136,148,144,137,152,162,156,147,160,176,177,175,186,193,186,182,192,191,175,153,148,143,137,131,129,125,114,110,116,124,118,115,123,126,120,121,133,143,140,125,112,108,105,98,88,77,76,77,70,58,56,57,57,54,49,43,44,50,49,40,22,8,1,3,0,0,0,0,,8178
566,East Ham,Nov-16,,0,0,0,0,0,0,0,0,0,0,0,0,59,80,134,218,323,416,474,495,460,376,291,259,258,256,239,237,253,261,246,239,251,254,252,253,258,256,248,244,244,246,245,262,281,292,285,290,294,290,272,261,268,271,253,241,257,261,251,246,252,243,228,224,222,223,210,196,178,166,154,150,142,130,117,113,115,107,94,89,91,81,70,74,85,101,111,99,63,26,6,1,1,0,0,0,,17062
567,East Putney,Nov-16,,0,0,0,0,0,0,0,0,0,0,0,0,2,3,4,9,13,15,16,24,36,42,44,51,67,74,79,86,104,112,114,115,120,124,128,134,147,161,167,166,172,170,165,164,177,181,167,148,138,132,127,123,120,121,115,111,110,116,122,127,126,120,114,114,122,130,126,114,107,101,92,75,62,54,48,42,38,34,28,28,29,31,30,30,29,30,29,28,20,11,5,3,1,0,0,0,,6914
564,Eastcote,Nov-16,,0,0,0,0,0,0,0,0,0,0,0,0,4,8,12,11,15,19,22,22,26,25,23,25,31,38,43,45,47,51,52,52,53,56,58,64,66,68,65,66,66,70,71,71,75,75,68,62,59,56,51,50,49,47,44,43,43,41,38,40,42,42,41,44,43,43,41,40,34,31,25,21,20,21,18,15,13,14,12,11,11,12,12,12,11,9,7,6,6,5,3,1,0,0,0,0,,2852
568,Edgware,Nov-16,,0,0,0,0,0,0,0,0,0,0,0,0,7,11,22,30,44,57,69,68,69,60,57,55,64,65,68,74,81,92,94,93,90,90,93,100,102,107,108,109,107,111,111,112,113,109,103,101,97,93,84,79,83,86,81,76,81,84,85,87,89,91,90,99,105,106,89,79,76,75,72,67,69,64,59,51,43,36,31,32,32,32,31,29,24,23,21,16,9,7,4,2,1,1,2,0,,5519
774,Edgware Road (Bak),Nov-16,,0,0,0,0,0,0,0,0,0,0,0,0,0,0,3,5,9,11,11,14,17,19,19,19,21,25,30,34,40,48,56,63,73,75,75,76,80,81,83,89,95,98,97,101,103,99,90,91,95,98,100,98,96,91,93,98,108,108,102,101,105,105,99,100,104,108,103,106,105,106,91,77,72,77,74,66,63,62,60,58,63,65,62,60,63,59,47,39,27,14,3,0,0,0,0,0,,5281
569,Edgware Road (Cir),Nov-16,,0,0,0,0,0,0,0,0,0,0,0,0,5,5,6,8,10,13,16,19,24,29,30,31,35,43,52,57,66,82,99,104,106,110,119,119,122,125,126,123,125,129,126,124,124,121,120,117,124,118,113,109,121,122,120,121,128,133,132,131,133,133,130,126,131,127,122,116,113,106,99,95,90,83,76,72,74,69,65,63,66,64,59,58,59,60,51,44,34,23,9,3,0,0,0,0,,6695
570,Elephant & Castle,Nov-16,,0,0,0,0,0,0,0,0,0,0,0,0,6,49,75,99,121,154,152,174,193,225,201,196,197,251,264,289,305,352,349,353,349,387,377,373,360,404,400,420,453,506,490,501,506,528,487,487,469,482,449,442,432,448,438,449,439,449,427,433,424,466,457,455,446,479,448,417,384,380,351,342,306,286,260,245,238,234,221,220,234,236,213,202,202,208,195,167,134,92,41,11,0,0,0,0,,25384
571,Elm Park,Nov-16,,0,0,0,0,0,0,0,0,0,0,0,0,11,15,21,28,35,41,43,47,44,39,32,36,37,41,41,44,44,47,48,46,49,52,56,57,60,59,58,62,74,83,85,86,93,96,91,80,66,53,45,42,41,39,41,42,47,46,44,42,44,44,41,40,41,39,36,31,28,26,25,23,19,17,18,16,14,13,12,13,13,11,9,10,10,10,7,6,3,2,1,0,0,0,0,0,,3051
542,Embankment,Nov-16,,0,0,0,0,0,0,0,0,0,0,0,0,8,12,16,29,38,49,49,80,86,108,91,100,91,114,110,120,129,156,165,185,201,225,223,243,266,294,301,323,340,356,383,412,427,445,472,502,503,521,536,571,587,622,641,654,697,769,819,891,975,1006,971,954,919,850,773,735,690,647,598,577,547,528,497,480,512,606,634,701,845,940,882,771,701,619,526,444,387,296,147,46,25,27,18,10,,35844
572,Epping,Nov-16,,0,0,0,0,0,0,0,0,0,0,0,0,6,7,11,13,19,21,26,27,33,33,36,40,46,52,62,74,87,94,103,104,114,111,112,112,120,126,123,118,111,113,106,104,104,109,107,99,87,78,73,67,66,67,61,62,65,66,64,69,70,66,72,70,68,59,57,50,46,38,31,27,28,24,22,19,19,16,14,12,12,11,10,13,16,15,11,7,6,5,5,5,3,1,0,0,,4436
574,Euston,Nov-16,,0,0,0,0,0,0,0,0,0,0,0,0,8,18,29,34,26,39,85,138,180,197,222,261,362,428,485,547,687,825,929,964,1081,1229,1321,1235,1256,1255,1342,1298,1336,1251,1277,1188,1207,1116,1113,1035,1098,1041,996,913,917,892,886,883,909,911,906,887,950,1010,1043,986,994,1033,1023,931,889,835,774,747,790,688,571,493,565,506,441,410,491,440,398,397,359,304,236,213,156,153,103,79,78,84,57,23,,56493
575,Euston Square,Nov-16,,0,0,0,0,0,0,0,0,0,0,0,0,3,4,6,8,10,8,17,22,30,28,32,32,52,61,70,73,89,91,93,90,102,133,156,150,137,139,138,139,157,157,153,143,155,159,154,145,151,152,152,148,161,164,162,162,176,188,180,182,192,187,178,179,184,174,155,141,144,139,122,112,119,118,102,100,95,86,65,65,75,77,70,72,67,59,51,45,33,23,13,6,0,0,0,0,,8362
576,Fairlop,Nov-16,,0,0,0,0,0,0,0,0,0,0,0,0,4,7,9,10,11,17,22,25,21,15,12,15,17,18,19,17,16,15,16,17,19,20,20,20,20,20,21,25,27,27,29,32,34,35,36,34,29,25,24,23,23,22,20,20,26,32,33,32,31,31,27,24,23,24,20,17,15,15,14,14,13,11,9,10,9,9,8,7,4,6,5,4,4,5,4,3,3,3,4,3,2,1,1,1,,1415
577,Farringdon,Nov-16,,0,0,0,0,0,0,0,0,0,0,0,0,24,40,54,49,41,41,45,36,27,21,20,20,22,25,29,33,40,47,56,58,62,63,71,75,75,77,79,82,81,88,94,103,109,110,106,105,103,110,109,111,109,117,117,115,122,127,121,122,127,127,116,116,115,105,94,83,85,81,80,71,70,67,65,66,70,71,76,82,88,97,110,121,127,131,128,113,90,60,29,5,0,0,0,0,,6357
578,Finchley Central,Nov-16,,0,0,0,0,0,0,0,0,0,0,0,0,0,8,9,12,19,26,32,42,53,54,50,55,74,90,96,99,109,123,124,114,113,128,131,124,138,147,149,137,144,153,152,147,151,149,137,129,133,123,107,107,112,110,109,103,108,104,101,107,114,111,97,105,105,110,110,112,102,107,100,94,92,97,98,102,93,73,58,59,66,66,54,51,47,43,36,27,23,21,13,2,2,1,0,1,,7134
579,Finchley Road,Nov-16,,0,0,0,0,0,0,0,0,0,0,0,0,6,7,10,11,15,21,29,39,49,54,53,55,67,84,94,101,114,135,144,151,155,166,172,177,187,195,194,195,204,220,219,232,237,246,234,228,223,227,229,216,209,209,204,203,209,220,212,214,218,230,218,214,217,230,215,198,180,167,157,148,136,125,116,120,114,105,95,102,108,104,94,89,95,107,118,109,83,52,32,20,14,12,10,9,,11436
580,Finsbury Park,Aut-07,,0,0,0,0,0,0,0,0,0,0,0,2,16,44,71,90,116,140,162,194,255,301,297,320,341,454,483,533,613,748,714,626,742,789,814,813,978,928,900,816,944,1051,1090,909,933,976,961,777,798,834,807,686,726,757,716,659,757,731,736,733,823,779,778,711,786,797,813,721,755,721,719,654,624,525,480,452,472,421,387,321,298,251,243,238,277,299,288,248,196,138,88,41,8,0,0,0,,45233
581,Fulham Broadway,Nov-16,,0,0,0,0,0,0,0,0,0,0,0,0,3,3,3,6,9,13,15,22,29,34,36,41,52,66,79,87,101,116,122,126,146,168,176,175,189,202,209,217,233,240,232,242,258,256,238,232,236,237,227,211,206,214,212,210,209,211,206,210,217,214,203,200,216,215,198,179,174,169,152,138,133,132,117,101,89,82,76,86,99,104,97,101,137,213,234,176,89,47,24,8,3,0,0,0,,11388
582,Gants Hill,Nov-16,,0,0,0,0,0,0,0,0,0,0,0,0,18,28,46,66,104,135,157,166,159,137,118,122,126,124,116,123,133,136,127,126,132,136,135,140,152,157,151,149,154,158,154,156,159,161,157,160,158,142,129,123,122,118,111,108,111,120,124,137,139,128,110,111,113,111,102,100,94,87,74,68,66,62,57,53,51,47,44,43,44,40,32,30,31,30,27,24,18,16,15,13,13,10,8,6,,8198
583,Gloucester Road,Nov-16,,0,0,0,0,0,0,0,0,0,0,0,0,6,8,13,18,20,24,25,35,49,63,65,69,86,108,130,160,213,271,318,340,358,364,348,325,318,312,302,285,273,264,260,262,276,288,286,285,279,272,269,280,293,305,293,287,306,347,345,330,322,340,333,338,345,362,348,334,311,292,265,253,255,239,195,160,158,156,142,131,135,135,137,146,160,162,146,124,101,65,26,4,0,0,0,0,,17053
584,Golders Green,Nov-16,,0,0,0,0,0,0,0,0,0,0,0,0,0,7,11,19,29,39,49,59,73,79,76,74,87,104,114,123,148,167,165,160,170,175,163,156,172,185,179,167,173,181,179,185,205,209,190,173,174,170,154,141,149,163,161,154,156,157,149,142,151,160,162,152,160,167,166,148,140,133,127,119,116,111,103,95,91,85,77,76,75,67,57,52,51,50,49,45,31,18,10,7,5,2,1,2,,9376
585,Goldhawk Road,Nov-16,,0,0,0,0,0,0,0,0,0,0,0,0,0,2,2,3,4,6,10,13,15,15,13,16,23,29,30,36,41,44,40,39,41,43,41,38,41,46,46,44,48,51,49,46,49,48,48,48,45,43,42,41,42,44,42,39,42,44,45,48,47,43,39,41,39,35,35,36,34,27,24,22,20,21,21,21,18,17,14,15,16,17,17,21,23,21,18,16,12,7,3,1,1,0,0,0,,2367
586,Goodge Street,Nov-16,,0,0,0,0,0,0,0,0,0,0,0,0,0,0,2,2,4,5,6,8,9,9,8,11,15,17,17,21,27,34,40,41,42,46,50,52,54,58,60,69,76,82,87,94,104,108,105,108,117,120,119,127,133,137,143,155,167,175,175,187,196,196,181,192,198,188,163,160,156,138,114,105,97,91,88,89,90,90,86,88,91,97,99,107,106,104,95,82,68,50,25,7,5,6,4,2,,6880
587,Grange Hill,Nov-16,,0,0,0,0,0,0,0,0,0,0,0,0,0,0,0,3,8,9,9,7,10,10,10,10,10,9,7,7,9,8,7,7,8,8,8,9,9,10,10,11,11,11,12,13,12,11,11,10,8,7,8,9,9,7,7,7,7,7,7,6,7,8,7,6,5,5,6,6,5,4,4,4,4,3,3,2,2,2,2,1,1,1,1,2,1,0,1,0,0,0,0,0,0,0,0,0,,486
588,Great Portland Street,Nov-16,,0,0,0,0,0,0,0,0,0,0,0,0,2,3,4,5,5,6,7,10,14,17,18,18,22,29,34,38,45,53,58,61,67,74,80,81,79,77,71,70,72,77,77,86,89,89,81,87,85,81,76,86,92,91,90,96,107,122,127,122,113,110,101,102,105,104,94,87,80,68,61,58,58,56,55,52,50,47,43,44,46,49,47,53,59,63,55,48,40,31,16,5,1,0,0,0,,4882
590,Green Park,Nov-16,,0,0,0,0,0,0,0,0,0,0,0,0,37,37,37,43,46,43,40,51,64,63,58,57,63,65,73,85,104,126,145,171,194,221,243,268,301,328,418,513,639,673,645,603,628,655,653,667,691,713,725,771,834,901,919,964,1040,1092,1120,1171,1238,1229,1189,1196,1225,1197,1123,1056,975,860,767,703,670,653,617,573,551,571,562,562,617,742,767,666,616,608,561,465,437,389,346,334,350,360,248,110,,45131
589,Greenford,Nov-15,,0,0,0,0,0,0,0,0,0,0,0,0,8,15,26,49,94,119,138,167,172,129,87,83,90,87,80,84,87,82,72,76,88,91,83,81,89,97,92,94,91,93,87,92,93,96,92,95,96,94,80,76,76,80,79,78,78,76,77,82,87,91,86,84,81,81,73,65,61,59,51,47,44,43,37,32,30,25,23,25,27,26,22,19,18,17,14,12,7,3,1,1,0,0,0,0,,5463
591,Gunnersbury,Nov-16,,0,0,0,0,0,0,0,0,0,0,0,0,0,1,3,6,13,21,27,39,46,42,31,34,40,46,49,54,60,66,67,71,73,76,75,84,87,86,81,89,94,95,92,93,100,104,98,85,80,81,80,75,68,66,67,75,76,78,74,78,85,90,84,79,76,76,72,68,61,58,51,45,41,39,33,31,28,24,21,20,18,17,16,21,20,16,11,10,6,2,1,1,0,0,0,0,,4247
592,Hainault,Nov-16,,0,0,0,0,0,0,0,0,0,0,0,0,20,26,31,54,82,106,102,97,88,73,56,58,63,64,60,62,61,61,60,62,68,72,72,70,74,75,74,71,73,77,76,79,83,88,83,77,74,72,67,56,53,49,50,51,52,51,51,49,49,52,53,52,51,48,44,45,43,39,32,29,26,25,22,19,18,19,18,16,16,15,13,11,11,12,11,8,7,6,5,5,4,3,1,1,,4002
593,Hammersmith (Dis),Nov-16,,0,0,0,0,0,0,0,0,0,0,0,0,18,31,42,48,61,77,89,109,129,138,136,146,179,215,230,242,278,332,356,369,388,428,434,451,472,493,491,502,520,541,552,579,599,602,574,563,558,557,527,517,528,553,545,550,569,594,592,587,604,625,613,586,586,590,568,534,508,488,434,388,365,354,319,289,278,248,283,350,384,389,431,470,442,389,310,254,175,104,43,19,8,0,0,0,,30519
773,Hammersmith (H&C),Nov-16,,0,0,0,0,0,0,0,0,0,0,0,0,6,6,9,14,20,26,37,47,56,60,59,56,64,80,94,103,118,139,154,157,161,174,180,176,178,190,197,198,207,213,214,221,236,252,246,244,242,242,225,215,211,220,218,220,216,216,204,199,207,225,223,217,213,210,198,190,176,157,136,120,109,100,91,95,98,88,76,74,69,71,105,133,122,88,66,53,43,27,10,0,0,0,0,0,,11010
594,Hampstead,Nov-16,,0,0,0,0,0,0,0,0,0,0,0,0,0,2,2,3,3,3,7,10,14,15,17,20,24,29,31,33,40,50,57,60,61,62,61,67,72,77,77,88,100,106,99,98,106,111,107,103,104,105,103,106,113,118,113,116,127,131,119,125,135,134,117,124,133,135,117,108,94,82,72,69,65,62,55,50,49,51,47,46,51,55,57,60,76,92,87,61,34,21,13,8,3,1,1,1,,5561
595,Hanger Lane,Nov-16,,0,0,0,0,0,0,0,0,0,0,0,0,1,7,14,30,37,49,64,87,89,75,54,46,51,59,60,68,76,81,76,80,85,84,79,73,78,80,79,74,75,77,80,80,79,78,74,72,73,76,70,68,67,69,68,70,73,73,66,61,68,78,75,68,65,63,63,59,52,46,42,39,33,33,30,28,27,26,24,21,21,20,19,18,18,18,16,13,9,5,3,1,1,0,0,0,,4287
596,Harlesden,Nov-16,,0,0,0,0,0,0,0,0,0,0,0,0,1,4,9,14,22,28,28,33,50,55,44,33,39,39,39,43,46,41,37,37,39,40,39,38,39,41,40,42,48,50,47,44,47,50,52,51,53,52,50,55,60,61,53,48,48,51,48,47,55,54,47,42,52,50,42,36,40,39,35,34,36,37,32,31,28,29,26,26,22,20,15,15,18,18,12,9,6,3,2,1,0,0,0,0,,2887
597,Harrow & Wealdstone,Nov-16,,0,0,0,0,0,0,0,0,0,0,0,0,8,14,24,42,80,92,107,98,98,73,82,77,88,81,87,76,80,76,88,84,84,77,94,94,95,81,95,91,96,88,104,103,106,91,98,95,99,82,84,75,76,68,77,75,79,70,75,72,80,77,83,79,83,78,76,63,64,56,56,44,45,60,70,57,33,29,27,26,23,19,13,11,12,12,9,8,6,4,2,1,0,0,0,0,,5185
598,Harrow-on-the-Hill,Nov-16,,0,0,0,0,0,0,0,0,0,0,0,0,6,18,36,59,82,103,131,156,156,139,122,119,122,132,131,132,136,146,147,144,145,153,160,164,173,190,195,199,206,222,227,235,236,234,226,227,227,227,219,219,220,224,222,220,222,224,225,224,227,228,223,225,218,208,192,178,155,137,126,112,102,96,87,78,76,72,68,65,64,61,58,56,53,57,55,46,27,15,11,8,4,0,0,0,,11470
779,Hatton Cross,Nov-16,,0,0,0,0,0,0,0,0,0,0,0,0,21,20,30,37,42,36,43,46,57,48,48,42,55,54,58,54,62,69,74,71,68,70,75,78,80,83,80,80,83,93,96,90,81,77,75,66,65,71,73,67,65,69,69,66,60,60,63,64,61,60,62,59,54,54,53,51,46,44,36,30,27,27,24,20,18,19,17,22,22,21,19,21,21,20,18,12,5,4,4,3,2,2,1,0,,3993
780,Heathrow Terminals 123,Nov-16,,0,0,0,0,0,0,0,0,0,0,0,0,17,24,30,35,35,41,48,67,92,119,136,148,157,168,186,213,241,244,220,193,190,188,181,170,166,169,178,195,205,216,204,191,192,219,236,232,209,193,177,173,167,171,173,182,178,169,168,178,174,166,158,160,159,157,149,140,144,150,158,161,165,163,156,153,153,162,164,175,167,141,103,96,113,128,120,93,61,33,12,2,0,1,1,0,,11922
781,Heathrow Terminal 4,Nov-16,,0,0,0,0,0,0,0,0,0,0,0,0,5,4,4,7,13,16,18,26,37,46,48,51,56,62,63,56,45,36,31,27,27,29,31,34,42,45,42,42,43,49,55,63,65,68,67,66,67,69,67,59,51,46,42,38,40,48,62,68,68,65,69,75,82,86,82,76,71,72,75,81,77,70,64,67,63,60,49,52,47,37,22,20,20,19,13,4,1,0,0,0,0,0,0,0,,3663
783,Heathrow Terminal 5,Nov-16,,0,0,0,0,0,0,0,0,0,0,0,0,9,18,30,42,41,36,35,50,59,59,57,67,78,88,90,93,94,97,93,89,89,93,96,102,106,102,98,93,98,105,113,114,109,107,102,119,126,129,115,109,106,109,108,104,99,93,92,98,95,86,84,92,95,97,97,97,94,84,81,90,97,98,96,106,98,88,74,95,107,101,73,58,44,33,19,10,5,0,0,0,0,0,0,0,,6453
601,Hendon Central,Nov-16,,0,0,0,0,0,0,0,0,0,0,0,0,5,9,23,38,58,68,101,130,142,115,92,83,98,107,106,111,123,128,119,118,125,132,125,124,137,150,142,134,141,147,146,148,156,152,142,134,134,137,132,123,122,123,118,114,121,121,115,117,127,128,120,113,116,120,114,106,104,105,95,90,84,81,72,66,59,56,54,50,51,48,47,45,46,41,39,33,24,13,8,5,3,1,1,1,,7752
602,High Barnet,Nov-16,,0,0,0,0,0,0,0,0,0,0,0,0,4,5,8,12,17,21,24,28,29,29,27,34,39,45,48,58,61,60,54,56,59,63,61,65,70,73,72,75,74,74,73,72,75,74,70,62,60,57,52,48,46,48,48,47,48,49,46,47,52,56,55,58,60,55,51,49,48,44,42,38,35,33,30,25,21,21,24,23,21,19,21,21,21,21,22,18,11,6,3,2,1,1,1,1,,3377
605,High Street Kensington,Nov-16,,0,0,0,0,0,0,0,0,0,0,0,0,2,3,6,8,10,12,13,16,20,25,25,32,38,48,54,70,93,116,131,144,159,177,185,194,198,213,218,230,240,244,245,253,275,283,278,274,285,294,294,304,322,334,349,379,399,408,408,425,426,417,386,387,396,387,339,313,297,279,238,213,190,171,146,147,145,135,112,116,119,122,123,132,126,112,97,87,67,38,13,4,1,0,0,0,,15014
603,Highbury & Islington,Nov-16,,0,0,0,0,0,0,0,0,0,0,0,0,15,21,26,34,46,60,70,81,102,118,120,120,141,164,180,196,232,274,288,278,275,312,334,341,345,370,391,413,428,436,435,451,488,513,490,461,474,492,474,437,423,426,413,412,434,453,429,429,450,461,433,414,425,450,457,430,397,380,364,330,295,272,249,239,245,239,230,272,326,365,346,332,327,341,335,294,237,181,142,118,112,121,88,49,,25091
604,Highgate,Nov-16,,0,0,0,0,0,0,0,0,0,0,0,0,0,2,4,7,12,17,23,27,37,40,43,43,60,70,81,84,104,113,107,99,106,119,120,119,127,133,134,128,140,147,147,141,147,150,142,130,126,121,112,104,101,101,97,95,95,104,106,106,99,109,112,108,104,115,113,100,93,90,80,73,69,60,51,43,44,44,42,36,39,45,44,43,46,46,45,38,28,12,6,4,4,3,2,1,,6362
606,Hillingdon,Nov-16,,0,0,0,0,0,0,0,0,0,0,0,0,2,4,6,6,10,13,14,12,12,15,16,19,23,28,30,31,32,35,41,43,41,41,46,49,49,48,45,45,46,50,47,45,45,43,39,38,42,43,39,34,32,33,31,28,27,29,30,30,29,30,30,30,27,27,25,23,20,19,17,18,16,15,11,10,8,7,6,7,8,8,5,5,5,5,5,4,2,1,0,0,0,0,0,0,,1930
607,Holborn,Nov-16,,0,0,0,0,0,0,0,0,0,0,0,0,20,22,22,29,31,45,45,51,50,51,41,38,45,63,76,88,104,143,174,198,219,231,236,242,266,277,279,317,357,380,380,419,449,469,458,475,492,537,566,597,600,636,662,694,725,785,814,835,911,963,932,840,769,693,629,598,572,533,484,453,450,433,407,382,365,386,404,449,615,776,708,521,462,474,434,382,347,301,235,191,191,196,136,62,,32417
608,Holland Park,Nov-16,,0,0,0,0,0,0,0,0,0,0,0,0,3,2,2,2,4,5,6,7,9,9,9,13,16,20,20,22,30,40,42,42,46,51,53,52,52,54,57,63,67,72,72,93,106,107,96,94,90,83,79,84,87,87,78,86,92,96,92,90,88,85,81,77,79,79,78,76,71,60,47,39,36,35,30,26,25,25,25,24,24,23,22,24,27,28,24,22,19,17,13,10,8,7,6,4,,3846
609,Holloway Road,Nov-16,,0,0,0,0,0,0,0,0,0,0,0,0,2,5,9,11,14,20,23,31,38,44,43,46,53,63,66,69,78,91,94,92,94,112,121,122,125,137,144,146,154,162,165,175,177,178,169,166,157,155,150,151,154,153,135,129,131,139,143,141,126,114,103,126,167,199,183,168,153,133,107,88,87,97,100,89,83,76,68,58,56,55,58,60,55,54,54,50,36,23,11,4,1,0,0,0,,7819
610,Hornchurch,Nov-16,,0,0,0,0,0,0,0,0,0,0,0,0,2,5,11,19,19,20,22,24,21,19,20,24,27,28,27,27,27,28,30,30,31,33,39,38,40,39,40,42,42,45,48,51,54,59,61,57,47,36,30,31,31,27,25,31,35,34,32,35,35,33,30,29,28,24,20,19,22,21,17,18,18,15,11,11,11,10,8,8,11,12,9,8,12,16,12,5,0,1,0,0,0,0,0,0,,2017
611,Hounslow Central,Nov-16,,0,0,0,0,0,0,0,0,0,0,0,0,17,22,32,41,57,71,80,85,82,63,47,52,61,60,60,65,69,68,63,60,63,70,74,76,76,71,69,72,78,80,86,92,97,90,81,74,75,72,65,61,60,61,59,57,60,63,61,57,57,57,55,57,63,63,55,45,43,40,34,29,27,26,23,22,23,20,17,17,19,16,13,11,11,8,8,6,5,2,1,1,0,0,0,0,,4029
612,Hounslow East,Nov-16,,0,0,0,0,0,0,0,0,0,0,0,0,16,23,32,43,62,73,89,96,97,75,66,64,69,66,66,69,74,73,71,71,73,73,73,78,77,79,77,78,78,81,84,88,90,88,86,82,78,74,70,66,66,66,61,56,59,65,72,83,88,87,78,73,72,70,69,62,59,49,43,38,41,38,35,30,30,30,29,27,25,24,19,16,15,13,10,8,6,3,2,1,0,0,0,0,,4586
613,Hounslow West,Nov-16,,0,0,0,0,0,0,0,0,0,0,0,0,25,31,40,54,60,69,75,81,75,70,63,63,63,69,68,69,70,76,79,79,78,81,85,89,90,87,87,86,90,93,95,101,102,99,86,77,73,70,67,68,67,63,59,61,61,60,55,55,59,61,60,54,52,52,51,47,46,43,39,36,35,32,30,28,25,24,24,25,23,21,18,16,17,16,13,9,8,5,3,2,1,1,0,0,,4440
614,Hyde Park Corner,Nov-16,,0,0,0,0,0,0,0,0,0,0,0,0,0,2,4,5,4,5,6,10,12,13,11,10,11,13,14,14,17,24,30,34,40,49,57,66,75,77,79,97,114,126,142,201,209,178,137,155,154,161,163,179,178,183,182,185,192,206,216,221,222,218,202,198,191,189,176,164,153,138,115,89,73,90,117,131,108,98,115,136,107,91,90,99,81,79,70,58,48,31,13,1,0,0,0,0,,7952
615,Ickenham,Nov-16,,0,0,0,0,0,0,0,0,0,0,0,0,1,1,2,2,4,3,5,6,6,7,8,11,13,14,14,16,20,22,22,24,25,25,23,24,26,29,29,28,27,27,25,25,26,26,26,27,28,26,23,20,21,22,24,20,19,17,16,16,17,19,18,19,20,19,18,17,15,12,12,10,7,6,7,7,7,6,4,4,5,5,4,4,4,4,4,4,3,2,0,1,1,0,0,0,,1156
616,Kennington,Nov-16,,0,0,0,0,0,0,0,0,0,0,0,0,3,7,11,14,20,26,31,38,47,54,53,53,60,71,72,75,93,114,114,112,121,130,127,120,126,133,133,131,137,141,136,137,143,145,132,121,120,123,112,106,110,113,104,99,98,102,100,99,100,105,103,103,110,119,122,121,117,112,104,97,89,83,72,62,57,55,51,50,50,50,51,57,57,53,45,44,41,33,21,10,6,5,5,3,,6830
617,Kensal Green,Nov-16,,0,0,0,0,0,0,0,0,0,0,0,0,0,3,5,9,12,15,16,22,29,30,25,29,38,43,45,52,59,60,59,62,61,59,61,67,70,70,69,65,64,65,67,71,75,74,66,61,61,62,63,60,62,58,53,48,52,53,50,51,55,55,49,48,51,56,56,51,42,41,43,42,39,35,35,33,29,26,27,25,23,23,24,23,24,25,25,22,15,7,1,1,0,0,0,0,,3402
618,Kensington (Olympia),Aut-11,,0,0,0,0,0,0,0,0,0,0,0,0,0,0,0,0,2,8,10,8,5,6,6,6,5,8,9,10,13,24,24,12,22,36,36,27,38,56,53,52,64,94,96,107,103,101,93,132,148,155,147,163,168,140,201,269,273,234,249,232,193,210,237,259,228,190,176,181,170,171,181,156,137,147,154,172,152,124,60,24,4,13,18,20,25,18,10,1,2,1,0,0,0,0,0,0,,7079
619,Kentish Town,Nov-16,,0,0,0,0,0,0,0,0,0,0,0,0,1,4,10,15,18,19,22,29,41,49,46,49,59,70,73,80,95,108,109,106,118,137,143,141,144,161,165,162,163,174,173,171,180,187,179,167,160,156,153,152,156,159,155,152,152,153,152,156,164,169,162,161,167,170,163,157,147,132,124,114,107,98,94,89,88,84,82,92,106,110,170,239,247,170,122,106,93,62,36,25,23,16,11,5,,9529
620,Kenton,Nov-16,,0,0,0,0,0,0,0,0,0,0,0,0,4,7,16,25,32,45,54,55,48,46,41,35,36,37,34,30,33,35,34,32,33,35,34,32,32,31,28,32,37,38,33,31,31,31,29,29,31,33,31,27,28,32,33,32,33,34,32,29,28,32,32,30,29,30,29,29,29,24,20,18,18,17,14,15,14,12,10,11,12,10,10,9,8,7,7,6,4,3,0,0,0,0,0,0,,2087
621,Kew Gardens,Nov-16,,0,0,0,0,0,0,0,0,0,0,0,0,0,1,1,2,3,4,7,10,13,13,16,20,26,33,37,40,44,52,59,64,68,72,76,77,81,86,91,91,92,93,96,106,118,117,111,108,113,112,113,120,127,136,140,163,183,198,197,202,203,195,179,182,183,160,121,100,93,85,75,72,71,61,47,45,46,47,43,42,40,35,26,20,20,20,17,14,9,5,3,1,0,0,0,0,,5992
622,Kilburn,Nov-16,,0,0,0,0,0,0,0,0,0,0,0,0,8,18,27,35,50,67,82,95,109,112,101,97,107,127,132,138,159,180,173,156,170,190,189,176,184,194,191,183,183,192,193,189,190,199,203,199,198,189,180,168,173,171,169,162,168,160,153,148,160,165,161,157,163,173,168,159,152,150,138,125,119,115,104,90,86,85,79,72,70,70,67,67,67,65,62,56,48,37,28,19,19,18,14,6,,10371
623,Kilburn Park,Nov-16,,0,0,0,0,0,0,0,0,0,0,0,0,0,3,7,11,12,15,17,25,31,34,31,31,36,45,48,52,64,78,78,74,75,84,84,81,86,93,92,84,89,92,93,88,93,95,95,93,94,88,82,78,82,85,85,79,77,75,71,68,72,74,70,70,74,81,77,73,71,69,61,53,51,48,45,42,38,35,31,32,36,36,32,28,30,29,26,24,17,10,4,2,0,0,0,0,,4514
625,King's Cross St. Pancras,Nov-16,,0,0,0,0,0,0,0,0,0,0,0,0,65,79,110,118,154,195,248,267,320,421,492,594,633,827,939,1152,1336,1712,1943,2104,2239,2518,2631,2673,2711,2921,2946,2885,2714,2688,2609,2590,2481,2493,2416,2293,2155,2163,2148,2070,1942,1982,2048,2098,1992,2090,2122,2247,2078,2037,1932,2057,2011,2077,2122,2104,1819,1570,1444,1410,1265,1184,1183,1186,1131,1077,1149,1113,996,948,941,879,909,995,889,709,583,444,292,213,185,187,135,71,,121899
624,Kingsbury,Nov-16,,0,0,0,0,0,0,0,0,0,0,0,0,8,15,35,68,120,165,183,166,139,109,83,68,70,68,68,69,75,76,76,75,78,82,84,85,90,91,91,91,91,90,90,90,93,93,90,90,96,97,90,85,83,80,78,81,89,92,87,80,79,75,67,65,69,67,63,64,65,58,50,45,42,40,36,34,30,29,30,32,27,26,24,20,15,15,15,14,13,11,8,5,4,3,2,1,,5436
626,Knightsbridge,Nov-16,,0,0,0,0,0,0,0,0,0,0,0,0,0,0,5,6,8,11,11,16,20,23,18,19,20,24,22,25,33,38,63,76,90,115,142,191,226,276,309,363,411,469,504,585,604,585,575,659,693,704,669,701,754,820,794,799,876,965,1007,1052,1045,1038,991,1053,1084,1075,1003,952,911,805,708,675,413,474,409,370,491,571,447,270,213,191,173,172,172,159,142,134,117,73,23,0,0,0,0,0,,32730
627,Ladbroke Grove,Nov-16,,0,0,0,0,0,0,0,0,0,0,0,0,2,3,4,7,10,13,13,14,19,24,25,28,38,43,44,49,58,65,69,76,86,99,111,125,146,173,197,226,238,248,252,266,275,289,284,282,274,270,255,267,273,282,278,278,287,299,293,285,273,260,236,229,216,199,169,147,127,116,105,93,81,74,64,58,59,60,55,48,46,40,40,42,47,48,47,46,40,27,12,3,1,0,0,0,,10350
628,Lambeth North,Nov-15,,0,0,0,0,0,0,0,0,0,0,0,0,0,0,0,0,0,0,0,0,0,0,0,0,0,0,0,0,0,0,0,0,0,0,0,0,0,0,0,0,0,0,0,0,0,0,0,0,0,0,0,0,0,0,0,0,0,0,0,0,0,0,0,0,0,0,0,0,0,0,0,0,0,0,0,0,0,0,0,0,0,0,0,0,0,0,0,0,0,0,0,0,0,0,0,0,,0
629,Lancaster Gate,Nov-16,,0,0,0,0,0,0,0,0,0,0,0,0,3,4,5,5,5,6,11,18,23,24,22,28,39,49,62,80,116,153,179,189,198,204,190,171,161,159,158,154,149,145,145,145,148,149,152,157,158,158,152,158,166,169,156,156,168,179,176,174,169,166,152,146,153,160,154,144,129,119,112,106,91,80,71,63,59,57,53,55,56,57,52,58,62,58,47,44,35,27,22,23,17,11,6,4,,8394
630,Latimer Road,Nov-16,,0,0,0,0,0,0,0,0,0,0,0,0,3,3,3,4,6,8,8,10,12,13,13,17,20,22,22,24,29,32,33,31,34,40,42,39,37,38,37,40,50,53,44,40,44,44,38,41,51,55,47,41,39,40,39,40,45,50,49,45,44,44,40,40,45,46,42,39,37,33,27,25,28,30,25,18,16,17,17,15,15,12,11,12,16,17,17,16,14,9,4,2,0,0,0,0,,2288
631,Leicester Square,Nov-16,,0,0,0,0,0,0,0,0,0,0,0,0,10,18,42,70,71,57,41,49,53,51,40,43,45,49,48,52,60,78,89,109,141,178,204,232,259,292,326,361,387,410,442,542,645,713,737,822,910,962,964,1044,1172,1273,1297,1343,1424,1519,1584,1688,1838,1932,1856,1776,1724,1703,1636,1613,1570,1533,1488,1478,1475,1472,1454,1486,1497,1550,1652,1860,2363,2579,2366,1917,1874,1856,1762,1570,1293,848,403,153,126,135,99,47,,74930
632,Leyton,Nov-16,,0,0,0,0,0,0,0,0,0,0,0,0,23,45,86,134,207,275,338,398,433,372,292,244,271,268,262,262,311,319,289,261,284,295,289,277,306,321,310,298,300,301,304,303,320,335,336,313,311,317,304,289,292,302,282,273,286,306,284,374,454,445,341,319,317,298,276,259,240,226,212,201,189,174,149,133,129,125,114,115,112,108,96,90,81,74,62,50,41,33,25,21,18,17,14,12,,19172
633,Leytonstone,Nov-16,,0,0,0,0,0,0,0,0,0,0,0,0,16,28,44,75,118,148,172,208,234,209,169,157,187,203,195,191,209,224,212,203,205,224,227,230,239,253,252,254,264,270,261,254,256,260,254,248,249,247,229,220,216,210,195,193,203,208,204,197,199,196,186,184,192,206,199,192,174,160,142,133,131,125,119,108,101,90,80,73,69,72,69,65,57,58,54,51,41,34,27,24,23,24,20,14,,13416
634,Liverpool Street,Nov-14,,0,0,0,0,0,0,0,0,0,0,0,4,25,41,74,92,131,143,207,264,350,358,365,338,402,448,511,589,748,827,844,907,1049,1139,1164,1162,1234,1312,1321,1287,1311,1345,1354,1376,1384,1367,1347,1339,1317,1267,1226,1198,1236,1232,1220,1214,1278,1287,1256,1214,1234,1233,1213,1171,1203,1186,1123,1058,1021,933,817,739,708,659,621,588,591,562,556,541,554,549,550,573,630,670,701,722,648,435,174,24,0,0,0,0,,67091
635,London Bridge,Nov-16,,0,0,0,0,0,0,0,0,0,0,0,0,21,44,56,70,105,133,163,218,292,349,343,355,374,462,496,567,615,741,778,833,839,930,988,1079,1110,1181,1240,1345,1396,1448,1485,1588,1637,1670,1647,1687,1671,1651,1602,1663,1657,1688,1673,1742,1719,1806,1818,1884,1870,1885,1810,1767,1721,1673,1590,1472,1367,1275,1178,1103,1068,1019,908,844,818,783,726,716,751,803,810,791,796,831,800,719,609,454,282,161,131,123,82,43,,82638
636,Loughton,Nov-16,,0,0,0,0,0,0,0,0,0,0,0,0,4,4,6,9,12,17,20,25,25,27,26,27,33,37,40,42,50,56,59,58,60,62,60,62,70,77,77,77,82,87,84,84,90,95,94,90,86,74,65,57,60,61,61,60,63,67,69,71,71,72,73,76,75,68,57,50,49,48,44,39,35,32,27,25,23,25,23,19,17,19,18,15,14,15,14,12,9,7,6,6,6,6,5,3,,3725
637,Maida Vale,Nov-16,,0,0,0,0,0,0,0,0,0,0,0,0,0,0,4,5,5,7,9,11,14,18,18,22,29,35,38,43,49,61,67,68,68,78,81,80,79,87,87,88,88,92,90,95,102,105,96,89,87,87,74,71,74,76,68,66,67,69,67,70,74,73,66,66,66,74,76,71,63,58,56,51,48,43,36,32,29,29,28,28,26,27,27,25,24,27,28,25,16,8,2,0,0,0,0,0,,4086
638,Manor House,Nov-16,,0,0,0,0,0,0,0,0,0,0,0,0,6,23,38,47,67,91,109,127,163,167,152,133,151,166,169,163,193,220,209,182,193,211,203,195,207,229,222,213,208,223,220,226,237,243,225,207,215,214,207,193,201,202,188,169,175,190,186,170,168,176,177,170,169,177,176,166,162,154,140,128,129,120,101,89,88,86,78,71,75,75,72,71,74,72,66,64,45,20,2,2,0,0,0,0,,11711
639,Mansion House,Nov-16,,0,0,0,0,0,0,0,0,0,0,0,0,0,1,1,1,2,2,2,3,4,5,5,5,6,8,9,11,15,17,17,19,22,25,27,27,30,32,37,40,43,44,48,55,61,63,61,61,68,71,68,71,74,78,76,77,79,83,84,83,84,79,74,71,74,69,64,56,52,47,43,39,33,30,26,25,27,29,31,29,29,31,38,35,28,20,19,17,15,9,4,0,0,0,0,0,,2948
640,Marble Arch,Nov-16,,0,0,0,0,0,0,0,0,0,0,0,0,13,14,15,21,26,26,25,28,35,42,45,45,47,52,53,61,79,104,125,146,161,177,181,188,198,212,217,221,241,261,286,292,307,308,316,322,334,338,341,363,390,406,420,444,474,492,523,549,562,550,527,519,530,535,503,472,446,415,373,352,349,332,297,284,283,263,232,231,236,254,244,221,191,184,169,151,136,112,86,75,80,80,50,19,,20307
641,Marylebone,Nov-16,,0,0,0,0,0,0,0,0,0,0,0,0,0,0,2,3,1,16,21,19,34,55,50,45,75,111,112,113,148,180,208,220,289,306,327,307,383,356,362,302,350,320,338,286,304,271,270,223,233,207,226,192,204,205,224,202,216,206,233,229,254,257,304,289,293,265,274,246,260,233,232,191,190,153,142,110,116,98,100,91,102,102,98,71,71,74,66,36,21,9,4,0,0,0,0,0,,13736
642,Mile End,Nov-16,,0,0,0,0,0,0,0,0,0,0,0,0,24,28,34,44,59,75,81,87,104,127,134,133,150,180,195,206,239,277,283,276,282,314,317,312,328,360,371,371,379,400,408,405,406,411,403,384,379,370,354,329,323,322,311,299,307,312,304,302,306,300,292,286,300,306,303,279,270,258,238,221,205,186,172,168,158,147,138,135,133,142,134,131,132,134,116,99,94,85,70,57,53,50,32,15,,18644
643,Mill Hill East,Aut-08,,0,0,0,0,0,0,0,0,0,0,0,0,0,0,5,4,5,3,9,10,10,11,12,10,12,22,23,27,25,24,19,25,20,16,10,11,14,19,21,20,15,16,29,34,26,24,42,44,29,14,19,26,33,32,22,8,6,9,11,11,18,26,28,19,13,21,24,19,15,22,20,14,10,8,8,10,13,7,9,8,11,11,12,5,1,3,3,4,5,6,0,0,0,0,0,0,,1210
646,Moor Park,Nov-16,,0,0,0,0,0,0,0,0,0,0,0,0,0,0,1,1,1,1,2,3,3,3,5,6,7,7,8,8,10,10,11,10,10,9,10,11,13,14,14,14,12,12,13,16,20,21,16,10,11,13,13,12,11,11,11,13,15,16,14,15,14,15,14,17,17,16,11,10,8,8,8,6,5,5,4,3,3,3,3,2,3,2,2,3,5,5,3,3,2,0,1,0,0,0,0,0,,668
645,Moorgate,Nov-13,,0,0,0,0,0,0,0,0,0,0,0,3,3,5,7,10,14,16,18,23,28,26,18,19,23,27,30,37,44,48,50,52,62,71,77,76,78,84,87,92,101,112,109,125,135,131,119,124,128,119,112,122,137,143,137,164,175,173,154,159,154,141,136,142,146,132,114,107,104,93,73,69,71,67,52,47,48,53,56,93,124,120,78,62,64,68,62,55,45,31,12,1,0,0,0,0,,6427
647,Morden,Nov-16,,0,0,0,0,0,0,0,0,0,0,0,0,34,42,48,65,82,111,131,167,178,165,134,131,149,163,171,184,197,198,190,185,186,190,184,190,203,220,213,214,211,223,214,217,218,233,220,202,181,173,165,160,163,161,153,145,151,160,165,172,182,184,181,177,179,182,183,167,153,147,152,144,126,104,92,91,120,129,106,71,64,59,60,59,54,46,47,40,23,9,6,7,5,4,3,0,,11368
648,Mornington Crescent,Nov-16,,0,0,0,0,0,0,0,0,0,0,0,0,0,2,5,6,5,6,8,9,12,14,15,17,21,28,28,30,31,38,39,42,44,49,52,53,53,55,57,62,67,71,70,74,85,94,91,92,96,107,118,127,131,143,159,167,177,194,209,205,191,171,141,113,98,93,83,78,78,78,74,66,59,54,56,55,55,50,50,53,56,54,50,53,54,57,53,54,49,39,20,10,9,11,8,4,,5535
649,Neasden,Nov-16,,0,0,0,0,0,0,0,0,0,0,0,0,9,12,21,31,46,71,89,104,105,95,72,64,67,67,60,57,65,70,65,58,57,58,59,61,68,68,66,63,65,67,70,70,69,68,69,70,75,76,71,61,62,64,62,60,68,67,68,67,69,65,65,62,65,63,58,50,51,52,48,42,37,36,33,33,30,28,23,23,22,23,21,19,17,17,13,10,8,6,4,3,2,2,2,1,,4180
650,Newbury Park,Nov-16,,0,0,0,0,0,0,0,0,0,0,0,0,17,24,44,50,92,112,140,123,120,96,93,86,95,109,115,113,118,116,109,108,116,116,111,117,124,128,112,122,139,146,140,144,155,156,152,156,156,139,115,112,122,128,124,111,106,115,118,116,118,116,113,117,122,116,101,92,87,85,75,65,58,54,50,44,46,47,45,37,39,37,28,23,22,23,18,14,13,14,11,7,5,5,4,2,,7329
653,North Acton,Nov-16,,0,0,0,0,0,0,0,0,0,0,0,0,2,7,15,23,31,40,51,62,77,78,68,58,66,73,80,85,99,107,104,96,103,113,111,112,116,120,110,108,110,118,116,117,123,131,128,126,127,130,120,121,121,118,105,105,110,106,96,96,107,109,107,115,132,127,112,100,97,92,90,87,80,68,58,52,47,45,41,40,40,40,37,33,33,35,31,24,18,15,13,10,9,7,6,5,,6501
654,North Ealing,Nov-16,,0,0,0,0,0,0,0,0,0,0,0,0,0,2,1,1,2,3,4,5,7,7,8,9,13,15,14,14,16,19,19,18,18,20,20,21,21,21,20,20,20,21,21,24,24,22,15,18,21,21,18,17,16,16,16,16,15,17,16,14,12,14,15,13,13,15,16,15,14,12,10,9,12,12,10,5,6,5,6,6,6,4,3,3,3,4,3,2,1,1,1,1,1,0,0,0,,959
789,North Greenwich,Nov-16,,0,0,0,0,0,0,0,0,0,0,0,0,37,72,97,133,144,190,227,294,317,320,277,262,283,322,327,327,350,377,363,345,349,384,406,432,466,474,443,460,523,559,529,576,652,677,618,561,544,542,545,519,518,514,501,495,526,543,528,576,640,668,648,656,624,595,565,530,494,476,451,427,444,429,370,411,474,464,369,357,389,482,715,1023,1148,922,615,427,312,192,119,92,68,79,64,27,,36290
656,North Harrow,Nov-16,,0,0,0,0,0,0,0,0,0,0,0,0,0,4,8,14,16,22,22,23,23,23,23,24,26,24,26,29,32,30,31,31,32,31,34,36,36,33,33,36,37,35,38,39,39,35,36,37,36,34,32,29,27,28,29,27,27,27,27,28,28,28,26,25,27,29,29,26,24,21,18,14,16,16,15,13,11,10,12,13,12,9,8,7,6,6,5,5,4,2,1,1,0,0,0,0,,1816
659,North Wembley,Nov-16,,0,0,0,0,0,0,0,0,0,0,0,0,0,11,15,16,23,33,43,42,42,36,32,29,31,34,37,39,36,33,31,31,33,33,33,32,34,35,37,36,36,34,35,35,39,38,38,38,36,34,31,30,33,40,39,35,31,34,34,38,38,38,34,29,28,27,27,25,23,22,19,19,17,16,14,13,13,13,12,12,11,11,8,7,6,6,5,4,3,2,1,0,0,0,0,0,,2078
655,Northfields,Nov-16,,0,0,0,0,0,0,0,0,0,0,0,0,15,15,17,20,27,31,38,54,66,64,52,52,60,67,70,74,80,80,75,68,72,75,79,81,86,91,90,93,91,90,88,90,97,101,98,86,80,76,69,63,63,64,61,59,64,64,65,69,71,67,67,72,74,77,71,66,63,63,57,53,47,43,38,31,26,23,23,21,19,17,18,20,20,18,15,14,11,7,3,2,1,1,0,0,,4449
657,Northolt,Nov-16,,0,0,0,0,0,0,0,0,0,0,0,0,12,27,47,57,77,96,119,134,130,104,82,84,100,103,102,104,107,105,98,98,95,99,98,103,110,114,114,111,116,114,115,114,118,117,111,107,106,98,92,89,88,84,85,86,84,81,78,82,84,84,79,80,79,75,71,68,61,55,53,53,47,41,37,34,28,26,27,29,28,24,21,19,21,19,16,10,6,2,1,1,1,0,0,0,,5875
660,Northwick Park,Nov-16,,0,0,0,0,0,0,0,0,0,0,0,0,3,6,13,25,43,61,67,68,62,55,49,57,65,63,55,55,58,59,56,57,53,53,51,54,56,57,54,57,65,68,64,63,68,68,64,62,64,65,63,59,58,61,60,61,65,67,64,66,69,70,65,64,63,61,55,56,57,53,47,50,51,48,41,39,34,30,29,26,23,21,20,17,17,14,11,9,8,5,2,1,0,0,0,0,,3843
661,Northwood,Nov-16,,0,0,0,0,0,0,0,0,0,0,0,0,0,3,5,7,9,11,13,14,15,17,22,24,28,29,32,33,35,37,38,41,42,42,45,48,49,50,51,53,53,57,53,55,54,56,52,53,49,45,42,41,38,35,36,37,40,39,36,35,34,38,40,46,45,43,39,36,30,26,24,24,22,19,14,14,12,12,8,8,7,9,10,11,8,7,9,9,7,3,2,1,0,0,0,0,,2316
662,Northwood Hills,Nov-16,,0,0,0,0,0,0,0,0,0,0,0,0,0,2,4,8,12,15,18,19,19,19,21,21,22,22,24,26,30,31,29,28,29,34,34,37,40,42,38,36,36,38,38,40,42,43,40,39,36,33,32,33,32,30,26,27,29,31,28,29,29,30,28,29,31,35,32,29,25,23,19,18,18,16,12,10,10,11,9,10,10,11,7,6,8,12,11,9,7,6,4,2,0,0,0,0,,1859
663,Notting Hill Gate,Nov-16,,0,0,0,0,0,0,0,0,0,0,0,0,9,11,13,18,23,29,30,38,49,60,61,68,80,100,108,117,140,175,191,199,218,259,291,318,352,402,439,473,518,570,608,650,687,708,677,663,661,672,638,638,662,689,680,695,712,702,678,684,687,644,595,582,603,592,551,502,468,411,350,316,302,276,242,218,204,199,195,190,191,196,199,205,215,209,192,169,145,114,91,80,77,72,47,22,,27814
664,Oakwood,Nov-16,,0,0,0,0,0,0,0,0,0,0,0,0,8,9,12,16,18,25,31,35,35,37,35,38,45,51,56,56,63,66,71,72,72,70,69,73,73,70,69,75,84,85,82,81,87,90,89,87,83,75,68,62,61,60,60,58,66,68,65,60,67,73,72,66,67,63,58,50,48,41,37,33,35,30,23,21,21,20,19,18,17,18,15,10,8,10,11,7,3,0,1,0,0,0,0,0,,3783
665,Old Street,Nov-16,,0,0,0,0,0,0,0,0,0,0,0,0,0,0,24,33,43,50,60,67,80,89,89,93,120,141,156,176,220,264,284,301,332,370,372,360,363,389,400,402,416,443,455,468,477,469,439,419,416,422,418,412,403,424,428,440,448,473,477,481,499,499,470,452,464,467,445,416,404,397,385,362,346,334,318,307,305,310,316,338,380,423,443,478,536,599,618,624,588,425,179,15,0,0,0,0,,27248
667,Osterley,Nov-16,,0,0,0,0,0,0,0,0,0,0,0,0,6,8,10,15,21,24,27,35,38,32,26,28,33,35,37,40,46,47,49,47,48,49,57,60,61,59,59,57,58,61,59,59,62,63,57,51,46,47,44,40,37,38,39,38,41,40,38,40,44,45,43,41,37,36,33,33,30,26,20,20,20,17,13,11,13,14,11,8,7,7,7,7,8,9,8,6,3,1,1,0,0,0,0,0,,2591
668,Oval,Nov-16,,0,0,0,0,0,0,0,0,0,0,0,0,3,8,13,19,22,28,35,44,54,64,63,59,61,76,80,83,98,122,127,121,122,131,130,125,125,140,143,140,139,148,153,154,150,150,147,139,131,132,129,120,118,123,118,111,115,120,114,110,114,115,117,122,129,128,124,119,115,109,100,95,90,87,80,70,63,63,61,58,59,62,59,56,57,57,52,45,40,29,17,9,6,5,4,2,,7375
669,Oxford Circus,Nov-16,,0,0,0,0,0,0,0,0,0,0,0,0,53,54,54,62,62,59,54,72,81,76,63,69,80,85,84,99,129,163,188,231,287,353,413,468,547,635,733,813,938,1066,1178,1304,1417,1515,1618,1746,1840,1908,1996,2163,2362,2545,2679,2855,3034,3175,3228,3279,3461,3656,3619,3496,3441,3392,3187,3034,2896,2674,2370,2264,2342,2265,1996,1854,1828,1693,1466,1469,1583,1686,1617,1513,1421,1341,1207,1064,957,834,694,583,542,521,362,163,,116404
670,Paddington,Nov-16,,0,0,0,0,0,0,0,0,0,0,0,0,18,24,32,47,70,75,107,155,207,233,236,270,343,420,496,585,749,931,1100,1128,1180,1252,1269,1179,1135,1200,1333,1328,1262,1210,1178,1078,1011,1028,1070,1016,935,932,947,849,797,835,846,754,777,830,849,777,789,849,866,838,869,941,903,772,761,789,735,617,577,546,493,433,424,409,385,335,320,319,291,256,233,221,219,208,166,85,40,2,0,0,0,0,,51774
671,Park Royal,Nov-16,,0,0,0,0,0,0,0,0,0,0,0,0,0,3,3,3,5,9,12,13,15,16,14,12,15,17,17,18,18,17,19,22,22,20,21,23,25,27,28,30,31,28,29,32,37,36,33,32,34,34,30,30,32,36,36,36,37,38,37,46,53,48,35,31,34,34,33,31,31,26,21,21,23,21,18,21,20,19,19,20,19,19,20,21,21,20,19,17,13,9,6,5,3,0,0,0,,1879
672,Parsons Green,Nov-16,,0,0,0,0,0,0,0,0,0,0,0,0,2,2,4,5,9,11,13,16,23,26,29,35,45,53,55,61,76,87,86,90,103,113,115,115,123,130,131,138,151,159,148,170,183,181,155,156,150,143,136,134,129,123,119,117,118,116,122,125,129,125,124,126,133,138,130,123,110,111,112,107,87,64,51,44,45,41,44,48,52,47,43,44,48,52,55,52,38,22,10,4,2,0,0,0,,6892
673,Perivale,Nov-16,,0,0,0,0,0,0,0,0,0,0,0,0,0,6,11,19,29,42,54,66,68,57,41,36,40,39,36,38,48,51,45,38,39,41,44,42,45,48,49,47,48,48,44,47,55,58,55,51,51,49,44,41,42,42,38,40,43,46,44,43,43,44,42,42,46,44,39,32,32,29,25,22,21,19,17,16,17,18,15,13,13,15,12,10,9,9,9,8,5,2,2,1,0,0,0,0,,2719
674,Piccadilly Circus,Nov-16,,0,0,0,0,0,0,0,0,0,0,0,0,0,20,38,47,40,34,34,43,49,45,36,38,42,47,49,53,63,76,97,120,148,178,210,247,279,326,362,405,437,489,549,634,705,763,819,906,969,995,1036,1116,1213,1270,1312,1352,1446,1514,1573,1683,1785,1820,1834,1845,1808,1752,1737,1691,1627,1538,1461,1416,1440,1445,1399,1370,1385,1389,1405,1591,1892,2074,1976,1790,1645,1571,1449,1343,1149,711,219,0,0,0,0,0,,71464
776,Pimlico,Nov-16,,0,0,0,0,0,0,0,0,0,0,0,0,4,6,9,11,17,24,31,38,43,50,50,56,69,92,103,119,142,175,198,199,201,208,207,193,185,197,199,208,203,212,212,222,223,219,211,207,208,207,200,193,193,211,219,225,225,232,223,223,227,233,223,237,238,227,188,169,155,155,149,138,128,122,120,115,107,95,83,75,72,74,69,72,71,71,63,58,48,39,28,21,17,16,12,10,,11227
675,Pinner,Nov-16,,0,0,0,0,0,0,0,0,0,0,0,0,0,2,4,8,9,11,11,13,15,20,22,26,29,33,36,44,49,50,47,48,51,53,52,55,60,63,59,60,61,62,59,62,69,70,62,57,57,56,48,51,54,56,52,49,50,49,51,52,55,54,52,54,57,57,51,47,45,41,36,30,23,20,18,17,14,12,11,13,13,13,12,14,14,12,10,8,6,5,4,2,0,0,0,0,,2877
676,Plaistow,Nov-16,,0,0,0,0,0,0,0,0,0,0,0,0,13,18,28,42,62,86,103,114,110,97,79,74,78,80,79,75,75,75,74,69,70,73,71,71,76,75,70,65,68,68,70,72,75,77,76,79,80,77,67,64,69,71,66,66,69,67,60,59,65,67,63,59,62,65,62,58,55,53,48,43,42,41,38,33,32,30,27,25,24,22,21,22,22,20,19,18,13,8,4,2,1,0,0,0,,4566
677,Preston Road,Nov-16,,0,0,0,0,0,0,0,0,0,0,0,0,0,11,17,36,61,85,92,90,78,66,53,48,52,59,57,54,57,64,64,58,55,59,63,62,60,61,60,60,61,61,63,63,63,63,63,61,58,58,55,57,54,55,50,51,49,51,50,47,47,50,49,48,49,51,48,45,43,40,35,33,30,28,23,21,20,19,19,19,17,16,16,14,12,9,7,6,4,2,2,1,1,0,0,0,,3539
678,Putney Bridge,Nov-16,,0,0,0,0,0,0,0,0,0,0,0,0,2,3,3,6,11,14,15,18,24,27,27,31,41,47,50,56,69,81,85,88,95,104,103,105,115,124,131,140,156,172,164,154,156,163,152,146,159,155,140,129,124,117,113,120,123,132,138,146,146,128,124,139,158,150,130,115,106,102,91,80,68,59,53,50,49,47,41,37,39,39,39,41,47,46,42,31,19,10,5,4,0,0,0,0,,6709
680,Queen's Park,Nov-16,,0,0,0,0,0,0,0,0,0,0,0,0,0,4,6,11,15,20,22,29,40,49,46,51,62,78,83,92,103,114,113,112,120,125,123,121,125,132,135,134,134,142,142,137,142,148,141,127,122,119,115,110,106,105,100,99,101,103,98,100,106,104,93,89,95,107,106,101,96,92,83,72,66,60,56,49,44,42,46,43,39,34,31,28,29,28,27,25,18,8,3,1,1,0,0,0,,6278
679,Queensbury,Nov-16,,0,0,0,0,0,0,0,0,0,0,0,0,8,24,42,79,156,226,241,213,175,130,93,77,76,77,72,69,67,68,65,61,59,59,64,67,73,71,68,64,70,70,69,69,72,72,70,70,70,72,68,65,64,66,65,63,62,60,60,66,68,64,59,62,66,64,57,49,48,47,45,42,40,36,35,33,30,27,23,23,24,22,18,16,14,12,11,11,8,4,3,2,2,2,2,2,,4958
681,Queensway,Nov-16,,0,0,0,0,0,0,0,0,0,0,0,0,5,7,8,10,13,15,17,22,29,34,34,37,47,67,86,116,159,210,238,255,258,261,246,235,221,216,198,190,189,196,188,193,197,205,205,210,213,214,212,214,225,243,247,248,255,261,248,241,248,246,236,235,242,253,255,246,227,214,201,201,189,177,156,148,138,140,139,132,126,117,109,110,127,131,107,89,75,58,36,29,24,22,13,7,,12841
682,Ravenscourt Park,Nov-16,,0,0,0,0,0,0,0,0,0,0,0,0,1,1,1,3,5,6,6,10,13,15,16,18,22,25,26,32,38,42,45,50,51,53,55,62,65,67,63,60,59,62,68,74,76,77,68,59,55,59,57,54,53,51,48,53,53,52,50,53,55,55,55,55,58,58,55,51,43,36,33,32,30,25,24,25,25,24,27,31,30,28,31,39,38,37,36,33,18,8,2,1,1,0,0,0,,3131
683,Rayners Lane,Nov-16,,0,0,0,0,0,0,0,0,0,0,0,0,4,9,19,27,42,46,52,58,65,61,52,56,65,73,71,71,72,72,70,65,70,72,73,72,79,85,87,86,86,90,88,88,90,90,85,84,82,80,77,75,70,69,66,69,68,68,63,67,71,68,65,67,68,61,54,55,57,52,42,40,38,35,26,23,23,24,24,26,25,22,17,17,17,16,13,11,9,7,5,2,1,0,0,0,,4310
684,Redbridge,Nov-16,,0,0,0,0,0,0,0,0,0,0,0,0,7,11,20,32,42,49,59,68,67,56,49,49,56,63,69,70,77,83,83,76,77,73,74,77,78,73,66,65,71,77,79,77,83,83,86,86,85,78,72,63,57,55,55,52,53,52,54,55,57,54,55,58,57,53,49,49,47,43,35,34,36,33,28,22,22,20,19,16,17,17,15,14,12,11,10,8,6,4,3,4,4,3,3,2,,3962
685,Regent's Park,Nov-16,,0,0,0,0,0,0,0,0,0,0,0,0,0,0,1,0,0,2,3,5,5,5,5,7,9,13,14,14,16,24,26,27,27,33,31,32,36,39,38,40,45,44,47,54,60,56,49,48,50,52,55,61,64,62,64,72,83,101,105,98,82,80,75,72,65,58,52,49,45,38,31,27,29,30,27,23,19,14,15,17,18,14,14,15,18,17,15,12,11,6,2,0,0,0,0,0,,2712
686,Richmond,Aut-14,,0,0,0,0,0,0,0,0,0,0,0,0,5,8,14,16,16,20,30,41,56,69,91,114,134,146,153,173,181,190,176,221,194,193,184,239,208,205,185,176,153,143,179,236,234,175,133,147,118,97,78,95,96,140,158,182,197,298,372,450,582,587,665,501,606,550,677,508,420,237,163,121,111,101,98,89,95,87,78,75,66,61,51,40,21,18,55,92,101,65,37,18,0,0,0,0,,14095
687,Rickmansworth,Nov-16,,0,0,0,0,0,0,0,0,0,0,0,0,0,3,5,6,6,8,8,9,12,15,18,20,24,25,29,27,30,30,34,34,36,38,42,43,42,40,44,45,44,40,41,41,43,40,37,34,35,34,36,35,33,30,31,32,33,32,34,37,43,41,39,39,42,37,31,27,25,21,21,21,21,17,14,13,13,12,10,10,10,9,9,9,10,9,9,9,8,6,4,1,0,0,0,0,,1985
688,Roding Valley,Aut-06,,0,0,0,0,0,0,0,0,0,0,0,0,0,0,0,1,1,0,0,1,2,2,1,2,3,6,6,5,5,6,4,3,3,4,8,9,7,8,7,4,7,9,7,1,2,2,3,3,6,7,4,3,3,3,5,6,4,0,1,5,6,3,3,4,4,3,4,3,4,2,1,0,0,0,0,0,0,0,0,0,0,0,0,0,0,0,0,0,0,0,0,0,0,0,0,0,,216
690,Royal Oak,Nov-16,,0,0,0,0,0,0,0,0,0,0,0,0,3,2,3,5,6,8,8,9,10,10,11,12,16,19,20,21,26,30,29,26,29,31,31,30,36,37,37,35,38,37,39,44,48,46,42,43,45,44,40,36,37,40,39,40,41,43,38,38,40,42,42,40,37,39,40,38,34,35,31,28,29,27,22,21,26,25,21,20,22,21,22,21,20,18,18,17,13,7,2,1,0,0,0,0,,2177
691,Ruislip,Nov-16,,0,0,0,0,0,0,0,0,0,0,0,0,4,4,5,5,7,9,13,14,14,14,17,20,22,25,26,28,30,34,38,41,40,37,38,45,49,48,48,48,47,46,49,49,52,49,46,44,45,43,41,41,39,37,35,34,36,38,35,39,43,45,39,39,34,31,27,27,24,22,20,17,16,15,13,12,11,11,10,9,9,9,9,11,10,9,7,7,7,6,4,2,1,0,0,0,,2124
692,Ruislip Gardens,Nov-16,,0,0,0,0,0,0,0,0,0,0,0,0,0,5,5,7,11,14,15,15,13,11,12,12,13,13,14,15,15,19,20,21,22,25,25,25,27,28,26,26,25,28,28,27,24,25,28,29,27,22,19,17,16,14,16,18,18,16,15,16,18,19,16,16,17,18,16,14,12,10,9,8,8,6,4,4,5,5,4,3,4,4,3,2,2,2,2,2,0,0,0,0,0,0,0,0,,1115
693,Ruislip Manor,Nov-16,,0,0,0,0,0,0,0,0,0,0,0,0,2,3,5,6,8,10,12,14,15,17,17,19,23,28,29,27,27,30,30,31,35,39,40,45,46,43,40,45,48,49,50,51,50,49,45,41,38,37,34,34,33,30,29,29,31,29,29,31,32,30,30,35,36,33,29,27,25,22,23,22,24,24,23,18,13,11,11,12,12,11,10,11,11,10,9,9,7,5,3,2,1,1,0,0,,2035
694,Russell Square,Nov-16,,0,0,0,0,0,0,0,0,0,0,0,0,0,7,12,15,15,17,20,23,28,35,40,50,68,97,124,155,204,261,292,312,328,332,298,260,235,216,200,197,206,210,213,232,239,234,217,216,216,219,215,227,245,261,255,263,281,291,291,307,322,314,304,297,288,274,261,242,226,205,184,172,176,175,170,160,144,126,118,120,117,109,110,124,126,110,86,71,56,36,14,2,1,0,0,0,,13919
698,Seven Sisters,Nov-16,,0,0,0,0,0,0,0,0,0,0,0,0,58,86,122,180,248,352,453,558,576,512,399,335,352,379,373,349,379,408,399,350,347,366,371,351,366,389,378,363,372,391,378,376,390,407,395,383,398,409,382,350,344,352,335,314,327,353,343,326,335,364,352,332,316,326,319,308,295,298,283,268,248,240,227,211,198,189,175,162,160,165,162,152,144,135,124,107,87,72,65,57,50,48,35,17,,24150
700,Shepherd's Bush (Cen),Nov-16,,0,0,0,0,0,0,0,0,0,0,0,0,12,21,31,45,52,64,75,99,126,147,147,138,151,166,188,205,250,284,304,295,313,342,364,356,372,387,395,395,428,453,464,468,499,540,558,558,568,598,605,598,625,655,681,678,704,720,749,763,798,822,813,786,804,817,790,731,717,695,649,594,570,540,498,476,476,452,415,424,466,487,449,449,450,407,309,233,187,147,117,93,77,72,47,25,,34518
775,Shepherd's Bush (H&C),Nov-16,,0,0,0,0,0,0,0,0,0,0,0,0,3,4,4,6,10,14,16,20,26,31,31,31,34,39,42,46,53,60,59,56,63,71,72,68,75,82,81,80,82,83,80,79,84,84,86,87,91,89,87,89,87,86,84,91,96,95,84,111,130,126,97,92,88,88,88,82,78,72,62,53,50,49,46,42,38,35,33,33,38,39,37,43,53,49,33,23,18,11,4,2,0,0,0,0,,4664
702,Sloane Square,Nov-16,,0,0,0,0,0,0,0,0,0,0,0,0,2,3,4,9,14,19,18,20,27,35,38,40,49,59,65,70,81,97,108,124,141,157,167,181,199,222,237,264,293,317,321,376,442,460,420,395,397,397,398,413,452,478,486,491,528,565,571,563,568,589,571,557,570,567,504,456,489,466,355,250,245,232,191,171,190,201,183,202,212,226,197,181,153,154,141,119,92,64,27,4,0,0,0,0,,20340
703,Snaresbrook,Nov-16,,0,0,0,0,0,0,0,0,0,0,0,0,3,3,3,6,10,13,17,21,23,23,23,26,31,34,37,40,48,52,53,53,56,54,52,55,64,66,62,60,63,67,69,68,64,61,63,67,68,63,51,44,41,45,41,40,42,49,49,47,45,46,46,45,44,47,44,38,35,37,35,35,33,27,19,18,17,16,12,13,15,14,14,14,13,11,10,9,9,8,6,5,4,2,3,3,,2882
704,South Ealing,Nov-16,,0,0,0,0,0,0,0,0,0,0,0,0,7,8,11,15,20,25,29,39,46,43,37,42,51,58,58,61,67,75,70,69,74,81,88,90,87,81,83,85,88,90,93,93,95,94,89,81,73,68,66,73,77,71,63,63,69,70,64,65,86,107,99,81,77,79,73,68,62,57,58,62,59,49,43,43,44,40,32,25,22,20,20,19,20,24,26,21,13,7,3,1,1,0,0,0,,4486
707,South Harrow,Nov-16,,0,0,0,0,0,0,0,0,0,0,0,0,12,10,14,23,31,35,42,55,58,49,39,42,45,48,48,44,40,40,43,47,47,45,46,50,50,49,47,46,46,49,50,49,50,51,52,51,51,48,44,39,38,37,37,38,41,41,40,38,40,42,39,35,37,39,34,30,30,30,24,22,19,18,15,16,15,16,16,15,13,13,13,11,9,8,6,5,5,4,2,1,0,0,0,0,,2657
708,South Kensington,Nov-16,,0,0,0,0,0,0,0,0,0,0,0,0,4,6,11,18,21,24,30,40,52,60,63,65,90,122,142,147,170,196,220,240,264,287,303,323,353,399,448,506,579,651,713,782,833,824,777,793,859,929,945,972,1003,1061,1090,1104,1110,1206,1292,1345,1418,1535,1604,1579,1411,1101,821,707,665,606,520,458,446,421,398,389,407,370,358,428,501,493,446,411,367,314,281,259,229,145,53,2,0,0,0,0,,42615
709,South Kenton,Aut-07,,0,0,0,0,0,0,0,0,0,0,0,0,1,1,2,7,14,14,11,18,24,20,10,11,16,22,25,24,16,12,15,21,20,22,21,17,27,30,27,17,19,25,28,26,20,26,33,28,16,16,25,29,20,12,11,16,13,10,13,19,14,18,20,16,7,8,6,7,13,10,1,2,6,5,18,28,26,8,8,21,25,19,8,8,8,6,4,3,3,2,2,1,0,0,0,0,,1201
710,South Ruislip,Nov-15,,0,0,0,0,0,0,0,0,0,0,0,0,0,5,4,7,11,17,21,23,20,18,20,23,25,24,23,27,30,33,36,37,38,36,39,43,43,41,41,46,47,47,45,45,45,44,48,53,55,45,36,31,30,29,28,29,29,28,27,29,29,29,27,28,29,29,27,26,26,24,20,18,15,14,11,10,10,9,6,8,9,7,5,6,8,8,7,4,2,1,0,0,0,0,0,0,,1953
711,South Wimbledon,Nov-16,,0,0,0,0,0,0,0,0,0,0,0,0,5,5,9,14,18,22,31,41,46,47,45,45,51,57,59,58,68,71,66,66,74,76,70,70,80,87,88,89,94,94,92,92,100,105,98,91,90,86,79,78,81,84,84,84,82,84,82,83,88,95,93,94,100,109,100,94,92,95,85,78,78,77,68,53,46,45,46,44,43,41,38,36,37,37,40,36,21,6,4,4,2,2,2,2,,5152
712,South Woodford,Nov-14,,0,0,0,0,0,0,0,0,0,0,0,0,3,6,10,15,23,30,36,43,41,39,42,50,55,60,66,73,83,86,83,83,87,93,98,102,116,124,122,118,122,122,122,124,127,123,117,109,106,101,87,78,80,82,78,74,78,79,76,74,81,87,82,76,79,81,75,66,66,64,62,54,49,43,38,36,38,38,32,30,32,34,33,33,38,43,41,31,22,14,9,3,1,0,0,0,,5257
705,Southfields,Nov-16,,0,0,0,0,0,0,0,0,0,0,0,0,7,6,9,15,20,23,27,40,50,54,54,61,80,92,100,101,111,123,126,129,131,143,144,155,170,182,184,177,168,173,183,184,179,182,166,155,155,153,132,120,120,112,105,104,108,108,105,107,115,111,98,97,110,110,105,95,96,95,100,102,99,89,72,60,48,39,34,29,26,24,25,24,24,23,21,18,14,8,6,4,2,0,0,0,,7256
706,Southgate,Nov-16,,0,0,0,0,0,0,0,0,0,0,0,0,9,9,12,21,37,49,56,60,65,65,62,71,84,93,94,97,106,109,103,98,106,114,111,115,127,136,135,133,137,139,135,138,145,144,135,132,127,118,103,97,94,97,96,97,98,103,102,99,101,105,100,95,97,100,92,83,80,76,69,62,64,61,53,48,45,42,37,41,44,44,37,34,33,34,29,21,6,0,1,1,1,0,0,0,,6349
784,Southwark,Nov-16,,0,0,0,0,0,0,0,0,0,0,0,0,14,18,24,29,38,45,52,62,72,81,78,79,83,92,100,107,122,146,165,169,167,176,178,180,174,182,173,180,181,197,192,236,264,273,229,217,213,223,222,219,224,227,230,242,255,275,274,279,279,286,286,275,264,248,247,235,226,204,189,178,171,153,135,125,123,127,123,145,163,161,139,136,146,143,127,104,90,72,47,34,32,30,20,13,,13134
695,St. James's Park,Nov-16,,0,0,0,0,0,0,0,0,0,0,0,0,1,3,4,4,6,9,13,19,20,20,19,21,23,29,35,40,46,57,68,78,84,93,100,107,110,125,148,171,190,202,211,253,282,261,202,181,175,170,165,171,178,179,178,192,204,211,210,207,190,181,176,171,153,139,127,119,104,88,73,70,66,61,60,59,53,40,40,43,47,47,43,48,55,54,45,37,29,16,7,0,0,0,0,0,,7916
696,St. John's Wood,Nov-16,,0,0,0,0,0,0,0,0,0,0,0,0,2,3,4,6,7,10,13,18,23,26,27,32,41,54,64,67,73,83,90,95,103,122,133,136,134,146,150,155,163,180,184,202,208,214,204,195,174,165,155,162,177,185,173,204,236,240,212,202,194,180,168,173,175,169,152,141,125,107,93,91,93,93,86,82,69,59,50,48,48,49,45,44,46,48,42,35,25,20,13,12,9,9,6,4,,8455
697,St. Paul's,Nov-16,,0,0,0,0,0,0,0,0,0,0,0,0,7,7,7,9,10,13,16,22,27,28,23,20,22,30,44,53,55,63,74,87,99,114,119,129,138,157,180,200,219,247,281,308,319,316,304,312,330,337,353,379,409,423,424,437,452,477,470,478,483,458,442,450,456,399,337,307,299,269,228,205,197,183,170,165,162,161,153,151,156,165,167,165,166,159,144,120,102,85,71,59,58,58,46,29,,16453
713,Stamford Brook,Nov-16,,0,0,0,0,0,0,0,0,0,0,0,0,1,2,3,4,6,8,9,12,15,17,16,20,27,34,35,38,41,45,43,45,50,52,54,54,55,59,64,67,64,62,59,60,64,69,65,59,58,58,53,50,51,50,46,44,46,48,46,49,53,56,52,53,59,62,58,51,47,45,40,37,35,33,29,31,31,24,19,20,21,23,21,19,15,16,16,14,9,4,2,2,1,0,0,0,,2975
714,Stanmore,Nov-16,,0,0,0,0,0,0,0,0,0,0,0,0,8,10,13,23,31,35,37,40,37,34,39,45,54,60,62,68,81,91,95,103,110,115,116,112,112,114,115,109,112,106,99,96,102,100,87,82,83,86,74,66,62,65,63,66,69,70,67,70,75,75,71,71,75,73,65,57,51,46,43,41,38,34,27,22,20,21,21,19,16,15,15,16,16,14,12,11,8,5,5,6,6,6,4,2,,4596
715,Stepney Green,Nov-16,,0,0,0,0,0,0,0,0,0,0,0,0,3,6,10,14,18,24,25,30,41,52,52,51,62,71,71,75,87,97,92,89,94,103,104,106,112,119,117,117,123,133,128,122,124,130,129,127,128,126,119,118,120,123,112,109,111,119,114,109,109,110,106,107,110,112,101,94,88,90,87,86,81,80,76,68,60,60,58,58,57,54,51,52,50,54,51,47,35,25,12,7,4,0,0,0,,6506
716,Stockwell,Nov-16,,0,0,0,0,0,0,0,0,0,0,0,0,31,31,33,38,53,66,75,91,122,141,131,114,125,159,171,179,199,239,237,220,217,245,252,241,249,275,283,269,264,281,284,278,283,295,283,264,251,247,237,228,219,222,213,198,195,203,201,196,197,204,205,197,191,202,216,215,207,196,185,171,156,146,138,124,109,102,99,100,102,107,107,105,101,104,103,98,84,75,78,82,79,81,63,34,,14091
717,Stonebridge Park,Nov-16,,0,0,0,0,0,0,0,0,0,0,0,0,6,11,18,24,36,48,59,66,67,55,42,40,43,43,39,38,41,38,34,33,37,37,35,33,33,35,36,35,37,41,44,45,42,39,37,41,43,42,40,40,45,47,47,46,49,45,39,42,55,59,49,42,43,41,35,33,34,34,30,26,26,26,23,19,17,17,19,21,18,16,14,15,14,15,13,11,8,5,3,0,0,0,0,0,,2694
719,Stratford,Nov-16,,0,0,0,0,0,0,0,0,0,0,0,0,111,157,216,324,446,591,707,837,904,861,710,590,607,645,626,625,725,825,842,835,886,956,977,1014,1095,1197,1251,1312,1379,1457,1514,1558,1655,1730,1731,1689,1738,1797,1809,1847,1969,2061,2058,2072,2191,2264,2269,2517,2771,2829,2518,2389,2332,2349,2210,2078,1956,1812,1661,1530,1472,1376,1310,1377,1369,1216,962,901,848,777,648,619,634,619,519,412,313,241,187,147,129,113,82,37,,100920
720,Sudbury Hill,Nov-16,,0,0,0,0,0,0,0,0,0,0,0,0,7,10,14,23,31,45,48,56,55,51,35,33,37,37,35,33,33,33,35,32,30,29,28,30,33,36,33,34,36,38,38,37,36,35,32,27,27,31,32,31,30,30,27,29,30,29,28,31,34,34,31,29,29,29,27,24,21,18,17,17,14,15,14,12,10,10,8,9,11,11,9,7,5,6,5,4,3,4,4,3,0,0,0,0,,2044
721,Sudbury Town,Nov-16,,0,0,0,0,0,0,0,0,0,0,0,0,7,10,15,24,37,42,45,55,59,52,44,43,44,39,39,40,44,40,37,34,35,37,38,37,36,36,36,34,38,41,40,40,44,44,37,34,34,31,34,35,35,32,31,27,31,37,38,36,36,34,30,33,37,36,30,30,27,26,20,20,17,18,19,17,16,14,12,11,11,10,10,10,10,10,8,5,4,4,4,2,0,0,0,0,,2329
723,Swiss Cottage,Nov-16,,0,0,0,0,0,0,0,0,0,0,0,0,4,5,7,10,12,16,18,23,30,37,39,45,59,74,80,84,97,117,124,128,134,148,150,152,152,155,158,164,165,164,168,191,198,191,172,177,173,165,148,143,146,151,141,140,150,159,155,159,165,187,179,158,132,139,138,131,124,114,107,101,100,89,77,68,62,58,51,64,69,87,83,80,69,71,64,50,39,30,25,19,15,15,14,9,,8461
724,Temple,Nov-16,,0,0,0,0,0,0,0,0,0,0,0,0,0,2,2,3,4,4,4,6,6,5,4,6,10,16,17,16,14,17,20,22,23,26,29,34,40,41,41,42,50,58,63,78,85,88,81,88,87,90,88,96,100,108,109,123,138,148,140,143,163,168,156,145,145,123,105,97,104,98,91,77,72,64,58,52,53,66,69,74,123,160,140,90,74,72,66,63,54,40,19,4,0,0,0,0,,5300
725,Theydon Bois,Nov-16,,0,0,0,0,0,0,0,0,0,0,0,0,2,1,0,1,4,6,6,7,8,7,6,7,8,10,11,12,11,12,14,15,14,16,16,18,20,21,19,21,25,29,29,30,32,34,34,32,27,19,18,23,23,23,25,27,24,24,27,27,26,23,20,16,15,15,14,12,11,10,10,10,10,11,8,7,7,8,7,8,8,7,5,5,5,4,4,3,2,2,1,0,1,0,0,0,,1120
726,Tooting Bec,Nov-16,,0,0,0,0,0,0,0,0,0,0,0,0,4,6,10,15,24,36,45,56,65,70,71,82,97,111,117,126,140,152,155,156,164,172,173,175,182,197,204,207,215,224,223,216,216,208,196,182,179,169,161,154,155,151,141,137,137,137,131,138,146,147,138,140,148,157,159,159,153,149,138,125,107,96,89,85,81,69,62,64,66,61,54,55,60,62,56,48,35,21,11,8,6,4,4,3,,9448
727,Tooting Broadway,Nov-16,,0,0,0,0,0,0,0,0,0,0,0,0,15,27,40,61,87,127,164,206,216,200,170,180,213,243,239,239,248,269,271,271,281,294,303,305,326,350,365,360,372,385,392,399,414,411,391,376,367,364,348,340,336,330,305,293,306,317,318,312,323,327,324,305,309,312,303,292,286,273,254,247,238,219,189,164,149,142,137,139,136,135,133,137,136,140,135,126,87,48,23,23,16,14,11,9,,19387
728,Tottenham Court Road,Nov-16,,0,0,0,0,0,0,0,0,0,0,0,0,44,45,46,46,42,37,33,40,44,48,46,50,51,56,62,79,95,114,130,154,180,206,227,247,271,287,309,344,392,441,499,568,631,671,672,679,717,765,789,831,894,942,988,1077,1171,1218,1229,1242,1385,1583,1600,1469,1352,1290,1179,1126,1083,999,907,861,855,835,808,794,803,788,808,1003,1271,1303,1087,893,874,907,886,790,706,623,527,440,408,427,319,173,,52911
729,Tottenham Hale,Nov-16,,0,0,0,0,0,0,0,0,0,0,0,0,9,17,34,46,81,97,139,159,193,161,151,141,185,201,235,236,267,275,295,278,287,266,270,246,288,286,318,304,331,316,358,359,359,334,363,332,322,296,303,255,264,242,259,235,258,251,281,263,290,290,318,291,301,283,298,273,264,230,226,199,205,205,200,163,144,133,126,111,103,95,91,88,87,82,79,82,77,57,34,20,17,15,13,11,,16947
730,Totteridge & Whetstone,Nov-16,,0,0,0,0,0,0,0,0,0,0,0,0,0,2,4,7,10,13,17,22,22,20,19,24,29,32,31,35,38,39,35,35,39,43,41,41,43,48,47,45,42,45,48,47,46,43,41,38,39,38,35,32,29,30,29,29,30,33,33,35,34,31,31,37,38,37,34,34,28,27,26,29,25,23,21,23,22,22,22,22,19,18,16,15,14,12,11,8,4,1,2,1,1,1,0,0,,2212
731,Tower Hill,Nov-16,,0,0,0,0,0,0,0,0,0,0,0,0,2,12,17,19,32,57,89,99,129,125,127,105,131,127,149,155,211,260,346,366,438,459,519,489,552,519,559,516,578,540,582,551,604,588,619,592,606,573,589,604,638,642,671,679,703,737,811,810,789,750,750,726,697,620,566,517,483,411,373,354,331,287,260,246,234,215,203,194,211,219,221,208,208,203,186,160,127,76,28,6,0,0,0,0,,30185
733,Tufnell Park,Nov-16,,0,0,0,0,0,0,0,0,0,0,0,0,0,2,4,8,9,13,14,19,21,26,26,29,38,47,50,54,67,76,77,76,81,89,92,94,95,97,98,100,106,109,105,100,100,103,99,92,87,84,80,78,78,77,72,68,65,67,66,68,74,79,75,75,78,81,77,72,67,63,60,56,52,46,44,42,40,38,37,33,36,39,53,68,74,59,47,43,32,17,7,5,4,3,2,1,,4785
734,Turnham Green,Nov-16,,0,0,0,0,0,0,0,0,0,0,0,0,3,5,7,10,13,18,21,26,29,32,33,37,47,57,60,63,79,93,96,91,98,107,109,105,111,124,128,132,132,137,142,152,154,153,143,131,124,123,117,116,116,115,106,102,102,105,101,101,105,112,112,116,123,125,113,95,85,81,71,62,57,56,49,45,41,40,38,35,38,43,44,44,48,52,52,46,32,18,9,5,3,0,0,0,,6201
735,Turnpike Lane,Nov-16,,0,0,0,0,0,0,0,0,0,0,0,0,12,35,57,77,119,162,191,237,253,229,178,179,192,199,194,203,236,251,234,214,229,243,238,233,252,271,266,247,241,253,254,245,249,260,252,237,242,247,234,227,239,238,221,210,226,228,214,197,206,215,207,205,209,217,206,196,181,173,163,149,135,127,119,114,112,117,106,94,87,86,80,78,79,75,69,63,43,17,4,4,3,0,0,0,,14084
736,Upminster,Aut-05,,0,0,0,0,0,0,0,0,0,0,0,0,2,6,9,28,33,33,31,39,36,49,58,65,79,101,97,93,100,87,87,114,153,156,160,174,181,159,146,139,179,175,173,137,133,128,128,96,67,77,85,94,88,83,59,71,66,73,71,87,94,105,86,89,68,45,16,35,45,49,44,42,35,33,22,17,14,24,40,42,30,15,15,21,21,19,14,16,13,8,3,0,0,0,0,0,,5605
737,Upminster Bridge,Nov-16,,0,0,0,0,0,0,0,0,0,0,0,0,3,2,3,7,8,6,7,9,8,6,8,13,16,16,13,13,15,15,16,15,15,13,14,13,15,17,16,14,14,15,17,17,17,14,13,12,12,11,12,12,11,11,12,12,12,12,12,11,12,12,12,9,7,6,6,7,7,7,5,4,3,3,2,2,4,5,4,3,3,4,3,2,3,4,3,1,0,0,0,0,0,0,0,0,,718
738,Upney,Nov-16,,0,0,0,0,0,0,0,0,0,0,0,0,10,12,19,37,57,69,70,66,58,47,41,41,39,40,42,43,43,44,42,41,44,46,49,50,49,49,50,49,48,52,52,53,51,56,59,57,49,43,43,41,38,36,37,39,40,40,40,41,42,42,40,38,35,33,30,30,29,27,23,21,18,15,16,17,15,13,13,14,13,12,8,6,5,6,6,5,2,1,1,1,0,0,0,0,,2739
739,Upton Park,Nov-16,,0,0,0,0,0,0,0,0,0,0,0,0,32,45,73,116,175,234,283,310,300,251,202,180,187,188,181,175,181,184,170,161,165,175,173,170,173,174,168,168,178,191,191,199,203,204,196,196,201,208,199,199,198,199,193,195,200,205,209,201,197,193,193,187,181,170,155,148,148,143,130,117,108,94,83,76,73,66,58,54,54,51,43,37,32,29,26,20,12,4,1,1,1,0,0,0,,11844
740,Uxbridge,Nov-16,,0,0,0,0,0,0,0,0,0,0,0,0,8,9,14,19,30,34,40,44,49,48,52,61,72,82,91,89,91,98,103,106,117,135,147,158,161,161,165,180,192,194,199,208,216,214,204,197,197,198,192,190,193,199,193,190,185,184,176,175,178,179,167,156,150,142,128,119,111,101,91,81,72,68,65,57,49,46,44,46,49,44,40,40,41,37,33,26,20,12,6,1,0,0,0,0,,8659
777,Vauxhall,Nov-16,,0,0,0,0,0,0,0,0,0,0,0,0,45,64,77,98,135,165,180,200,254,291,286,283,306,355,380,409,464,522,535,521,525,556,574,560,554,582,628,640,658,699,765,780,784,783,773,691,650,616,620,592,613,595,593,553,577,573,581,564,609,665,694,718,741,762,745,701,676,623,590,509,456,376,340,296,294,277,263,246,260,263,256,263,277,252,251,226,205,145,117,79,72,75,58,32,,36661
741,Victoria,Nov-16,,0,0,0,0,0,0,0,0,0,0,0,0,51,57,62,76,132,202,263,308,451,639,718,687,723,869,938,1066,1196,1422,1506,1616,1620,1751,1764,1846,1858,1990,2017,2100,2058,2080,2065,2134,2113,2101,2048,2036,1945,1876,1761,1732,1667,1698,1642,1674,1646,1721,1692,1684,1665,1855,1885,1855,1698,1732,1664,1683,1508,1433,1285,1250,1092,1057,984,986,917,880,784,724,784,1122,1150,914,639,639,559,497,436,327,210,141,127,113,69,23,,99988
742,Walthamstow Central,Aut-16,,0,0,0,0,0,0,0,0,0,0,0,0,71,111,183,306,410,505,604,623,511,366,402,535,593,499,449,489,497,424,402,418,435,427,406,451,493,503,443,439,455,443,436,442,415,431,459,485,421,352,543,883,903,692,606,705,753,737,725,744,734,598,434,379,344,379,324,302,495,564,545,356,338,254,256,192,139,65,44,89,213,256,215,173,201,193,144,113,89,37,11,5,0,0,0,0,,32106
743,Wanstead,Nov-16,,0,0,0,0,0,0,0,0,0,0,0,0,3,3,5,10,14,14,13,16,22,24,23,27,32,34,35,40,46,52,53,55,60,68,70,70,75,78,77,76,80,82,81,84,87,88,87,92,95,86,71,65,62,55,54,58,61,58,55,53,55,57,55,55,59,58,54,52,50,43,38,34,32,31,30,29,26,21,19,19,20,21,22,22,22,19,16,14,13,11,9,8,5,3,2,1,,3574
745,Warren Street,Nov-16,,0,0,0,0,0,0,0,0,0,0,0,0,12,11,12,16,23,29,28,31,34,37,33,40,59,80,89,90,91,98,108,115,120,136,155,158,154,158,163,167,179,201,201,204,219,245,238,225,218,224,229,238,245,258,264,288,314,342,337,343,344,347,327,330,328,319,296,286,278,256,229,211,211,211,200,200,195,176,149,149,158,158,153,154,170,173,151,127,114,100,77,75,77,77,50,23,,14138
746,Warwick Avenue,Nov-16,,0,0,0,0,0,0,0,0,0,0,0,0,0,0,5,5,6,8,11,13,16,21,24,27,33,43,44,45,53,67,71,71,75,81,85,86,88,99,104,106,106,111,112,111,114,118,117,109,106,99,93,88,93,97,96,100,110,121,111,103,100,106,99,96,95,100,102,95,83,74,71,63,58,53,50,44,43,39,36,35,38,38,37,41,47,48,42,33,23,12,2,0,0,0,0,0,,5205
747,Waterloo,Nov-16,,0,0,0,0,0,0,0,0,0,0,0,0,20,30,38,37,69,107,154,212,276,336,339,390,448,581,674,787,894,1063,1157,1239,1246,1412,1477,1563,1577,1698,1721,1825,1866,1986,1989,2119,2059,2057,1922,1929,1768,1666,1579,1653,1638,1620,1529,1595,1646,1740,1768,1844,1890,2116,2185,2140,2049,2133,1956,1842,1683,1600,1485,1386,1234,1139,1039,958,852,835,813,854,856,907,910,912,863,827,754,677,562,410,241,145,101,91,60,27,,95875
748,Watford,Nov-16,,0,0,0,0,0,0,0,0,0,0,0,0,2,5,8,10,15,15,16,15,18,16,17,18,22,24,23,22,22,24,25,22,22,26,28,26,27,30,32,31,32,36,37,35,29,26,25,26,28,27,24,21,23,24,26,28,30,28,23,28,47,51,40,29,30,29,24,22,18,18,16,15,16,15,10,7,8,9,9,8,8,7,6,6,7,6,5,4,5,4,4,0,0,0,0,0,,1600
751,Wembley Central,Nov-16,,0,0,0,0,0,0,0,0,0,0,0,0,13,24,36,53,76,103,119,128,125,114,97,88,87,92,90,93,100,98,93,87,91,95,99,98,102,107,107,107,107,109,112,118,124,123,121,124,133,132,124,121,122,118,121,124,128,124,125,124,126,135,143,137,125,120,129,128,116,93,83,82,83,78,69,69,65,58,50,51,49,42,37,33,36,39,37,25,15,7,3,2,0,0,0,0,,7221
752,Wembley Park,Nov-16,,0,0,0,0,0,0,0,0,0,0,0,0,21,32,58,78,116,157,198,210,207,202,177,168,182,205,200,209,231,244,231,229,234,242,248,260,277,284,278,268,276,284,276,297,325,332,297,293,300,299,280,277,284,285,289,306,322,317,306,312,322,317,301,290,292,282,264,249,247,234,214,205,202,196,179,162,148,189,217,211,180,194,187,296,547,574,342,109,84,54,36,24,22,21,16,9,,18819
753,West Acton,Nov-16,,0,0,0,0,0,0,0,0,0,0,0,0,3,3,3,4,6,8,11,15,18,17,16,20,24,25,24,29,36,41,41,41,42,44,43,47,52,56,53,48,46,59,69,68,65,65,59,50,50,51,43,37,40,44,42,36,38,42,39,34,39,43,40,36,37,38,34,30,33,33,29,20,20,17,16,14,15,15,13,10,9,12,13,12,9,8,7,6,4,4,4,5,3,3,2,2,,2382
755,West Brompton,Nov-16,,0,0,0,0,0,0,0,0,0,0,0,0,2,2,2,5,8,9,13,21,27,27,26,28,33,37,42,54,69,81,82,84,87,91,88,85,87,88,85,82,88,93,95,106,118,111,94,88,94,94,93,94,105,103,93,83,94,95,90,85,89,91,82,82,87,93,79,75,71,70,68,71,66,57,51,45,44,42,37,35,39,38,34,34,32,30,24,20,12,7,2,1,0,0,0,0,,4869
756,West Finchley,Nov-16,,0,0,0,0,0,0,0,0,0,0,0,0,0,3,3,4,6,7,9,11,14,14,11,14,21,23,20,24,31,34,32,32,32,33,33,34,32,34,37,39,37,36,35,34,35,37,34,27,27,27,29,25,24,23,22,21,23,26,24,23,25,28,26,25,26,28,25,24,29,37,36,27,19,16,16,15,13,11,10,9,8,8,7,6,6,6,5,4,2,2,1,1,1,0,0,0,,1658
757,West Ham,Nov-16,,0,0,0,0,0,0,0,0,0,0,0,0,11,12,12,19,30,42,48,56,56,56,47,43,46,54,51,51,56,62,58,58,57,62,60,63,62,67,66,67,69,73,72,73,71,73,69,67,64,69,67,62,58,60,59,62,66,69,63,60,76,95,90,71,67,70,63,56,52,52,51,48,43,39,34,28,27,26,25,23,24,22,20,17,16,17,16,14,12,10,7,4,3,2,2,1,,3921
758,West Hampstead,Nov-16,,0,0,0,0,0,0,0,0,0,0,0,0,6,7,8,12,21,40,56,74,89,98,94,86,98,119,133,131,149,172,182,175,184,206,212,212,215,233,234,231,236,246,248,256,284,297,301,289,281,255,242,223,223,218,221,211,212,204,199,192,200,205,210,211,217,224,223,207,189,171,164,150,143,130,116,103,94,93,81,83,77,79,73,79,88,100,97,73,62,49,39,22,19,14,11,6,,12417
759,West Harrow,Nov-16,,0,0,0,0,0,0,0,0,0,0,0,0,0,7,11,13,16,20,23,22,21,22,21,21,23,27,30,26,24,21,23,24,28,31,40,43,38,30,27,34,35,29,23,29,31,30,33,33,26,26,30,28,25,22,21,22,24,27,28,28,26,15,15,16,31,32,26,18,14,14,16,17,14,13,14,15,11,12,8,9,9,11,8,9,9,9,9,6,4,3,1,1,0,0,0,0,,1631
760,West Kensington,Nov-16,,0,0,0,0,0,0,0,0,0,0,0,0,4,4,5,8,13,17,18,22,29,34,34,38,49,59,65,66,83,100,105,106,112,120,118,116,117,120,119,115,118,120,115,105,110,117,119,115,112,104,99,104,106,104,93,89,95,103,101,102,109,113,109,107,113,120,112,99,92,93,87,83,79,73,60,49,47,47,46,41,39,37,37,33,33,36,37,32,21,11,5,2,1,0,0,0,,5930
762,West Ruislip,Nov-16,,0,0,0,0,0,0,0,0,0,0,0,0,2,2,4,4,11,10,14,12,11,12,13,16,17,21,23,31,41,36,40,45,53,43,42,48,52,48,42,46,48,43,43,54,60,70,61,64,55,47,38,36,31,31,30,28,26,27,31,34,34,34,31,28,31,32,30,25,23,18,14,22,24,18,10,10,16,6,9,8,9,8,7,8,4,4,5,5,0,0,0,0,0,0,0,0,,2069
754,Westbourne Park,Nov-16,,0,0,0,0,0,0,0,0,0,0,0,0,3,5,6,7,10,14,16,19,24,27,27,27,34,41,42,41,48,55,58,55,55,61,63,65,66,75,77,79,82,89,91,93,93,94,91,89,90,88,88,84,86,82,84,82,84,86,87,83,76,78,73,74,72,76,70,65,61,61,60,56,50,45,40,39,41,45,39,36,32,32,27,27,27,31,35,34,26,17,9,3,0,0,0,0,,4303
761,Westminster,Nov-16,,0,0,0,0,0,0,0,0,0,0,0,0,8,11,15,18,21,23,24,28,32,35,35,39,52,66,77,82,96,118,146,175,204,242,289,338,394,448,504,560,644,702,744,773,835,860,864,874,892,897,892,891,933,980,1021,1040,1078,1101,1082,1075,1075,1073,1027,1045,1040,946,808,725,680,627,590,556,571,563,521,481,461,424,382,361,339,322,322,335,324,281,239,218,172,107,61,47,43,42,30,14,,39110
764,White City,Nov-16,,0,0,0,0,0,0,0,0,0,0,0,0,6,10,15,20,25,30,32,39,50,55,50,54,65,73,69,65,74,82,80,70,72,75,78,82,92,96,97,99,106,129,133,192,224,211,136,126,132,132,124,128,142,148,139,135,142,148,142,139,143,153,147,137,131,136,133,131,124,114,101,98,103,102,91,73,67,63,60,57,64,64,61,60,62,53,40,31,27,23,18,18,16,15,8,6,,7293
763,Whitechapel,Nov-16,,0,0,0,0,0,0,0,0,0,0,0,0,0,11,10,23,34,46,44,45,49,57,58,58,75,102,119,122,126,137,132,126,133,154,158,154,159,171,174,182,193,206,212,227,243,247,239,228,243,254,245,240,256,267,258,274,294,295,272,271,282,281,260,245,250,253,245,230,218,201,193,197,211,218,212,189,163,147,134,126,127,127,117,107,119,126,122,100,76,44,22,8,3,0,0,0,,12976
765,Willesden Green,Nov-16,,0,0,0,0,0,0,0,0,0,0,0,0,18,19,24,34,54,73,88,105,124,124,106,102,127,150,152,158,197,221,217,200,211,218,212,204,220,237,227,210,213,215,206,201,217,228,218,204,214,213,197,180,192,193,175,158,171,180,170,163,172,175,163,158,164,173,167,160,154,150,140,132,122,109,95,89,84,79,73,74,72,68,61,56,50,45,42,37,33,28,21,13,9,7,6,5,,11126
766,Willesden Junction,Aut-07,,0,0,0,0,0,0,0,0,0,0,0,1,2,5,6,10,13,17,16,49,102,144,109,77,65,90,80,64,69,80,76,55,56,82,94,90,68,84,87,86,81,100,107,86,103,125,124,89,87,87,75,82,94,95,89,79,92,86,96,86,95,83,80,88,96,89,64,63,65,70,67,70,70,61,52,47,42,45,49,53,42,32,29,32,32,26,28,26,13,1,0,0,0,0,0,0,,5250
767,Wimbledon,Aut-13,,0,0,0,0,0,0,0,0,0,0,0,2,4,10,20,33,42,39,69,170,220,217,178,196,223,268,260,276,338,382,403,409,411,408,422,421,382,390,407,448,418,398,398,433,461,389,289,246,279,271,228,240,264,286,242,244,229,272,268,283,288,319,282,258,275,268,227,195,207,185,156,125,118,119,106,105,95,90,88,78,77,69,91,99,111,90,92,89,92,66,46,32,0,0,0,0,,17724
768,Wimbledon Park,Nov-16,,0,0,0,0,0,0,0,0,0,0,0,0,0,1,2,4,7,7,8,10,13,14,15,16,19,23,25,28,30,33,32,33,37,40,43,45,47,49,56,60,58,53,50,50,54,57,56,56,56,51,42,39,36,34,31,31,31,31,31,33,34,33,30,29,31,34,34,35,34,31,27,28,29,25,18,14,13,13,12,9,9,8,10,13,17,17,15,12,9,4,1,1,0,0,0,0,,2206
770,Wood Green,Nov-16,,0,0,0,0,0,0,0,0,0,0,0,0,16,38,69,102,150,205,255,310,352,310,235,203,241,247,227,215,247,263,246,229,242,255,249,246,264,280,273,264,277,287,283,284,305,315,297,287,295,304,290,287,304,320,293,272,289,307,298,293,306,300,289,289,290,283,259,255,247,230,200,188,180,167,156,140,129,122,122,117,120,124,153,175,194,186,160,105,50,16,3,5,4,0,0,0,,17684
599,Wood Lane,Nov-16,,0,0,0,0,0,0,0,0,0,0,0,0,1,2,3,6,8,7,10,17,26,31,29,24,19,22,22,26,29,33,34,33,30,29,35,37,37,38,41,48,54,59,58,66,78,81,72,69,70,69,73,84,98,104,103,100,108,118,112,188,249,233,151,133,133,122,114,105,101,94,82,76,74,68,59,59,63,60,48,42,44,46,38,30,24,19,12,7,6,4,3,1,1,0,0,0,,4742
769,Woodford,Nov-16,,0,0,0,0,0,0,0,0,0,0,0,0,9,14,19,26,44,62,76,87,86,75,66,75,89,97,94,102,115,121,116,120,128,133,136,136,139,142,146,149,160,163,158,158,170,172,164,161,155,136,115,103,99,96,94,95,104,106,103,97,101,107,106,100,103,104,95,86,79,73,67,64,59,54,44,38,25,31,30,28,26,25,22,22,20,19,15,14,11,9,7,6,4,3,2,3,,6813
771,Woodside Park,Nov-15,,0,0,0,0,0,0,0,0,0,0,0,0,0,3,3,6,11,14,16,19,24,22,23,28,35,40,40,43,49,51,43,43,46,52,51,57,61,65,61,58,61,66,68,64,64,62,65,62,58,52,45,47,50,47,42,40,43,41,40,42,53,57,50,46,55,61,55,49,45,43,38,32,23,22,22,21,23,18,21,18,19,18,18,18,20,16,16,12,8,2,0,0,0,0,0,0,,2922
,Total,,,0,0,0,0,0,0,0,0,0,0,0,12,2447,3773,5542,7844,10976,14045,16681,19445,21631,21638,19966,20008,22736,25947,27331,29270,33552,37979,39531,40125,42550,45894,47214,47828,50059,52896,54139,54947,57145,59432,60398,62176,64524,65330,63398,62006,61730,61366,60049,59959,61320,62611,62090,62755,65256,67759,67958,69380,72142,73686,71441,69672,69331,68403,64651,60592,57465,53754,49306,45661,43305,40818,37565,35482,34685,33383,31558,31945,34200,35553,34252,32936,32807,31998,29039,25280,20854,14808,8957,5637,4758,4560,3253,1693,,3438078
