COUNTS -  2016               - Sunday - Entries,,,,,,,,,,,,,,,,,,,,,,,,2016,Sunday,Entries,,,,,,,,,,,,,,,,,,,,,,,,,,,,,,,,,,,,,,,,,,,,,,,,,,,,,,,,,,,,,,,,,,,,,,,,,,,
,,,,,,,,,,,,,,,,,,,,,,,,,,,,,,,,,,,,,,,,,,,,,,,,,,,,,,,,,,,,,,,,,,,,,,,,,,,,,,,,,,,,,,,,,,,,,,,,,,,,,
(C) Copyright, London Underground Limited,2017,,,,,,,,,,,,,,,,,,,,,,,,,,,,,,,,,,,,,,,,,,,,,,,,,,,,,,,,,,,,,,,,,,,,,,,,,,,,,,,,,,,,,,,,,,,,,,,,,,,
,,,,,,,,,,,,,,,,,,,,,,,,,,,,,,,,,,,,,,,,,,,,,,,,,,,,,,,,,,,,,,,,,,,,,,,,,,,,,,,,,,,,,,,,,,,,,,,,,,,,,
Counts by Station and quarter Hour,,,,,,,,,,,,,,,,,,,,,,,,,,,,,,,,,,,,,,,,,,,,,,,,,,,,,,,,,,,,,,,,,,,,,,,,,,,,,,,,,,,,,,,,,,,,,,,,,,,,,
,,,,,,,,,,,,,,,,,,,,,,,,,,,,,,,,,,,,,,,,,,,,,,,,,,,,,,,,,,,,,,,,,,,,,,,,,,,,,,,,,,,,,,,,,,,,,,,,,,,,,
nlc, Station, Date, Note,0200-0215, 0215-0230, 0230-0245, 0245-0300, 0300-0315, 0315-0330, 0330-0345, 0345-0400, 0400-0415, 0415-0430, 0430-0445, 0445-0500, 0500-0515, 0515-0530, 0530-0545, 0545-0600, 0600-0615, 0615-0630, 0630-0645, 0645-0700, 0700-0715, 0715-0730, 0730-0745, 0745-0800, 0800-0815, 0815-0830, 0830-0845, 0845-0900, 0900-0915, 0915-0930, 0930-0945, 0945-1000, 1000-1015, 1015-1030, 1030-1045, 1045-1100, 1100-1115, 1115-1130, 1130-1145, 1145-1200, 1200-1215, 1215-1230, 1230-1245, 1245-1300, 1300-1315, 1315-1330, 1330-1345, 1345-1400, 1400-1415, 1415-1430, 1430-1445, 1445-1500, 1500-1515, 1515-1530, 1530-1545, 1545-1600, 1600-1615, 1615-1630, 1630-1645, 1645-1700, 1700-1715, 1715-1730, 1730-1745, 1745-1800, 1800-1815, 1815-1830, 1830-1845, 1845-1900, 1900-1915, 1915-1930, 1930-1945, 1945-2000, 2000-2015, 2015-2030, 2030-2045, 2045-2100, 2100-2115, 2115-2130, 2130-2145, 2145-2200, 2200-2215, 2215-2230, 2230-2245, 2245-2300, 2300-2315, 2315-2330, 2330-2345, 2345-2400, 0000-0015, 0015-0030, 0030-0045, 0045-0100, 0100-0115, 0115-0130, 0130-0145, 0145-0200, , Total
,,,,,,,,,,,,,,,,,,,,,,,,,,,,,,,,,,,,,,,,,,,,,,,,,,,,,,,,,,,,,,,,,,,,,,,,,,,,,,,,,,,,,,,,,,,,,,,,,,,,,
500,Acton Town,Nov-16,,0,0,0,0,0,0,0,0,0,0,0,0,0,0,0,5,12,21,28,36,50,54,51,48,54,58,63,68,86,96,98,94,101,103,104,108,120,123,114,106,113,121,123,119,115,115,110,104,99,102,96,88,83,84,86,85,83,77,74,74,77,77,71,73,71,70,62,61,59,53,46,45,45,39,32,31,34,34,28,24,25,24,24,23,23,20,16,9,4,2,1,0,0,0,0,0,,4955
502,Aldgate,Nov-16,,0,0,0,0,0,0,0,0,0,0,0,0,0,0,0,0,0,0,4,11,16,17,19,18,18,18,22,30,42,49,53,59,73,79,87,82,84,75,81,80,82,77,77,71,64,64,63,60,61,61,60,59,64,61,60,60,59,58,56,55,54,53,50,48,43,40,38,39,35,33,30,28,22,20,27,31,29,22,18,17,16,15,12,12,12,10,6,4,3,2,0,0,0,0,0,0,,3058
503,Aldgate East,Nov-16,,0,0,0,0,0,0,0,0,0,0,0,0,0,0,0,0,6,19,32,40,44,46,44,44,52,71,80,99,131,174,199,209,229,253,268,256,255,266,269,262,257,261,264,268,281,295,303,301,301,310,311,318,318,321,313,308,311,313,299,290,297,294,268,252,241,230,215,202,179,152,130,122,123,115,111,114,121,113,105,93,90,83,73,62,60,52,43,29,18,9,0,0,0,0,0,0,,13287
505,Alperton,Nov-16,,0,0,0,0,0,0,0,0,0,0,0,0,0,0,0,0,0,3,13,28,33,35,36,36,31,29,32,35,38,35,35,38,43,40,39,39,42,41,39,39,42,44,44,43,49,50,49,43,47,46,42,40,43,42,38,38,42,46,45,45,46,48,47,44,39,42,41,40,29,28,25,24,19,18,18,18,17,15,15,14,13,10,10,8,8,7,6,4,2,0,0,0,0,0,0,0,,2312
506,Amersham,Nov-16,,0,0,0,0,0,0,0,0,0,0,0,0,0,0,0,0,0,0,8,11,9,8,10,10,8,14,14,20,19,22,22,33,33,38,31,33,30,39,32,30,23,33,27,26,21,29,22,20,15,19,16,21,19,21,17,24,26,30,23,26,23,25,20,25,21,20,15,18,15,17,12,13,8,10,7,9,6,8,6,8,4,3,1,2,2,2,1,1,1,0,0,0,0,0,0,0,,1235
507,Angel,Nov-16,,0,0,0,0,0,0,0,0,0,0,0,0,0,0,0,0,0,0,0,0,24,56,79,70,66,66,72,82,101,126,144,158,180,191,201,200,217,229,247,260,279,291,292,281,281,299,314,302,293,311,326,328,330,344,341,336,351,399,429,455,443,411,354,331,309,294,272,256,233,216,202,201,199,191,172,163,166,165,166,176,197,201,201,199,188,144,79,32,15,13,7,2,0,0,0,0,,15549
508,Archway,Nov-16,,0,0,0,0,0,0,0,0,0,0,0,0,2,2,2,2,4,4,1,17,40,56,53,59,70,80,84,86,107,127,139,138,156,171,174,165,180,200,209,198,193,191,191,190,196,198,193,184,187,184,170,151,150,150,145,134,140,144,142,137,140,140,131,125,120,119,111,104,94,86,75,76,76,70,59,53,50,46,41,41,41,40,35,34,31,21,10,5,4,2,1,0,1,0,0,1,,7879
509,Arnos Grove,Nov-15,,0,0,0,0,0,0,0,0,0,0,0,0,0,0,0,0,0,0,10,29,43,39,40,40,43,44,50,55,69,78,81,83,87,90,99,109,115,111,109,111,113,114,111,114,114,114,106,99,92,93,97,109,110,97,74,63,60,65,67,63,56,57,60,60,59,54,49,43,44,42,35,29,28,29,26,23,21,21,20,21,19,19,17,15,9,3,1,1,1,1,1,0,0,0,0,0,,4274
510,Arsenal,Nov-16,,0,0,0,0,0,0,0,0,0,0,0,0,0,0,0,0,0,0,0,4,11,17,16,18,19,22,22,26,30,38,45,49,56,65,69,68,74,81,86,85,86,92,91,87,84,93,91,84,74,72,65,61,59,63,62,63,61,55,49,44,43,40,41,40,41,40,37,35,30,26,22,20,17,14,12,10,10,10,9,8,7,7,6,7,7,6,3,2,1,1,1,0,0,0,0,0,,2890
511,Baker Street,Nov-16,,0,0,0,0,0,0,0,0,0,0,0,0,8,8,8,9,11,19,35,47,52,51,52,53,60,73,84,96,116,142,168,195,234,263,294,323,359,371,393,409,435,452,474,483,490,496,491,487,501,512,517,518,530,535,548,564,594,613,611,614,639,629,577,546,546,520,490,453,421,357,314,276,267,244,226,207,209,193,170,159,168,168,155,147,138,118,95,68,39,11,2,0,0,0,0,0,,22950
512,Balham,Nov-16,,0,0,0,0,0,0,0,0,0,0,0,0,1,1,1,0,2,1,4,19,49,60,57,58,74,79,92,105,135,150,168,165,196,215,245,239,265,272,307,301,315,306,314,300,307,300,288,255,251,240,235,203,202,196,197,181,183,181,188,189,196,185,183,169,173,168,167,150,142,123,113,101,96,77,72,67,72,66,62,56,62,61,55,44,35,23,13,6,4,0,0,0,0,0,0,0,,10833
513,Bank & Monument,Nov-16,,0,0,0,0,0,0,0,0,0,0,0,0,20,16,14,17,21,31,39,70,75,75,61,52,47,51,58,65,77,93,107,127,149,179,192,213,236,266,288,324,336,350,361,396,399,392,358,344,329,375,417,441,401,380,359,423,467,464,412,418,413,408,375,376,375,363,327,300,273,262,256,234,189,186,179,172,141,134,112,111,105,111,99,95,89,82,53,26,8,7,2,3,0,0,0,0,,16651
501,Barbican,Nov-16,,0,0,0,0,0,0,0,0,0,0,0,0,0,0,0,0,0,0,6,15,21,19,14,16,20,25,26,29,35,45,50,55,62,72,73,75,78,85,84,81,78,87,90,92,84,83,78,81,81,80,76,82,90,96,95,96,95,106,111,113,108,110,107,103,99,90,80,74,71,62,55,60,62,60,60,61,63,80,95,90,71,58,45,37,29,21,14,8,5,4,0,0,0,0,0,0,,4662
514,Barking,Nov-16,,0,0,0,0,0,0,0,0,0,0,0,0,0,7,21,33,85,125,195,195,230,192,219,192,219,190,206,202,226,225,231,235,250,252,244,242,251,258,250,240,241,251,254,252,256,260,263,259,251,245,249,251,245,234,225,214,209,203,201,199,198,189,183,189,189,180,165,161,153,141,125,119,112,106,98,93,91,84,78,72,66,56,51,45,37,25,15,8,4,3,1,0,0,0,0,0,,13014
515,Barkingside,Nov-16,,0,0,0,0,0,0,0,0,0,0,0,0,2,2,2,4,6,8,9,14,14,13,9,12,12,13,12,13,15,16,16,17,20,22,24,23,24,25,25,23,22,21,21,24,24,21,19,20,21,20,18,16,13,12,13,15,16,16,14,14,15,14,12,11,11,9,8,7,7,7,6,5,5,5,5,4,5,5,5,4,4,4,3,2,1,0,1,0,0,1,0,0,0,0,0,0,,921
516,Barons Court,Nov-16,,0,0,0,0,0,0,0,0,0,0,0,0,0,0,0,0,3,7,11,15,20,25,24,27,33,40,44,53,64,81,89,94,102,121,127,124,124,133,132,130,137,147,148,137,129,124,122,119,117,115,108,102,99,100,96,94,96,99,91,91,99,101,89,85,86,83,75,67,59,51,43,38,36,34,28,27,27,24,19,20,22,20,17,14,10,8,5,3,1,0,1,0,0,0,0,0,,5086
517,Bayswater,Nov-16,,0,0,0,0,0,0,0,0,0,0,0,0,0,0,0,0,0,0,2,13,22,25,26,32,40,48,63,89,125,159,185,200,205,207,200,193,173,149,122,112,105,103,103,102,99,100,97,98,102,106,104,105,106,106,107,108,105,104,101,102,95,90,81,82,84,85,82,80,79,74,69,64,63,65,60,52,50,52,50,44,41,41,36,28,22,22,21,16,10,4,2,0,0,0,0,0,,6097
518,Becontree,Nov-16,,0,0,0,0,0,0,0,0,0,0,0,0,0,0,6,13,21,29,33,39,38,38,33,35,32,32,34,39,45,50,48,48,53,58,58,58,60,61,57,56,56,57,54,56,58,57,53,53,56,53,49,45,41,37,36,35,34,36,35,36,37,37,35,36,38,37,33,29,31,28,24,20,20,17,14,14,13,11,8,8,9,8,6,6,5,3,1,0,1,0,0,0,0,0,0,0,,2540
519,Belsize Park,Nov-16,,0,0,0,0,0,0,0,0,0,0,0,0,1,0,0,0,1,1,1,6,11,15,16,25,39,52,56,55,59,63,69,73,83,88,94,92,97,99,99,94,99,106,107,100,103,108,110,104,101,99,99,100,101,99,97,105,110,106,92,93,101,102,93,92,94,91,80,74,67,61,53,53,59,63,57,45,36,31,27,27,28,27,26,29,28,20,9,6,5,4,0,0,0,0,0,0,,4816
787,Bermondsey,Nov-16,,0,0,0,0,0,0,0,0,0,0,0,0,4,5,8,11,14,17,19,23,42,64,70,63,64,75,82,90,108,129,140,141,151,171,182,176,184,206,216,203,203,218,223,216,215,224,214,202,194,200,198,194,187,188,181,171,176,183,180,166,163,163,168,168,168,166,158,140,129,124,114,99,86,81,71,71,67,64,51,52,53,49,41,41,46,42,29,14,7,0,0,0,0,0,0,0,,9216
520,Bethnal Green,Nov-16,,0,0,0,0,0,0,0,0,0,0,0,0,24,26,29,33,41,47,49,53,78,104,105,93,106,130,143,153,190,231,247,244,268,310,313,303,320,355,348,336,337,356,361,362,363,376,371,363,358,356,336,316,319,326,321,304,304,298,283,274,283,288,269,250,238,239,219,205,196,190,172,181,185,165,130,120,115,110,104,101,120,132,117,86,86,83,62,27,8,2,2,1,0,0,0,0,,15849
521,Blackfriars,Nov-16,,0,0,0,0,0,0,0,0,0,0,0,0,0,0,0,0,0,0,7,18,23,30,38,38,28,33,44,56,64,89,92,104,93,129,128,146,131,154,151,159,146,168,176,187,167,179,169,174,162,179,178,192,184,193,182,193,190,200,183,193,189,200,188,205,209,200,157,148,142,135,104,92,78,78,68,66,62,68,66,61,51,45,42,45,42,37,24,20,9,4,0,0,0,0,0,0,,8185
522,Blackhorse Road,Nov-16,,0,0,0,0,0,0,0,0,0,0,0,0,16,21,25,31,42,49,60,86,113,112,96,93,109,114,111,115,145,158,156,151,171,184,182,179,193,194,168,152,160,168,162,159,162,166,153,143,140,143,126,114,115,116,105,96,101,101,92,85,92,101,98,94,89,88,83,81,76,65,59,56,55,50,45,40,35,33,30,33,30,26,24,23,20,14,9,5,3,2,0,0,0,0,0,0,,7292
524,Bond Street,Nov-16,,0,0,0,0,0,0,0,0,0,0,0,0,15,13,11,16,19,22,22,28,32,35,34,34,36,38,38,42,62,83,88,91,106,128,143,158,172,183,199,231,271,325,377,439,489,529,562,601,646,697,736,754,781,839,887,915,981,1034,1039,1032,1076,1101,1060,1225,1473,1530,1222,899,665,537,455,418,364,311,261,240,218,230,231,221,197,185,167,169,183,172,136,75,25,0,0,0,0,0,0,0,,31059
525,Borough,Nov-16,,0,0,0,0,0,0,0,0,0,0,0,0,0,0,0,0,0,0,1,1,8,14,16,15,21,28,30,32,36,49,58,64,68,77,81,79,80,80,81,83,84,86,85,84,80,78,79,79,79,79,79,75,71,73,75,77,75,79,81,79,75,76,78,79,83,81,69,62,59,56,50,47,43,38,33,33,34,32,30,28,29,27,24,25,26,21,11,5,0,0,0,0,0,0,0,0,,3833
526,Boston Manor,Nov-16,,0,0,0,0,0,0,0,0,0,0,0,0,0,0,4,9,13,11,11,11,16,17,16,13,19,22,23,25,30,29,30,34,39,39,39,40,42,41,40,44,44,47,49,49,47,43,38,36,40,39,35,29,26,28,30,28,28,29,30,29,28,27,28,28,25,21,20,20,18,18,16,15,13,12,12,9,8,7,6,6,6,7,6,5,5,4,2,1,1,0,0,0,0,0,0,0,,1755
527,Bounds Green,Nov-16,,0,0,0,0,0,0,0,0,0,0,0,0,0,0,0,0,0,0,0,55,66,70,63,69,77,77,71,78,95,104,104,115,132,141,140,144,158,166,156,142,140,149,145,142,143,150,142,127,118,115,106,98,97,98,90,82,84,91,89,82,76,82,78,74,72,75,65,56,54,50,46,42,40,36,32,29,28,25,24,24,23,21,18,16,13,8,5,4,3,1,1,1,0,0,0,0,,5633
528,Bow Road,Nov-16,,0,0,0,0,0,0,0,0,0,0,0,0,0,0,0,1,5,12,16,24,35,40,36,32,39,46,47,52,61,69,74,85,93,98,99,97,103,112,112,103,105,109,109,104,106,107,102,92,92,92,91,83,82,81,84,78,76,74,71,67,69,73,71,69,77,81,73,61,58,55,49,43,40,38,34,31,27,24,21,20,20,19,18,17,14,10,8,7,5,3,1,0,0,0,0,0,,4432
529,Brent Cross,Nov-16,,0,0,0,0,0,0,0,0,0,0,0,0,1,0,0,1,3,3,6,11,15,14,13,15,19,23,26,33,38,39,35,34,38,43,43,44,49,51,48,45,47,47,45,43,47,52,52,53,55,55,51,49,48,48,43,41,41,44,43,40,39,40,42,39,44,47,44,33,32,30,24,18,18,16,13,11,11,10,10,10,10,8,6,5,5,4,2,1,2,0,0,0,0,0,0,0,,2208
778,Brixton,Nov-16,,0,0,0,0,0,0,0,0,0,0,0,0,84,89,90,100,119,146,163,188,230,269,261,242,279,329,327,321,392,472,459,445,486,573,579,567,577,648,659,624,602,639,636,639,652,670,641,614,605,602,579,538,520,532,506,461,444,465,456,448,448,464,452,438,415,426,404,373,323,314,315,305,265,238,216,200,194,206,191,177,192,306,381,481,464,365,156,55,13,5,5,4,0,0,0,0,,29758
530,Bromley-by-Bow,Nov-15,,0,0,0,0,0,0,0,0,0,0,0,0,0,0,0,6,10,18,24,26,26,27,24,19,21,25,27,29,35,40,41,43,50,54,51,53,65,70,64,56,54,56,55,54,52,57,57,57,57,59,51,47,50,52,48,43,41,39,39,41,44,42,37,37,36,35,31,31,30,32,28,23,17,16,14,14,15,14,12,12,13,13,10,9,9,9,7,3,1,0,0,0,0,0,0,0,,2507
531,Buckhurst Hill,Nov-16,,0,0,0,0,0,0,0,0,0,0,0,0,0,1,2,2,3,4,6,8,8,7,5,9,12,14,13,15,16,19,23,26,26,27,28,32,33,36,36,37,37,37,37,36,36,34,33,30,30,29,29,26,22,20,18,18,20,21,19,17,17,18,17,15,13,13,13,11,8,7,6,7,9,10,8,8,8,7,5,5,5,5,5,5,2,1,1,0,0,0,0,0,0,0,0,0,,1226
532,Burnt Oak,Nov-16,,0,0,0,0,0,0,0,0,0,0,0,0,0,1,2,2,2,0,23,50,68,55,51,46,45,44,45,49,54,60,61,60,63,66,68,65,71,74,72,66,64,93,118,115,80,71,71,71,67,63,58,52,52,49,46,42,45,45,46,45,46,47,45,45,43,42,39,37,33,29,26,22,21,22,20,19,18,16,15,14,11,9,9,8,5,4,2,2,1,0,0,0,0,0,0,0,,3206
534,Caledonian Road,Nov-16,,0,0,0,0,0,0,0,0,0,0,0,0,0,0,0,0,0,0,0,7,21,33,31,30,35,43,45,50,61,74,79,83,87,97,102,105,106,114,115,113,117,124,117,106,102,104,100,101,121,128,118,95,92,89,86,83,89,102,108,102,89,84,82,80,76,76,70,66,61,57,51,47,45,40,36,32,32,30,29,27,24,22,22,22,21,16,10,6,5,2,1,0,0,0,0,0,,4776
535,Camden Town,Nov-16,,0,0,0,0,0,0,0,0,0,0,0,0,4,3,3,4,5,5,3,11,35,52,48,41,46,55,59,64,76,91,100,107,122,150,177,211,248,303,357,415,470,541,621,481,202,0,0,1,1,0,0,0,0,1,0,2,26,60,148,259,347,573,787,886,789,737,652,596,554,509,424,365,315,310,283,273,247,241,224,220,216,245,307,350,339,235,112,16,2,0,0,0,0,0,0,0,,16762
788,Canada Water,Nov-16,,0,0,0,0,0,0,0,0,0,0,0,0,8,13,15,18,23,33,39,50,78,98,97,84,105,124,138,135,169,196,216,224,246,276,285,290,294,328,351,354,351,364,380,368,358,362,359,345,339,339,316,295,287,288,285,271,257,256,264,282,285,271,234,208,197,196,190,180,172,156,132,118,115,103,95,87,83,73,69,67,64,62,55,49,45,45,35,21,8,3,0,0,0,0,0,0,,14071
852,Canary Wharf,Nov-16,,0,0,0,0,0,0,0,0,0,0,0,0,9,10,12,20,27,29,26,45,98,124,122,103,128,142,165,168,216,248,291,300,362,401,450,466,498,505,498,482,500,543,564,554,555,569,565,551,555,561,562,543,546,543,542,536,551,565,564,554,561,557,542,566,599,563,457,402,381,356,303,263,243,233,214,194,179,171,163,160,164,173,166,143,120,105,82,53,23,7,0,0,0,0,0,0,,25111
884,Canning Town,Nov-16,,0,0,0,0,0,0,0,0,0,0,0,0,30,34,43,53,64,74,90,119,166,183,157,127,142,167,160,149,175,207,205,182,197,220,219,214,225,239,229,218,217,223,216,214,220,221,217,216,223,209,197,179,181,177,177,167,165,161,155,145,147,149,143,137,141,141,133,131,130,117,101,89,88,82,79,73,71,65,58,56,55,49,39,34,32,28,20,13,6,3,0,0,0,0,0,0,,10578
536,Cannon Street,Nov-16,,0,0,0,0,0,0,0,0,0,0,0,0,0,0,0,0,0,0,0,1,10,14,19,15,21,20,22,18,25,28,31,30,36,41,44,43,50,57,60,53,58,57,59,52,58,56,55,46,53,53,55,45,47,46,50,46,49,46,44,39,44,46,46,42,43,40,39,32,31,27,24,20,21,22,18,14,13,13,14,12,11,10,10,8,7,4,4,3,0,0,0,0,0,0,0,0,,2270
537,Canons Park,Nov-16,,0,0,0,0,0,0,0,0,0,0,0,0,2,2,3,5,5,5,13,18,22,20,20,16,20,23,25,26,31,36,37,36,37,44,48,49,49,54,55,56,51,52,53,56,51,47,43,43,44,42,37,33,33,30,28,27,29,29,29,27,27,28,30,30,29,26,23,20,17,16,14,14,16,16,15,12,11,10,10,10,10,8,6,5,7,7,4,1,1,1,0,0,0,0,0,0,,1965
539,Chalfont & Latimer,Nov-15,,0,0,0,0,0,0,0,0,0,0,0,0,0,0,0,0,0,0,0,4,2,2,4,5,4,5,7,8,8,11,15,15,14,13,15,17,16,16,16,20,16,13,14,15,14,11,13,14,12,18,20,22,15,16,10,10,9,10,8,9,8,9,10,10,9,9,9,4,4,5,9,9,6,4,4,4,3,2,2,1,2,3,1,1,1,1,1,0,0,0,0,0,0,0,0,0,,617
540,Chalk Farm,Nov-16,,0,0,0,0,0,0,0,0,0,0,0,0,0,1,1,1,1,1,1,5,11,19,19,22,28,33,33,34,44,56,63,64,69,80,85,89,93,100,106,110,118,124,137,144,163,185,200,202,207,217,224,229,231,238,239,244,243,243,231,225,220,205,169,144,140,135,117,108,101,90,73,63,58,56,51,50,45,44,39,43,45,78,104,101,64,36,18,4,3,1,0,0,0,0,0,0,,7618
541,Chancery Lane,Nov-16,,0,0,0,0,0,0,0,0,0,0,0,0,5,6,6,7,8,9,9,14,16,16,13,13,13,17,17,19,20,27,31,35,39,47,52,56,62,69,69,71,83,97,102,100,95,93,94,97,97,96,97,97,99,103,103,109,110,110,102,111,119,116,103,100,102,96,86,83,80,70,60,58,60,58,52,43,37,37,39,44,45,39,31,32,36,33,18,6,0,0,0,0,0,0,0,0,,4444
718,Charing Cross,Nov-16,,0,0,0,0,0,0,0,0,0,0,0,0,0,0,0,0,0,3,7,13,15,14,15,15,15,15,18,21,24,29,34,42,53,67,74,79,88,105,114,119,130,149,167,171,171,165,174,182,187,187,194,209,217,235,259,282,290,287,273,259,256,254,250,273,281,249,208,203,196,171,149,142,138,129,118,118,123,114,99,90,101,104,97,78,64,54,31,10,0,0,0,0,0,0,0,0,,9267
543,Chesham,Nov-16,,0,0,0,0,0,0,0,0,0,0,0,0,0,0,0,0,0,0,0,0,0,0,8,8,8,5,10,9,12,9,13,11,16,13,15,9,16,14,18,12,16,12,13,9,11,9,10,8,9,7,9,9,10,8,9,8,12,10,12,10,14,9,9,7,9,6,7,4,6,4,6,3,5,3,4,2,5,4,3,1,2,2,0,0,0,1,0,0,0,0,0,0,0,0,0,0,,523
544,Chigwell,Nov-16,,0,0,0,0,0,0,0,0,0,0,0,0,0,0,0,0,0,0,0,0,0,1,1,2,2,2,1,2,2,3,3,3,2,2,3,4,5,6,5,5,6,6,5,6,5,4,3,4,4,5,4,3,3,5,5,4,3,2,3,3,3,2,3,3,2,2,1,2,2,2,1,1,1,1,1,1,1,1,1,1,1,1,1,1,1,0,0,0,0,0,0,0,0,0,0,0,,174
545,Chiswick Park,Nov-16,,0,0,0,0,0,0,0,0,0,0,0,0,0,0,0,0,0,3,4,6,8,9,8,8,8,10,11,14,16,20,22,21,22,27,30,29,32,36,37,33,31,33,34,34,34,33,30,32,32,31,30,30,28,25,25,26,30,29,26,27,32,33,27,22,20,21,18,17,14,12,10,10,9,9,9,8,8,9,7,6,7,7,5,5,4,3,1,1,1,1,0,0,0,0,0,0,,1350
546,Chorleywood,Nov-15,,0,0,0,0,0,0,0,0,0,0,0,0,0,0,0,0,0,0,0,2,2,2,3,5,6,6,6,6,6,8,10,11,12,11,13,14,12,11,13,14,11,11,13,14,12,10,10,10,10,9,11,11,11,10,9,9,10,9,8,8,9,10,10,9,7,5,5,5,4,4,4,4,4,3,3,3,3,3,3,3,2,2,1,1,0,0,1,0,0,0,0,0,0,0,0,0,,487
547,Clapham Common,Nov-16,,0,0,0,0,0,0,0,0,0,0,0,0,3,3,2,2,3,4,2,12,26,40,37,37,43,57,67,73,80,94,97,104,116,140,149,156,170,189,201,208,221,235,243,239,233,230,217,208,209,212,192,175,164,167,162,166,167,170,160,163,169,167,158,154,156,154,143,130,118,119,111,107,100,90,76,69,71,68,65,68,73,73,68,65,57,40,22,9,5,0,0,0,0,0,0,0,,8753
548,Clapham North,Nov-16,,0,0,0,0,0,0,0,0,0,0,0,0,2,2,1,2,2,2,2,10,21,29,32,34,40,45,52,55,67,80,88,92,97,117,127,131,132,146,157,156,155,158,162,162,160,155,144,138,136,134,125,120,115,110,103,96,97,101,96,92,97,101,97,96,100,97,92,89,88,78,64,57,56,56,47,45,47,49,41,43,47,45,36,31,30,22,13,5,4,2,0,0,0,0,0,0,,5955
549,Clapham South,Nov-16,,0,0,0,0,0,0,0,0,0,0,0,0,1,1,1,1,2,1,2,13,27,36,35,40,51,58,60,68,90,106,118,119,134,149,161,163,177,189,189,185,191,197,193,187,187,186,173,163,162,161,152,137,130,125,119,115,118,118,110,105,104,105,104,110,112,109,101,93,83,73,64,57,57,55,47,42,42,40,36,35,37,36,32,33,33,24,10,4,3,1,0,0,0,0,0,0,,6888
550,Cockfosters,Nov-16,,0,0,0,0,0,0,0,0,0,0,0,0,0,0,0,0,0,0,9,13,15,12,11,15,20,22,23,33,38,44,44,55,62,73,72,77,75,73,66,64,61,59,59,58,57,58,55,51,47,44,37,36,34,36,34,37,36,40,36,43,44,47,39,35,28,27,24,23,19,18,15,15,14,14,11,11,9,10,8,11,11,11,9,7,2,0,1,1,1,1,0,0,0,0,0,0,,2300
551,Colindale,Nov-16,,0,0,0,0,0,0,0,0,0,0,0,0,0,0,2,2,2,0,16,37,53,50,49,47,49,54,58,67,75,83,89,96,104,111,111,110,108,117,118,120,119,123,117,116,118,118,110,106,102,96,91,91,94,91,84,81,85,83,79,74,73,69,64,63,64,62,56,53,51,45,37,32,30,29,28,27,25,24,22,19,16,16,15,15,13,9,4,3,2,1,0,0,0,0,0,0,,4673
552,Colliers Wood,Nov-16,,0,0,0,0,0,0,0,0,0,0,0,0,2,1,2,3,4,1,12,42,64,60,45,47,57,68,69,82,97,105,102,104,123,137,139,129,135,144,148,142,144,149,144,134,137,147,143,131,127,124,116,112,114,111,103,99,97,95,91,93,94,95,89,85,77,69,65,63,61,51,46,41,40,35,30,28,31,31,25,24,26,25,20,18,14,8,4,3,1,1,0,0,0,0,0,0,,5675
553,Covent Garden,Nov-16,,0,0,0,0,0,0,0,0,0,0,0,0,0,0,0,0,0,2,3,8,11,11,10,11,11,12,15,20,27,32,39,52,66,81,91,111,129,150,162,174,194,213,231,254,283,301,315,351,391,423,425,438,469,492,495,522,576,577,535,545,608,636,613,615,582,514,427,398,373,361,329,302,280,268,252,279,301,294,247,253,279,266,245,220,191,119,64,26,16,9,2,0,0,0,0,0,,18627
554,Croxley,Nov-16,,0,0,0,0,0,0,0,0,0,0,0,0,0,0,0,0,0,0,0,4,4,4,3,4,5,6,7,7,8,8,10,12,14,13,14,17,20,17,15,14,14,13,13,12,11,10,10,9,9,8,8,7,8,7,7,6,8,7,6,6,7,7,7,7,6,4,4,4,4,4,2,2,3,3,2,2,2,2,1,1,1,2,2,0,0,1,1,1,0,0,0,0,0,0,0,0,,467
555,Dagenham East,Nov-16,,0,0,0,0,0,0,0,0,0,0,0,0,0,4,7,11,13,21,25,27,27,24,24,22,27,29,34,31,31,32,38,39,42,41,41,39,40,42,42,43,46,48,47,44,40,39,40,41,42,41,37,33,34,32,28,27,28,31,28,27,25,27,28,29,30,28,24,22,22,22,20,18,17,19,21,20,15,13,10,8,9,12,15,16,14,10,6,4,2,0,0,0,0,0,0,0,,2035
556,Dagenham Heathway,Nov-16,,0,0,0,0,0,0,0,0,0,0,0,0,0,6,13,22,34,54,67,66,64,58,57,53,53,53,55,59,68,76,77,80,90,92,87,87,92,86,83,83,87,89,91,88,88,94,94,86,75,76,77,71,62,58,60,59,60,56,54,56,58,64,60,60,58,61,56,55,48,44,39,39,35,34,32,29,27,27,24,19,18,22,19,15,8,6,2,2,1,0,0,0,0,0,0,0,,4158
557,Debden,Nov-15,,0,0,0,0,0,0,0,0,0,0,0,0,0,0,0,0,0,3,9,12,10,8,10,12,14,13,13,15,17,17,16,19,22,25,24,27,27,29,30,30,28,27,28,28,28,26,23,22,21,21,20,18,17,18,19,20,18,18,17,19,16,16,15,16,16,16,14,13,12,10,8,8,8,7,7,6,6,6,6,6,5,4,4,5,3,2,1,0,1,1,1,0,0,0,0,0,,1077
558,Dollis Hill,Nov-16,,0,0,0,0,0,0,0,0,0,0,0,0,3,3,5,6,8,9,14,24,34,35,32,34,43,46,48,52,61,67,65,65,72,81,79,88,122,135,112,83,86,88,89,93,96,96,86,80,76,76,70,65,64,66,61,57,56,56,53,49,48,48,48,50,52,47,47,66,84,75,56,40,33,25,25,24,24,22,17,15,16,15,12,11,11,9,8,6,4,2,0,0,0,0,0,0,,3829
560,Ealing Broadway,Nov-16,,0,0,0,0,0,0,0,0,0,0,0,0,17,19,31,43,60,61,64,81,112,119,110,116,142,149,147,160,193,218,225,225,247,270,272,273,305,326,332,337,356,359,366,365,370,355,341,328,330,324,306,286,277,271,269,263,259,256,242,252,279,285,246,215,217,210,193,169,156,142,128,120,121,115,98,83,81,85,83,76,73,68,56,44,36,26,15,9,6,4,2,1,1,1,0,0,,14273
561,Ealing Common,Nov-16,,0,0,0,0,0,0,0,0,0,0,0,0,0,0,0,0,8,9,10,15,19,22,20,20,22,28,28,32,37,43,42,49,57,60,58,60,61,62,61,61,60,58,56,57,58,57,56,54,51,49,43,41,40,40,38,40,43,43,41,43,48,49,43,39,36,35,31,33,30,27,21,19,19,19,16,14,15,16,16,14,12,11,11,11,9,6,4,4,2,0,0,0,0,0,0,0,,2462
562,Earl's Court,Nov-16,,0,0,0,0,0,0,0,0,0,0,0,0,0,0,0,0,14,36,57,69,94,106,107,110,141,183,229,293,373,453,509,566,603,631,595,552,520,505,456,424,401,387,359,343,338,342,337,329,341,351,357,362,369,371,361,358,359,359,340,335,341,348,327,332,374,388,344,285,265,243,227,212,199,183,165,151,138,126,117,117,115,113,120,130,122,105,76,48,22,11,4,2,1,0,0,0,,20476
563,East Acton,Nov-15,,0,0,0,0,0,0,0,0,0,0,0,0,0,0,0,0,0,0,11,23,32,29,27,30,38,43,44,48,58,62,60,60,67,77,78,75,78,84,80,74,79,81,80,78,77,78,81,79,74,72,68,66,69,72,67,61,65,68,61,54,52,55,50,47,46,46,42,38,38,36,31,28,28,27,23,19,19,16,15,14,15,12,10,10,10,8,6,3,1,0,0,0,0,0,0,0,,3353
565,East Finchley,Nov-15,,0,0,0,0,0,0,0,0,0,0,0,0,0,0,0,0,0,0,2,19,38,44,37,40,51,60,59,65,85,94,93,93,109,123,125,125,132,145,139,138,142,149,141,133,136,139,130,116,116,116,107,100,100,99,90,82,84,86,85,82,84,80,71,67,69,74,68,60,54,52,45,41,38,35,31,30,28,26,25,22,20,20,20,18,15,10,5,2,2,0,0,0,0,0,0,0,,5161
566,East Ham,Nov-16,,0,0,0,0,0,0,0,0,0,0,0,0,0,0,21,47,80,104,148,191,217,221,205,190,190,197,191,190,204,214,206,216,224,228,215,219,229,237,226,217,225,238,234,232,242,250,253,263,272,257,236,224,233,236,225,212,215,209,195,189,196,192,180,181,186,174,149,132,121,115,105,102,98,100,90,82,75,69,63,58,57,47,37,30,26,19,10,4,2,2,0,0,0,0,0,0,,12169
567,East Putney,Nov-16,,0,0,0,0,0,0,0,0,0,0,0,0,0,0,0,0,0,0,6,12,22,27,27,30,39,44,45,53,67,77,82,95,111,119,118,122,130,132,131,136,143,146,144,143,138,133,125,120,116,111,102,96,97,95,87,77,76,79,82,82,81,82,78,73,70,68,60,54,50,47,38,30,29,26,23,21,22,21,19,17,15,14,12,12,12,9,5,3,2,1,0,0,0,0,0,0,,4811
564,Eastcote,Nov-16,,0,0,0,0,0,0,0,0,0,0,0,0,0,0,0,0,0,4,10,13,12,13,12,13,15,15,16,18,22,24,29,34,38,41,43,45,48,48,47,48,48,49,49,50,47,44,41,40,38,35,30,30,30,27,23,25,25,25,23,23,23,25,24,21,20,21,18,16,15,15,10,9,11,10,7,6,8,8,6,6,6,7,6,5,6,5,3,2,2,2,0,0,0,0,0,0,,1633
568,Edgware,Nov-16,,0,0,0,0,0,0,0,0,0,0,0,0,1,1,1,1,0,2,15,31,41,39,34,33,39,43,46,52,58,62,65,75,79,85,84,86,92,97,95,92,99,105,107,107,104,101,98,99,93,86,79,75,73,71,67,64,64,64,61,66,70,67,61,59,58,52,49,47,48,44,38,33,30,30,28,26,22,21,20,18,17,16,15,12,9,6,5,3,2,0,0,0,0,0,0,0,,3938
774,Edgware Road (Bak),Nov-16,,0,0,0,0,0,0,0,0,0,0,0,0,0,0,0,0,0,0,0,0,11,14,17,16,18,18,21,26,32,37,47,56,60,65,64,68,74,84,77,68,65,73,74,68,60,61,65,64,62,62,60,58,63,67,66,64,62,64,64,64,63,69,73,75,69,68,70,71,64,61,57,50,45,45,42,37,37,35,34,32,35,35,32,30,29,26,15,6,0,0,0,0,0,0,0,0,,3464
569,Edgware Road (Cir),Nov-16,,0,0,0,0,0,0,0,0,0,0,0,0,0,0,0,0,0,2,6,13,20,22,18,20,26,29,32,41,52,62,68,76,85,98,104,106,99,100,99,94,90,90,89,84,88,87,88,84,91,96,95,87,89,91,89,87,91,91,88,84,95,107,108,97,93,92,92,89,83,74,69,66,63,59,56,51,46,43,41,39,39,39,35,34,35,31,26,19,11,3,1,0,0,0,0,0,,4787
570,Elephant & Castle,Nov-16,,0,0,0,0,0,0,0,0,0,0,0,0,0,0,0,0,0,0,18,82,150,191,162,145,130,169,181,210,223,277,275,318,332,382,346,357,336,386,360,370,338,391,375,399,376,414,389,396,374,401,384,379,356,379,365,362,343,362,345,348,338,353,332,336,335,348,313,292,261,252,227,230,225,216,180,157,164,176,169,151,142,123,100,101,103,86,46,18,5,0,0,0,0,0,0,0,,18655
571,Elm Park,Nov-16,,0,0,0,0,0,0,0,0,0,0,0,0,0,4,7,11,13,19,17,21,22,21,16,17,20,20,24,29,32,35,38,42,42,42,43,44,43,38,39,44,46,43,43,41,37,31,33,35,33,29,27,26,23,24,21,20,23,27,26,27,26,26,25,25,22,20,18,19,20,18,15,12,11,11,10,8,9,9,8,6,6,6,6,6,4,2,0,0,0,0,0,0,0,0,0,0,,1706
542,Embankment,Nov-16,,0,0,0,0,0,0,0,0,0,0,0,0,9,8,7,6,4,6,16,31,36,40,40,44,40,42,43,50,62,75,85,101,139,178,186,186,196,218,232,240,250,257,268,285,312,331,338,361,382,413,434,464,472,502,538,574,591,596,581,595,647,669,631,615,608,580,526,516,493,451,391,387,381,354,314,308,298,294,307,322,326,305,285,258,227,173,116,58,18,0,0,0,0,0,0,0,,21722
572,Epping,Nov-16,,0,0,0,0,0,0,0,0,0,0,0,0,0,0,0,0,0,13,18,23,17,19,19,24,28,32,38,45,53,58,64,71,77,79,77,83,90,91,85,84,83,78,73,69,66,60,57,61,60,55,51,53,50,51,49,47,47,47,46,46,46,42,40,39,36,32,28,27,26,24,21,21,21,18,14,14,13,12,10,9,8,10,10,8,4,2,1,1,1,1,0,0,0,0,0,0,,2876
574,Euston,Nov-16,,0,0,0,0,0,0,0,0,0,0,0,0,11,11,10,12,16,19,20,24,29,33,83,105,120,93,129,153,232,237,301,323,425,467,476,603,654,739,587,681,640,786,776,846,850,838,816,842,917,872,879,888,893,801,831,881,988,900,890,942,1116,1086,1042,1034,1055,980,1011,1064,1128,941,943,916,1064,950,848,794,809,618,510,576,563,414,425,418,331,204,135,66,34,0,0,0,0,0,0,0,,44744
575,Euston Square,Nov-16,,0,0,0,0,0,0,0,0,0,0,0,0,0,0,0,0,0,0,5,9,13,12,15,17,24,30,35,39,48,52,55,56,59,69,67,77,82,96,82,87,86,93,94,100,105,106,107,110,118,119,121,124,136,126,128,133,151,146,148,153,175,174,177,174,183,163,150,141,150,139,127,118,136,136,129,119,116,94,66,65,67,63,56,49,36,30,29,32,25,10,1,0,0,0,0,0,,6563
576,Fairlop,Nov-16,,0,0,0,0,0,0,0,0,0,0,0,0,2,2,2,2,4,5,8,10,10,7,8,8,7,8,11,11,12,13,14,15,16,17,17,18,19,21,19,21,23,25,24,24,23,21,21,19,22,23,21,19,18,17,16,16,17,18,18,15,14,14,14,14,12,12,9,7,6,7,7,6,5,4,4,4,4,4,4,4,3,3,4,3,2,1,0,1,0,0,0,0,0,0,0,0,,879
577,Farringdon,Nov-16,,0,0,0,0,0,0,0,0,0,0,0,0,0,0,0,0,0,5,23,50,63,64,57,51,39,26,17,22,30,37,37,41,47,51,54,59,66,65,70,67,68,64,85,83,80,69,79,85,91,90,86,81,79,84,86,93,95,95,88,87,86,87,82,83,84,81,72,71,67,60,53,51,50,50,48,42,34,34,36,37,38,34,33,33,31,20,15,11,9,7,0,0,0,0,0,0,,4148
578,Finchley Central,Nov-16,,0,0,0,0,0,0,0,0,0,0,0,0,0,0,1,1,1,1,5,16,25,31,27,28,31,39,37,47,53,64,67,77,76,90,100,102,88,96,96,96,91,98,98,104,104,107,98,93,85,83,74,70,77,80,68,57,54,60,58,64,65,63,58,56,65,70,63,49,50,51,45,40,34,34,35,37,24,19,19,23,25,26,21,15,9,11,10,7,3,1,0,0,0,0,0,0,,3946
579,Finchley Road,Nov-16,,0,0,0,0,0,0,0,0,0,0,0,0,2,3,3,4,5,6,11,21,28,33,35,38,48,61,65,67,82,102,107,107,124,148,149,152,161,178,179,182,186,198,197,193,192,202,199,192,186,190,190,180,176,183,178,172,173,178,171,186,195,185,157,149,146,136,124,119,117,109,96,87,82,81,77,76,69,65,62,62,63,64,59,53,45,42,33,24,13,10,0,0,0,0,0,0,,8423
580,Finsbury Park,Aut-07,,0,0,0,0,0,0,0,0,0,0,0,0,0,0,0,0,0,13,46,94,132,145,154,161,180,181,181,189,264,314,335,386,428,459,406,418,445,561,558,565,565,590,520,601,616,626,542,621,683,712,647,638,623,589,502,475,513,551,508,436,475,628,683,622,535,519,465,391,353,360,339,314,292,293,279,262,274,261,226,210,192,187,158,161,133,113,90,66,42,30,19,4,0,0,0,0,,27149
581,Fulham Broadway,Nov-16,,0,0,0,0,0,0,0,0,0,0,0,0,0,0,0,0,0,0,2,9,18,21,22,25,31,39,45,52,66,84,96,105,112,124,125,125,135,163,182,180,181,186,190,187,185,180,168,163,169,171,162,153,151,149,146,152,154,157,157,164,170,168,149,134,130,127,113,107,102,98,85,74,65,66,64,59,52,55,53,55,52,53,50,50,47,41,29,17,7,3,0,0,0,0,0,0,,7361
582,Gants Hill,Nov-16,,0,0,0,0,0,0,0,0,0,0,0,0,8,11,18,25,32,37,45,74,95,98,84,81,84,92,103,111,120,123,120,126,141,148,141,146,162,164,152,151,160,156,141,138,146,147,135,137,142,132,113,108,110,107,97,91,93,94,88,86,87,87,85,85,82,84,78,76,67,57,50,49,45,39,39,39,38,35,30,27,26,25,22,22,19,12,6,4,3,2,0,0,0,0,0,0,,6433
583,Gloucester Road,Nov-16,,0,0,0,0,0,0,0,0,0,0,0,0,0,0,0,0,0,11,15,30,42,47,43,55,71,85,103,133,175,216,253,302,342,359,348,332,318,306,289,276,269,259,237,222,219,217,214,216,227,231,231,246,258,261,255,257,256,257,251,258,261,266,256,266,271,261,236,211,205,202,198,189,189,167,133,108,101,93,86,87,88,90,87,97,102,93,67,39,17,4,0,0,0,0,0,0,,13462
584,Golders Green,Nov-16,,0,0,0,0,0,0,0,0,0,0,0,0,0,1,2,2,3,2,6,20,37,48,54,54,64,74,83,91,111,135,140,143,158,174,175,161,161,166,167,159,160,170,175,176,172,172,171,159,148,152,155,150,141,142,135,135,135,130,120,120,133,134,134,126,119,112,106,98,90,87,79,77,73,68,60,58,58,58,53,52,50,44,35,35,30,21,13,9,6,0,0,0,0,0,0,0,,7427
585,Goldhawk Road,Nov-16,,0,0,0,0,0,0,0,0,0,0,0,0,0,0,0,0,2,4,6,6,7,8,10,11,13,17,18,19,22,27,26,27,29,30,31,32,31,30,32,34,30,26,28,30,29,29,31,30,26,25,23,24,27,28,29,26,25,22,26,26,27,23,23,24,26,25,23,21,19,20,17,15,13,14,12,9,9,9,9,9,9,8,11,13,11,7,4,2,1,0,0,0,0,0,0,0,,1425
586,Goodge Street,Nov-16,,0,0,0,0,0,0,0,0,0,0,0,0,1,0,0,1,1,1,1,1,3,5,6,8,10,11,12,14,20,27,30,36,40,42,39,40,39,38,37,40,45,50,56,60,66,69,74,76,79,84,85,88,93,103,107,113,117,125,119,118,116,117,114,131,137,119,88,80,77,72,60,56,52,50,46,46,43,39,37,40,42,41,37,34,34,30,19,7,3,2,0,0,0,0,0,0,,3999
587,Grange Hill,Nov-16,,0,0,0,0,0,0,0,0,0,0,0,0,0,0,0,0,0,0,0,0,0,4,6,7,4,5,4,5,6,6,5,6,7,7,7,8,9,9,8,8,9,11,9,9,9,7,7,8,8,7,7,6,4,4,4,5,4,5,4,3,4,6,5,3,3,3,3,2,2,2,2,2,3,3,2,1,1,1,1,2,2,2,1,1,1,0,0,0,0,0,0,0,0,0,0,0,,309
588,Great Portland Street,Nov-16,,0,0,0,0,0,0,0,0,0,0,0,0,0,0,0,0,0,0,3,6,10,12,10,13,18,23,25,27,30,39,51,58,64,69,70,64,59,62,60,57,56,59,56,52,56,60,59,56,60,62,63,63,65,69,72,77,81,84,84,88,91,90,78,72,73,79,69,60,59,55,45,43,46,42,38,36,34,33,29,25,23,24,23,24,26,24,18,12,8,4,2,2,0,0,0,0,,3439
590,Green Park,Nov-16,,0,0,0,0,0,0,0,0,0,0,0,0,42,39,36,38,42,45,43,51,61,61,51,48,55,61,63,67,80,96,120,144,167,177,201,231,257,291,373,463,545,563,551,500,474,445,442,466,511,530,542,564,607,653,699,747,792,815,818,825,858,871,842,810,808,812,773,714,629,530,450,406,395,384,369,339,314,295,292,297,291,285,267,256,241,229,199,132,58,10,6,3,0,0,0,0,,28657
589,Greenford,Nov-15,,0,0,0,0,0,0,0,0,0,0,0,0,0,0,0,0,0,13,39,55,52,44,44,46,47,45,45,53,63,67,63,63,72,75,78,81,83,80,83,82,76,79,81,81,77,79,80,80,77,71,65,59,57,58,60,55,54,55,54,54,54,55,48,47,47,47,42,39,37,35,31,29,30,28,22,18,18,17,16,15,15,14,10,7,5,4,3,1,1,0,0,0,0,0,0,0,,3460
591,Gunnersbury,Nov-16,,0,0,0,0,0,0,0,0,0,0,0,0,0,0,0,0,1,0,0,2,7,11,15,17,22,20,25,30,38,39,47,53,62,66,69,67,69,70,70,69,74,77,75,71,67,64,60,63,64,61,55,54,50,49,45,48,47,49,47,51,52,52,48,52,55,47,34,35,38,34,28,27,27,27,24,21,17,15,14,13,11,10,8,8,8,5,3,2,0,0,0,0,0,0,0,0,,2755
592,Hainault,Nov-16,,0,0,0,0,0,0,0,0,0,0,0,0,10,9,10,11,13,22,36,45,44,40,38,33,32,35,42,46,49,51,50,52,56,58,54,56,62,66,61,61,67,69,60,53,55,55,50,51,52,50,46,42,40,38,33,29,31,33,30,31,35,37,33,32,30,28,26,26,25,23,19,17,17,18,14,13,11,9,9,10,9,8,8,8,6,2,1,0,0,1,0,0,0,0,0,0,,2532
593,Hammersmith (Dis),Nov-16,,0,0,0,0,0,0,0,0,0,0,0,0,0,0,0,4,15,29,39,61,85,98,99,104,125,150,163,181,230,270,288,303,339,369,374,366,362,382,388,386,398,427,431,416,415,426,420,407,404,425,430,422,400,399,404,413,420,434,430,432,434,443,430,430,423,398,347,316,305,304,271,258,248,238,203,185,175,145,197,270,332,335,348,322,270,206,107,45,21,9,0,0,0,0,0,0,,21578
773,Hammersmith (H&C),Nov-16,,0,0,0,0,0,0,0,0,0,0,0,0,0,0,0,0,4,7,12,18,23,27,29,28,30,40,49,52,53,62,69,75,79,83,88,92,97,105,114,122,123,127,128,131,133,141,141,141,141,146,141,134,127,132,131,129,129,132,127,122,120,121,118,117,117,113,102,94,91,86,77,73,67,62,56,52,48,44,41,41,42,48,56,77,79,62,30,14,5,1,0,0,0,0,0,0,,6068
594,Hampstead,Nov-16,,0,0,0,0,0,0,0,0,0,0,0,0,0,0,0,0,0,1,1,4,6,8,8,12,14,15,18,23,29,34,35,41,47,49,48,51,60,64,68,71,77,87,91,88,89,96,96,94,100,105,108,107,106,111,113,117,116,122,118,126,133,132,114,106,103,103,88,75,63,60,54,52,49,44,36,35,37,37,36,35,34,36,39,43,40,28,14,7,5,2,0,0,0,0,0,0,,4414
595,Hanger Lane,Nov-16,,0,0,0,0,0,0,0,0,0,0,0,0,0,0,0,0,0,2,18,31,40,34,31,28,31,33,40,49,56,58,62,65,69,71,71,70,76,75,69,67,68,65,60,63,63,63,58,62,60,59,51,52,53,50,45,43,47,46,42,41,46,51,44,39,36,39,36,35,32,29,26,24,22,21,19,19,19,20,17,16,14,15,12,11,8,8,5,3,2,0,0,0,0,0,0,0,,2905
596,Harlesden,Nov-16,,0,0,0,0,0,0,0,0,0,0,0,0,0,0,0,0,0,0,3,12,26,28,23,16,20,22,26,28,31,29,26,26,30,33,32,30,30,30,29,28,31,35,36,34,34,35,35,34,36,39,36,36,38,38,34,34,40,40,39,35,39,39,37,33,35,34,28,26,26,25,20,22,24,26,25,28,26,20,12,9,10,11,8,9,10,9,5,4,2,1,0,0,0,0,0,0,,1880
597,Harrow & Wealdstone,Nov-16,,0,0,0,0,0,0,0,0,0,0,0,0,0,0,0,0,0,2,7,23,35,37,34,34,36,32,39,46,53,55,66,64,64,64,65,67,70,76,66,69,64,67,67,67,69,71,74,65,70,65,62,51,53,49,57,53,56,50,56,52,61,56,54,42,46,43,46,39,38,35,37,31,29,25,22,20,19,15,11,13,16,13,8,6,6,5,3,2,1,0,0,0,0,0,0,0,,3064
598,Harrow-on-the-Hill,Nov-16,,0,0,0,0,0,0,0,0,0,0,0,0,0,0,0,0,0,0,52,80,90,77,66,74,78,74,74,75,90,98,105,103,122,127,125,124,141,151,162,173,180,184,188,189,187,192,194,189,182,181,180,179,171,167,164,167,170,167,160,176,189,179,150,134,122,109,98,89,88,81,74,67,62,56,53,50,47,43,42,41,39,36,32,30,24,20,15,12,8,5,3,0,0,0,0,0,,7826
779,Hatton Cross,Nov-16,,0,0,0,0,0,0,0,0,0,0,0,0,0,5,17,30,36,33,35,34,40,36,36,32,39,41,45,44,51,51,56,61,70,71,71,68,68,71,72,69,66,69,63,60,55,60,56,55,57,61,59,54,54,55,51,51,47,49,44,49,45,47,44,46,43,42,38,39,41,41,32,29,29,30,24,19,16,18,16,17,18,18,17,17,15,12,9,5,2,2,0,0,0,0,0,0,,3168
780,Heathrow Terminals 123,Nov-16,,0,0,0,0,0,0,0,0,0,0,0,0,0,0,21,38,45,42,52,76,97,118,130,144,155,164,168,165,168,167,174,175,174,169,174,178,172,169,166,169,176,196,198,200,193,208,212,223,222,220,196,178,172,188,191,191,191,197,193,190,201,212,203,180,164,162,184,209,232,232,227,231,240,230,213,213,221,234,243,264,270,257,193,131,83,51,21,5,1,0,1,0,0,0,0,0,,12713
781,Heathrow Terminal 4,Nov-16,,0,0,0,0,0,0,0,0,0,0,0,0,0,0,4,9,18,26,29,36,41,47,52,56,66,75,75,60,46,38,33,32,32,31,27,32,40,40,35,32,33,42,58,68,65,66,66,68,71,79,75,66,59,51,40,34,37,50,64,75,78,79,74,69,79,96,105,96,84,81,84,86,79,63,55,57,62,65,71,75,66,48,25,14,14,12,7,0,0,0,0,0,0,0,0,0,,3903
783,Heathrow Terminal 5,Nov-16,,0,0,0,0,0,0,0,0,0,0,0,0,1,2,20,49,58,45,38,49,55,57,55,57,57,67,78,85,84,88,84,76,73,79,81,86,93,102,99,96,97,109,119,125,125,123,120,138,148,144,127,123,117,111,109,112,124,130,123,121,127,123,110,112,124,137,137,136,135,133,122,121,130,146,156,169,166,162,156,167,160,154,134,110,67,37,15,5,0,0,0,0,0,0,0,0,,7710
601,Hendon Central,Nov-16,,0,0,0,0,0,0,0,0,0,0,0,0,1,1,1,2,3,0,13,39,66,65,55,52,65,73,73,78,91,101,106,112,121,129,125,123,133,140,133,120,128,135,139,131,135,133,121,113,116,124,115,108,105,98,89,87,95,97,93,91,93,91,85,81,83,83,79,72,69,66,57,50,45,43,39,39,35,33,29,29,28,26,23,23,21,16,11,7,5,0,0,0,0,0,0,0,,5635
602,High Barnet,Nov-16,,0,0,0,0,0,0,0,0,0,0,0,0,0,0,1,1,1,3,10,15,14,13,14,19,25,31,31,32,34,39,40,42,45,53,56,61,64,64,58,56,59,60,58,54,52,49,48,47,48,42,37,35,34,33,35,36,38,37,36,36,36,35,35,36,34,31,27,23,20,19,20,20,19,17,16,13,12,13,12,11,10,9,8,6,4,2,2,1,0,0,0,0,0,0,0,0,,2187
605,High Street Kensington,Nov-16,,0,0,0,0,0,0,0,0,0,0,0,0,0,0,0,0,0,0,4,9,17,22,23,26,31,38,42,51,70,92,107,120,136,149,158,162,170,169,169,162,182,197,208,200,206,212,221,229,235,236,237,251,261,278,289,303,312,317,315,319,322,311,290,325,342,305,218,181,163,149,125,110,98,84,70,68,68,61,57,65,67,66,57,60,56,46,26,13,9,5,3,0,0,0,0,0,,10755
603,Highbury & Islington,Nov-16,,0,0,0,0,0,0,0,0,0,0,0,0,11,12,13,14,17,23,29,38,50,65,70,72,78,92,103,113,137,161,177,186,214,255,278,279,287,317,332,335,346,374,380,366,359,364,354,341,334,336,330,319,312,307,301,293,300,306,306,306,320,331,322,307,309,301,282,259,241,217,193,174,168,163,148,141,145,148,137,136,138,148,152,167,154,124,76,43,19,10,4,2,1,0,0,0,,15872
604,Highgate,Nov-16,,0,0,0,0,0,0,0,0,0,0,0,0,0,1,1,1,1,1,1,7,16,21,20,21,27,34,38,45,59,67,63,63,78,93,90,90,96,110,115,113,112,110,108,106,106,103,98,95,93,91,83,73,72,77,72,72,77,81,71,67,74,78,72,69,72,72,62,53,47,44,40,37,33,29,27,24,23,20,16,17,20,20,16,14,10,7,3,2,2,0,0,0,0,0,0,0,,4042
606,Hillingdon,Nov-16,,0,0,0,0,0,0,0,0,0,0,0,0,0,0,0,0,0,5,7,8,9,8,9,9,10,10,13,14,19,23,26,26,28,31,32,30,26,32,34,33,31,28,25,25,25,25,23,23,20,21,19,17,18,20,20,18,17,17,16,17,18,20,19,18,16,17,18,17,15,12,11,10,10,10,9,8,6,6,6,7,6,4,3,2,2,1,1,1,0,0,0,0,0,0,0,0,,1140
607,Holborn,Nov-16,,0,0,0,0,0,0,0,0,0,0,0,0,21,21,21,22,22,29,37,49,52,52,45,44,50,57,65,79,101,122,143,164,182,197,215,235,249,254,247,243,251,267,273,289,304,315,320,335,348,353,365,383,425,451,460,475,501,516,514,533,572,589,584,567,531,465,416,396,375,339,301,280,274,282,266,250,233,228,211,213,233,236,212,197,190,167,103,48,19,13,4,0,0,0,0,0,,19490
608,Holland Park,Nov-16,,0,0,0,0,0,0,0,0,0,0,0,0,2,1,1,2,3,3,4,5,6,7,8,9,10,12,14,16,24,31,36,38,42,45,48,48,49,50,54,53,58,58,59,62,67,64,55,52,55,62,61,60,62,66,67,67,71,75,71,70,73,74,63,57,57,58,55,48,42,35,32,29,25,21,17,16,14,14,14,13,13,13,13,12,11,8,4,2,2,0,0,0,0,0,0,0,,2718
609,Holloway Road,Nov-16,,0,0,0,0,0,0,0,0,0,0,0,0,0,0,0,0,0,0,0,9,24,34,28,28,34,38,39,44,54,66,69,70,80,94,99,97,100,110,121,124,124,133,137,138,129,129,126,126,125,124,117,109,106,107,97,97,97,104,94,93,91,94,87,81,76,81,80,74,63,56,49,46,43,41,37,38,33,30,27,30,32,33,27,22,21,17,10,5,4,3,2,0,0,0,0,0,,5007
610,Hornchurch,Nov-16,,0,0,0,0,0,0,0,0,0,0,0,0,0,0,4,5,4,6,6,11,9,10,7,13,15,15,14,16,18,19,20,22,24,26,26,27,27,28,28,30,31,33,28,27,26,25,20,19,19,22,21,18,16,19,20,19,17,18,20,19,19,17,17,18,19,17,16,14,13,12,10,9,10,9,7,7,11,12,7,6,8,9,5,5,4,2,0,0,0,0,0,0,0,0,0,0,,1150
611,Hounslow Central,Nov-16,,0,0,0,0,0,0,0,0,0,0,0,0,0,8,14,21,24,34,39,38,32,29,35,38,41,39,42,50,62,62,58,59,65,65,65,69,72,66,60,60,64,69,76,83,82,77,69,64,57,57,54,50,49,51,49,46,45,45,44,47,49,50,43,40,39,40,37,32,28,28,25,19,17,17,18,19,18,16,13,12,10,10,9,8,6,5,2,1,1,0,0,0,0,0,0,0,,3037
612,Hounslow East,Nov-16,,0,0,0,0,0,0,0,0,0,0,0,0,0,12,15,21,28,34,39,46,47,45,41,43,44,45,45,53,61,65,66,73,76,75,70,70,72,72,69,64,70,75,80,79,79,79,76,67,65,62,59,52,53,54,53,48,45,46,48,49,49,53,51,50,47,47,43,42,37,32,25,22,21,23,24,23,22,20,17,14,13,11,9,9,8,7,5,3,3,0,0,0,0,0,0,0,,3360
613,Hounslow West,Nov-16,,0,0,0,0,0,0,0,0,0,0,0,0,0,11,22,31,34,39,41,47,46,45,39,39,38,41,46,49,56,61,65,71,77,77,76,81,85,87,85,86,88,92,90,87,83,82,79,71,63,61,56,51,50,52,47,45,45,43,39,40,47,49,46,42,45,43,42,38,37,32,31,28,28,27,24,22,21,21,19,17,15,14,11,8,7,7,5,4,2,1,0,0,0,0,0,0,,3472
614,Hyde Park Corner,Nov-16,,0,0,0,0,0,0,0,0,0,0,0,0,0,0,0,0,0,2,5,9,11,13,11,11,14,16,14,14,20,26,29,34,43,54,61,72,84,96,123,159,186,182,186,196,203,193,180,172,175,191,193,193,194,195,201,211,234,233,219,206,228,248,246,238,237,234,202,204,203,209,191,193,164,141,132,149,144,129,126,175,203,173,103,66,56,44,26,14,6,2,0,0,0,0,0,0,,9350
615,Ickenham,Nov-16,,0,0,0,0,0,0,0,0,0,0,0,0,0,0,0,0,0,2,2,3,4,4,4,5,5,6,7,7,7,8,11,14,18,18,18,17,17,19,20,20,19,19,18,18,16,15,15,14,13,12,12,13,13,12,10,9,8,10,9,10,10,10,10,10,10,8,6,6,5,6,4,4,4,4,4,3,2,2,3,2,2,3,2,2,2,2,0,0,0,0,0,0,0,0,0,0,,627
616,Kennington,Nov-16,,0,0,0,0,0,0,0,0,0,0,0,0,2,2,2,3,4,4,3,8,22,36,37,33,36,43,48,50,63,77,83,83,94,109,111,107,112,124,127,120,112,116,117,114,115,120,115,102,97,101,97,93,89,89,86,81,80,82,83,77,75,77,80,80,77,74,73,68,65,59,53,44,41,38,36,31,30,27,27,32,37,32,24,21,22,19,12,5,1,0,0,0,0,0,0,0,,4769
617,Kensal Green,Nov-16,,0,0,0,0,0,0,0,0,0,0,0,0,0,0,0,0,0,0,1,5,13,18,20,19,23,26,28,30,37,42,41,43,52,59,60,60,64,66,59,55,58,61,61,58,58,56,55,49,50,53,54,50,51,49,45,44,47,47,43,40,41,42,40,36,33,32,30,30,27,25,23,23,21,18,16,16,15,12,12,13,12,11,9,10,9,8,4,3,2,0,0,0,0,0,0,0,,2423
618,Kensington (Olympia),Aut-11,,0,0,0,0,0,0,0,0,0,0,0,0,0,0,0,0,0,0,0,0,0,0,0,0,13,9,5,5,7,12,15,14,16,24,32,27,26,20,22,30,43,54,64,66,69,84,87,90,93,107,125,153,148,120,112,158,169,172,171,188,169,141,121,111,104,88,77,93,109,113,91,71,65,51,33,38,50,51,27,17,10,14,20,18,15,6,5,0,0,0,0,0,0,0,0,0,,4258
619,Kentish Town,Nov-16,,0,0,0,0,0,0,0,0,0,0,0,0,0,1,2,2,2,1,1,10,21,31,30,32,36,44,48,52,60,75,80,81,89,106,107,107,112,128,129,123,127,140,141,137,143,145,140,133,140,141,138,132,133,137,133,129,126,129,127,124,127,129,123,113,105,101,96,92,84,78,72,71,69,69,62,55,49,52,48,48,52,65,74,98,101,68,23,5,3,0,0,0,0,0,0,0,,6337
620,Kenton,Nov-16,,0,0,0,0,0,0,0,0,0,0,0,0,0,0,0,0,0,0,4,14,23,24,18,16,14,17,16,22,26,27,25,27,33,37,33,30,29,30,29,27,28,33,34,30,29,30,26,22,23,26,25,22,22,24,22,22,24,27,26,26,25,24,22,20,21,19,18,18,17,18,18,21,19,17,13,11,9,8,10,9,7,7,7,5,4,4,3,2,1,1,0,0,0,0,0,0,,1420
621,Kew Gardens,Nov-16,,0,0,0,0,0,0,0,0,0,0,0,0,0,0,0,0,0,0,0,0,6,6,8,10,13,16,20,23,26,29,36,42,46,46,52,60,66,67,69,71,72,74,76,78,80,83,90,98,96,100,105,116,118,132,141,155,174,186,180,170,168,163,145,144,142,122,84,70,65,68,64,67,63,59,56,65,69,58,52,51,40,24,14,9,6,4,3,2,0,0,0,0,0,0,0,0,,4913
622,Kilburn,Nov-16,,0,0,0,0,0,0,0,0,0,0,0,0,4,6,9,11,15,17,18,34,58,73,68,69,83,92,93,98,125,146,151,144,150,166,172,177,186,201,193,178,172,186,190,178,171,176,184,180,174,168,162,155,155,155,147,129,125,126,128,122,123,130,128,121,118,118,112,101,92,88,83,75,67,64,59,52,51,53,54,50,45,47,43,38,33,31,25,16,7,2,0,0,0,0,0,0,,7946
623,Kilburn Park,Nov-16,,0,0,0,0,0,0,0,0,0,0,0,0,0,0,0,0,0,0,0,6,16,24,21,21,24,33,36,39,44,51,56,60,67,72,72,70,77,82,78,74,73,73,72,73,74,76,75,69,66,67,68,68,65,63,57,56,58,60,55,55,61,64,56,52,50,51,47,42,39,35,34,34,35,30,24,23,24,22,18,20,23,23,18,14,12,11,8,4,1,0,0,0,0,0,0,0,,3221
625,King's Cross St. Pancras,Nov-16,,0,0,0,0,0,0,0,0,0,0,0,0,51,49,51,61,73,93,121,171,217,236,229,220,257,308,347,414,602,844,980,1099,1359,1618,1670,1614,1703,1820,1786,1616,1608,1662,1702,1678,1724,1755,1662,1584,1602,1683,1684,1637,1645,1714,1710,1598,1688,1980,1973,1854,1954,2003,1870,1744,1991,2124,2059,1788,1938,2051,1932,1709,1782,1661,1478,1337,1391,1309,1279,1235,1194,1014,885,754,690,554,398,197,103,52,13,0,0,0,0,0,,94241
624,Kingsbury,Nov-16,,0,0,0,0,0,0,0,0,0,0,0,0,3,3,7,10,12,14,29,53,62,61,55,56,51,54,52,53,56,62,63,67,72,77,79,82,86,94,98,97,96,97,96,93,88,81,79,80,76,70,68,66,60,61,66,72,66,60,55,56,59,58,54,49,47,45,43,42,42,38,32,28,26,28,26,23,21,21,19,16,15,12,9,8,7,6,5,5,3,1,0,0,0,0,0,0,,3782
626,Knightsbridge,Nov-16,,0,0,0,0,0,0,0,0,0,0,0,0,0,0,0,0,0,2,5,11,14,17,14,17,20,23,23,24,34,45,59,75,104,130,141,141,134,112,137,167,262,362,437,483,522,543,567,563,564,578,594,598,612,653,651,645,676,689,694,715,775,770,727,853,1072,1214,630,479,353,271,204,185,179,153,126,108,112,114,112,107,110,108,99,102,103,96,63,37,12,4,0,0,0,0,0,0,,22135
627,Ladbroke Grove,Nov-16,,0,0,0,0,0,0,0,0,0,0,0,0,0,0,0,0,0,4,3,5,10,15,15,17,21,24,24,28,33,39,41,47,54,61,66,69,78,89,98,105,110,111,112,122,127,120,112,114,118,119,109,109,113,121,121,125,126,118,108,108,113,116,113,108,98,90,78,63,54,51,49,45,41,38,35,33,33,34,32,30,29,27,22,22,22,18,14,10,6,2,1,0,0,0,0,0,,4696
628,Lambeth North,Nov-15,,0,0,0,0,0,0,0,0,0,0,0,0,0,0,0,0,0,0,0,0,0,0,0,0,0,0,0,0,0,0,0,0,0,0,0,0,0,0,0,0,0,0,0,0,0,0,0,0,0,0,0,0,0,0,0,0,0,0,0,0,0,0,0,0,0,0,0,0,0,0,0,0,0,0,0,0,0,0,0,0,0,0,0,0,0,0,0,0,0,0,0,0,0,0,0,0,,0
629,Lancaster Gate,Nov-16,,0,0,0,0,0,0,0,0,0,0,0,0,4,5,4,3,4,7,11,16,20,21,18,21,28,36,44,70,105,138,160,183,198,200,189,184,178,171,163,160,154,144,134,130,131,136,133,134,133,133,125,135,144,151,143,144,146,149,140,138,135,137,129,126,125,127,121,112,103,92,81,71,61,56,47,42,35,32,31,36,38,37,30,33,41,36,16,2,1,1,1,0,0,0,0,0,,7053
630,Latimer Road,Nov-16,,0,0,0,0,0,0,0,0,0,0,0,0,0,0,0,0,0,3,3,5,6,7,7,8,10,12,11,12,15,18,19,22,25,25,21,23,30,35,33,33,34,33,32,36,40,39,36,35,37,37,33,33,36,34,28,28,31,33,31,31,40,44,37,30,36,37,34,32,31,26,20,20,24,24,17,18,21,19,11,8,8,10,10,8,6,5,4,3,1,0,0,0,0,0,0,0,,1644
631,Leicester Square,Nov-16,,0,0,0,0,0,0,0,0,0,0,0,0,18,18,19,20,18,22,31,47,57,58,48,45,47,48,44,49,58,70,77,93,120,141,154,169,199,224,234,252,275,322,380,448,499,545,587,638,702,787,828,866,911,972,981,1012,1072,1100,1086,1083,1132,1142,1171,1221,1237,1177,1087,1032,1001,1014,1035,1061,1056,1011,951,979,1115,1129,980,849,875,878,858,840,771,570,294,92,25,9,0,0,0,0,0,0,,44066
632,Leyton,Nov-16,,0,0,0,0,0,0,0,0,0,0,0,0,14,21,31,48,65,66,74,127,187,198,176,164,172,175,172,179,212,242,243,230,242,264,266,254,281,309,306,280,282,296,305,288,291,302,306,292,296,297,281,272,270,264,239,231,228,229,218,214,217,221,203,181,171,170,155,143,141,132,118,104,107,102,90,74,70,70,67,61,53,50,47,43,37,25,13,4,2,0,0,0,0,0,0,0,,13270
633,Leytonstone,Nov-16,,0,0,0,0,0,0,0,0,0,0,0,0,10,11,15,23,36,37,41,69,109,123,114,106,115,120,127,130,151,165,165,155,166,182,187,190,210,228,225,219,228,236,224,217,219,223,215,209,205,198,183,170,171,168,158,148,149,150,145,142,137,133,128,121,119,117,107,95,88,87,77,69,67,70,64,56,54,54,48,44,43,38,30,26,25,17,9,4,2,0,0,0,0,0,0,0,,9116
634,Liverpool Street,Nov-14,,0,0,0,0,0,0,0,0,0,0,0,0,0,0,0,0,0,1,62,120,157,153,155,137,137,182,223,290,358,425,446,502,617,700,716,739,848,957,1022,1095,1181,1191,1155,1189,1260,1270,1265,1311,1405,1458,1442,1444,1483,1487,1457,1502,1565,1568,1514,1491,1451,1422,1348,1341,1296,1217,1061,869,833,753,657,641,624,561,479,479,467,469,425,414,389,353,304,296,289,259,201,150,83,35,0,0,0,0,0,0,,56846
635,London Bridge,Nov-16,,0,0,0,0,0,0,0,0,0,0,0,0,27,25,25,27,37,45,48,61,111,164,181,191,201,220,215,248,301,367,395,439,520,632,655,665,701,815,878,906,916,962,976,947,951,974,958,951,984,1031,1005,993,1018,1067,1066,1071,1122,1157,1158,1140,1152,1133,1094,1060,1061,1059,1003,949,879,807,717,654,641,644,601,528,479,488,475,439,403,398,378,331,307,273,215,117,50,0,0,0,0,0,0,0,,47882
636,Loughton,Nov-16,,0,0,0,0,0,0,0,0,0,0,0,0,2,2,3,3,4,5,7,10,11,13,13,14,14,16,19,25,28,28,25,31,36,44,46,50,48,52,53,57,57,58,55,55,53,51,45,44,46,47,40,39,39,39,36,40,42,41,37,38,35,32,29,32,33,29,23,19,17,16,12,12,13,14,12,11,9,9,7,8,8,8,7,6,4,2,1,0,0,0,0,0,0,0,0,0,,1969
637,Maida Vale,Nov-16,,0,0,0,0,0,0,0,0,0,0,0,0,0,0,0,0,0,0,0,0,10,13,14,13,14,20,22,27,33,39,44,48,52,56,65,71,74,75,72,73,77,84,81,73,69,71,71,66,70,69,64,57,56,56,54,53,56,55,50,47,53,53,48,43,45,47,45,37,34,32,30,27,28,25,20,16,14,14,13,14,15,14,11,11,12,11,7,2,1,0,0,0,0,0,0,0,,2836
638,Manor House,Nov-16,,0,0,0,0,0,0,0,0,0,0,0,0,0,0,0,0,0,0,0,33,79,107,92,84,94,106,115,124,139,157,155,150,166,190,187,183,200,219,218,202,196,208,209,200,193,198,203,203,199,192,181,166,162,161,150,139,140,151,154,149,143,144,136,130,126,129,123,115,107,100,89,75,71,68,69,67,66,58,51,44,44,42,38,34,29,21,12,7,4,2,1,0,0,0,0,0,,8699
639,Mansion House,Nov-16,,0,0,0,0,0,0,0,0,0,0,0,0,0,0,0,0,0,0,2,4,5,4,3,3,2,3,5,7,11,15,17,15,16,19,25,31,34,34,39,42,44,42,44,44,49,51,51,49,50,51,53,56,60,58,58,61,66,66,62,61,60,56,56,57,60,56,49,39,34,31,27,25,24,22,17,17,16,19,19,17,12,10,8,6,6,5,4,3,1,0,0,0,0,0,0,0,,2168
640,Marble Arch,Nov-16,,0,0,0,0,0,0,0,0,0,0,0,0,13,17,19,21,24,28,29,32,35,41,41,44,42,47,51,65,72,83,104,130,152,163,172,177,185,187,178,184,200,214,212,226,239,246,249,261,278,295,301,301,319,352,380,390,402,407,411,413,431,438,427,465,516,525,432,361,320,302,249,263,261,231,162,153,142,127,111,115,118,123,124,131,130,117,70,24,0,0,0,0,0,0,0,0,,15300
641,Marylebone,Nov-16,,0,0,0,0,0,0,0,0,0,0,0,0,0,0,0,0,0,0,0,0,4,8,10,11,23,35,57,46,66,84,103,98,159,203,222,224,228,213,217,224,242,224,184,154,179,196,168,157,162,180,154,144,145,169,175,178,184,203,215,212,228,236,236,234,268,275,268,239,229,203,194,173,165,139,154,156,145,84,68,81,103,67,48,44,44,21,17,8,4,0,0,0,0,0,0,0,,9991
642,Mile End,Nov-16,,0,0,0,0,0,0,0,0,0,0,0,0,18,22,26,34,42,53,58,65,79,92,90,82,98,120,129,129,151,177,186,194,223,257,264,260,267,290,305,307,309,323,335,335,323,312,302,299,302,298,282,260,260,265,253,236,240,245,233,222,223,224,212,202,205,200,189,176,172,159,149,172,200,186,139,111,108,99,97,91,91,78,71,65,69,61,49,31,18,7,3,0,0,0,0,0,,13509
643,Mill Hill East,Aut-08,,0,0,0,0,0,0,0,0,0,0,0,0,0,0,0,0,0,0,0,0,5,5,5,4,2,3,7,11,14,17,20,16,13,9,10,8,17,18,17,11,19,24,26,22,27,27,20,13,11,11,14,15,20,18,15,9,17,16,17,13,16,17,16,9,9,15,16,10,9,6,6,7,8,3,4,5,3,1,3,4,3,3,5,4,3,3,3,2,0,0,0,0,0,0,0,0,,759
646,Moor Park,Nov-16,,0,0,0,0,0,0,0,0,0,0,0,0,0,0,0,0,0,0,2,2,2,1,1,2,4,5,4,4,5,4,5,6,8,9,8,8,8,10,10,11,11,10,10,9,10,8,7,8,9,8,7,6,6,7,8,7,7,8,8,7,8,8,7,6,6,5,5,4,3,4,3,3,3,2,2,2,1,2,2,2,2,2,2,1,1,1,0,0,0,0,0,0,0,0,0,0,,367
645,Moorgate,Nov-13,,0,0,0,0,0,0,0,0,0,0,0,0,0,0,0,0,0,0,5,13,17,14,11,11,13,13,13,19,28,32,35,40,45,48,50,52,53,59,59,65,72,75,70,75,84,85,77,77,80,81,76,83,90,94,87,102,117,118,102,100,100,99,96,112,118,108,85,80,75,66,57,59,59,53,39,37,37,38,58,84,90,67,45,30,31,28,20,12,8,4,1,0,0,0,0,0,,4236
647,Morden,Nov-16,,0,0,0,0,0,0,0,0,0,0,0,0,3,2,3,6,5,1,41,93,110,89,77,87,95,107,111,127,141,141,140,152,176,194,199,194,202,206,196,180,182,185,183,171,173,179,176,154,147,144,133,121,124,124,120,121,125,122,122,125,133,135,129,120,118,116,102,95,89,81,75,69,66,62,63,58,54,45,39,35,36,34,32,27,21,11,5,2,1,1,0,0,0,0,0,0,,7863
648,Mornington Crescent,Nov-16,,0,0,0,0,0,0,0,0,0,0,0,0,2,2,2,2,1,0,9,30,46,37,17,9,14,17,18,19,22,25,26,33,39,43,39,39,42,47,52,53,55,61,60,71,206,408,543,565,568,590,619,637,654,680,688,676,681,681,660,640,621,493,289,120,77,80,73,63,53,50,44,44,40,38,35,32,30,30,29,28,38,44,59,81,82,48,14,5,0,0,0,0,0,0,0,0,,13068
649,Neasden,Nov-16,,0,0,0,0,0,0,0,0,0,0,0,0,0,0,0,0,0,0,2,29,51,53,35,38,40,46,42,43,39,48,45,48,53,61,66,66,61,59,58,53,44,52,54,59,64,78,73,65,62,63,55,55,59,58,44,44,52,56,51,52,51,56,50,47,42,52,47,38,32,33,30,26,25,23,22,17,14,10,12,15,15,10,7,7,8,6,4,1,1,1,0,0,0,0,0,0,,2878
650,Newbury Park,Nov-16,,0,0,0,0,0,0,0,0,0,0,0,0,9,11,16,26,39,41,56,73,83,78,81,90,94,91,84,83,93,95,88,89,109,122,121,113,101,97,98,102,106,105,103,97,93,89,94,89,88,80,77,76,73,71,61,63,66,73,66,61,57,58,59,62,54,47,40,44,45,42,29,26,26,26,22,22,21,21,19,18,16,12,10,9,7,4,0,0,4,0,0,0,0,0,0,0,,4614
653,North Acton,Nov-16,,0,0,0,0,0,0,0,0,0,0,0,0,5,6,8,10,12,13,18,29,39,37,30,34,45,51,48,58,78,89,88,90,101,110,114,110,111,108,108,103,100,99,98,98,95,102,98,94,95,101,95,89,87,85,81,77,80,84,81,72,73,77,71,69,72,69,57,53,53,53,46,41,38,35,29,28,29,27,25,26,24,21,17,18,15,12,8,7,4,2,0,0,0,0,0,0,,4563
654,North Ealing,Nov-16,,0,0,0,0,0,0,0,0,0,0,0,0,0,0,0,0,0,0,1,3,4,4,3,5,7,7,6,9,11,12,12,14,17,18,17,17,17,17,17,17,17,18,19,17,15,16,17,16,14,11,10,11,11,9,9,9,8,7,7,7,7,8,9,7,6,7,8,7,7,6,6,5,4,3,3,2,3,3,3,2,2,2,2,2,2,2,1,0,0,0,0,0,0,0,0,0,,602
789,North Greenwich,Nov-16,,0,0,0,0,0,0,0,0,0,0,0,0,0,0,0,0,0,1,11,86,181,218,176,153,165,168,182,181,231,253,265,296,356,421,396,365,362,423,433,402,388,388,370,365,368,366,351,583,814,811,590,500,542,530,488,439,462,457,432,418,420,411,379,551,712,708,537,483,471,439,375,323,340,328,298,264,250,228,219,190,176,184,179,168,166,159,112,56,10,6,2,0,0,0,0,0,,24531
656,North Harrow,Nov-16,,0,0,0,0,0,0,0,0,0,0,0,0,0,0,0,0,0,0,6,10,12,13,14,13,11,13,13,15,16,20,21,22,21,22,24,26,30,31,29,27,31,32,33,30,29,27,28,25,23,21,19,18,20,22,21,18,16,16,15,15,16,17,16,15,16,16,15,12,10,11,11,9,8,8,7,7,8,8,7,4,4,4,3,2,2,3,3,2,1,0,0,0,0,0,0,0,,1113
659,North Wembley,Nov-16,,0,0,0,0,0,0,0,0,0,0,0,0,0,0,0,0,0,0,0,10,14,18,18,18,16,18,18,20,19,22,25,30,32,31,31,32,33,34,31,31,32,36,34,33,34,33,31,29,29,28,27,27,28,25,23,26,28,26,24,23,24,26,25,22,20,19,17,19,19,16,12,14,14,13,11,11,11,8,8,7,7,6,5,3,2,2,3,2,1,0,0,0,0,0,0,0,,1424
655,Northfields,Nov-16,,0,0,0,0,0,0,0,0,0,0,0,0,0,0,7,17,25,21,21,24,29,31,30,31,35,39,42,45,51,58,58,60,64,67,63,68,76,78,72,69,73,77,70,66,73,79,73,65,63,59,55,51,49,47,44,41,40,43,43,44,43,46,43,42,39,37,33,30,28,25,21,21,20,21,18,18,15,15,11,11,10,10,8,10,10,9,6,3,2,0,0,0,0,0,0,0,,2941
657,Northolt,Nov-16,,0,0,0,0,0,0,0,0,0,0,0,0,0,0,0,0,0,22,52,69,55,53,48,48,50,51,52,58,67,70,70,78,90,97,92,90,95,100,98,94,94,99,102,98,96,96,91,84,77,77,75,71,70,70,66,58,56,56,56,59,60,63,59,56,52,56,54,48,40,37,32,31,30,29,26,23,20,18,17,18,17,16,14,13,9,6,4,1,0,1,0,0,0,0,0,0,,4000
660,Northwick Park,Nov-16,,0,0,0,0,0,0,0,0,0,0,0,0,0,0,0,0,0,0,16,29,37,30,29,38,43,42,38,42,43,43,40,45,52,59,55,55,61,65,59,54,56,59,56,58,58,55,51,54,54,52,48,47,47,48,46,45,47,51,49,49,50,49,46,44,42,38,39,39,37,32,27,35,43,42,31,26,21,19,18,16,14,13,10,8,6,6,5,5,3,1,1,0,0,0,0,0,,2771
661,Northwood,Nov-16,,0,0,0,0,0,0,0,0,0,0,0,0,0,0,0,0,0,0,6,9,10,8,9,10,13,16,16,19,23,26,26,31,35,38,36,37,37,39,39,41,43,43,37,33,31,32,28,28,28,26,23,23,25,23,20,20,23,24,21,21,22,22,20,21,20,18,15,14,14,13,10,11,14,16,12,9,7,7,6,5,5,8,8,6,5,3,2,1,0,0,0,0,0,0,0,0,,1390
662,Northwood Hills,Nov-16,,0,0,0,0,0,0,0,0,0,0,0,0,0,0,0,0,0,0,6,9,10,9,10,9,7,10,14,18,19,19,20,23,27,28,29,32,33,30,30,32,33,31,30,30,31,30,27,24,23,23,21,22,21,18,16,18,17,16,15,16,17,18,16,15,14,15,14,13,13,12,11,9,8,8,8,8,7,7,7,6,6,5,4,4,4,4,3,2,1,1,1,0,0,0,0,0,,1147
663,Notting Hill Gate,Nov-16,,0,0,0,0,0,0,0,0,0,0,0,0,9,9,11,14,16,19,21,25,30,38,40,44,53,62,70,82,100,121,136,148,167,201,224,229,233,247,258,271,288,305,313,336,363,372,363,358,360,364,365,362,366,374,378,374,389,400,388,368,384,393,369,356,366,352,301,266,248,222,192,195,201,188,152,128,119,119,112,107,110,115,111,108,105,89,60,30,15,4,2,0,0,0,0,0,,15583
664,Oakwood,Nov-16,,0,0,0,0,0,0,0,0,0,0,0,0,0,0,0,0,0,0,16,24,27,24,24,25,26,25,28,38,51,50,47,53,59,62,73,87,84,70,62,63,64,62,60,62,65,67,61,54,51,50,43,40,41,44,37,38,39,41,35,36,39,41,37,34,35,35,31,26,24,21,18,17,18,16,13,12,11,11,9,9,9,10,9,6,3,1,0,0,0,0,0,0,0,0,0,0,,2503
665,Old Street,Nov-16,,0,0,0,0,0,0,0,0,0,0,0,0,0,0,0,0,0,0,0,8,32,57,65,66,76,91,106,125,159,201,232,252,280,312,324,329,340,362,363,358,356,366,362,357,366,373,368,361,359,367,367,362,370,383,378,364,381,379,365,356,373,376,362,348,349,347,323,295,282,261,239,216,211,194,186,169,168,166,162,168,183,186,179,174,178,156,97,29,0,1,0,0,0,0,0,0,,17856
667,Osterley,Nov-16,,0,0,0,0,0,0,0,0,0,0,0,0,0,4,4,7,9,11,11,19,21,22,16,18,18,20,22,27,29,33,35,39,40,44,44,46,48,49,45,48,51,51,49,51,51,46,40,38,37,35,33,33,30,29,30,31,30,29,28,27,28,30,28,26,24,27,26,24,20,16,14,13,13,10,9,8,8,7,5,6,6,7,6,5,4,3,2,1,1,0,0,0,0,0,0,0,,1855
668,Oval,Nov-16,,0,0,0,0,0,0,0,0,0,0,0,0,0,0,0,0,0,0,0,0,24,34,40,39,38,48,49,53,61,80,83,94,104,123,116,109,100,105,109,109,107,113,119,117,108,113,109,105,99,98,92,92,95,96,86,81,86,86,76,70,78,82,82,82,82,83,78,74,66,60,57,54,53,49,47,44,37,31,29,30,29,31,30,30,29,25,14,8,0,0,0,0,0,0,0,0,,4860
669,Oxford Circus,Nov-16,,0,0,0,0,0,0,0,0,0,0,0,0,69,65,61,61,63,67,67,72,77,74,62,65,71,72,66,75,87,109,128,157,186,216,246,285,319,332,323,371,498,650,774,911,1040,1157,1248,1324,1432,1535,1625,1706,1851,1982,2089,2218,2314,2354,2351,2383,2434,2413,2382,2765,3106,2911,2184,1857,1685,1486,1179,1104,1069,984,836,753,741,728,710,711,730,703,616,534,475,405,279,136,43,14,11,7,2,0,0,0,,71281
670,Paddington,Nov-16,,0,0,0,0,0,0,0,0,0,0,0,0,0,0,0,0,0,4,6,38,72,102,106,127,154,188,223,328,437,509,594,746,815,741,686,825,840,828,749,812,730,784,729,756,686,712,656,706,650,652,658,804,789,769,690,844,810,752,691,858,840,829,843,933,955,1007,956,936,884,831,727,739,773,755,626,658,643,604,399,457,440,401,244,262,279,236,126,75,36,16,5,4,4,0,0,0,,42179
671,Park Royal,Nov-16,,0,0,0,0,0,0,0,0,0,0,0,0,0,0,0,0,0,0,4,6,9,8,8,7,8,8,10,10,12,14,18,19,17,16,16,18,18,19,19,18,19,20,22,23,27,28,28,26,26,25,26,23,23,24,23,21,23,23,25,25,29,25,22,19,20,19,18,18,17,20,18,17,15,16,15,14,13,13,14,13,13,13,11,8,8,7,5,4,2,1,0,0,0,0,0,0,,1189
672,Parsons Green,Nov-16,,0,0,0,0,0,0,0,0,0,0,0,0,0,0,0,0,0,1,3,7,11,14,17,18,22,28,31,36,46,55,57,57,66,80,87,90,92,99,104,109,116,119,117,108,106,102,102,97,96,92,86,80,76,78,75,76,74,74,69,74,80,81,70,72,78,78,66,61,54,49,44,39,33,31,32,29,27,23,22,22,23,20,18,16,16,13,9,5,3,1,0,0,0,0,0,0,,4062
673,Perivale,Nov-16,,0,0,0,0,0,0,0,0,0,0,0,0,0,0,0,0,0,3,11,22,26,24,20,20,23,25,25,23,27,28,26,27,32,34,32,32,39,44,42,37,40,42,40,38,39,38,38,38,39,36,32,30,32,31,26,25,28,29,28,25,26,28,26,24,23,23,19,19,20,19,16,16,17,16,13,11,11,10,8,7,8,8,7,6,6,5,3,1,1,0,0,0,0,0,0,0,,1693
674,Piccadilly Circus,Nov-16,,0,0,0,0,0,0,0,0,0,0,0,0,0,0,0,0,0,15,34,50,48,43,37,38,42,47,52,66,84,107,122,136,150,164,179,201,226,239,234,258,297,357,408,481,543,597,640,698,758,830,890,936,967,1020,1072,1129,1183,1204,1180,1192,1225,1279,1270,1338,1364,1368,1249,1170,1106,1108,1106,1089,1039,978,916,894,927,999,950,955,921,920,804,757,671,530,302,107,38,35,22,9,0,0,0,0,,46400
776,Pimlico,Nov-16,,0,0,0,0,0,0,0,0,0,0,0,0,2,3,4,5,6,11,15,20,27,33,37,36,39,53,71,91,110,135,155,170,181,191,191,191,190,200,194,191,184,192,193,197,194,195,193,196,194,191,181,173,170,174,175,171,167,171,167,169,175,176,155,161,160,143,110,105,102,97,83,73,71,69,62,52,51,47,40,37,37,36,31,34,35,30,19,12,0,0,0,0,0,0,0,0,,8402
675,Pinner,Nov-16,,0,0,0,0,0,0,0,0,0,0,0,0,0,0,0,0,0,0,5,7,9,10,11,11,12,14,17,20,26,28,31,32,38,40,44,47,49,48,50,52,54,54,54,49,46,43,42,41,38,37,35,34,31,30,30,30,31,32,30,28,30,29,25,23,23,19,17,15,15,13,13,11,11,10,9,8,9,9,7,6,6,6,5,5,5,3,2,2,1,0,0,0,0,0,0,0,,1707
676,Plaistow,Nov-16,,0,0,0,0,0,0,0,0,0,0,0,0,0,0,2,6,17,31,43,54,66,72,66,62,63,64,64,72,84,88,86,90,97,99,90,82,90,97,93,83,86,89,85,80,81,86,82,80,84,86,80,72,71,69,68,66,66,66,62,61,60,65,61,60,57,57,52,48,50,46,38,32,32,31,31,32,30,26,22,21,19,17,14,10,9,8,7,3,2,1,0,0,0,0,0,0,,4222
677,Preston Road,Nov-16,,0,0,0,0,0,0,0,0,0,0,0,0,0,0,0,0,0,1,15,30,38,36,35,35,38,41,37,33,40,50,53,50,52,55,56,57,60,59,59,59,58,59,64,68,67,62,57,54,54,53,47,42,41,43,46,45,42,40,37,36,36,37,35,37,38,37,33,30,25,22,21,19,18,17,16,15,14,13,11,11,9,8,7,6,4,3,2,3,1,1,1,0,0,0,0,0,,2534
678,Putney Bridge,Nov-16,,0,0,0,0,0,0,0,0,0,0,0,0,0,0,0,0,1,1,4,9,13,17,17,21,24,28,29,37,45,53,57,69,77,87,87,88,87,96,99,101,102,103,100,102,102,100,96,97,93,91,87,85,82,84,85,80,77,80,80,79,80,80,75,74,73,67,59,51,44,40,37,31,29,29,27,23,22,21,22,24,22,20,17,18,17,14,8,4,2,1,0,0,0,0,0,0,,3983
680,Queen's Park,Nov-16,,0,0,0,0,0,0,0,0,0,0,0,0,0,0,0,0,0,1,2,10,20,26,24,26,35,49,56,61,72,81,78,83,96,109,107,114,120,127,122,122,129,142,138,123,124,128,123,115,113,111,105,99,91,93,93,90,84,81,77,82,91,93,83,76,73,77,73,63,52,51,46,42,36,34,31,28,26,25,25,24,23,21,18,15,12,9,5,3,2,0,0,0,0,0,0,0,,4839
679,Queensbury,Nov-16,,0,0,0,0,0,0,0,0,0,0,0,0,3,5,7,10,13,13,39,63,72,61,65,63,57,51,50,52,55,52,53,58,67,69,67,69,76,76,71,74,78,79,79,76,73,71,70,65,65,58,52,49,51,57,59,58,51,50,45,43,43,43,41,40,38,35,32,30,28,27,26,26,26,27,25,23,19,18,16,14,12,10,9,8,8,5,3,1,1,1,0,0,0,0,0,0,,3275
681,Queensway,Nov-16,,0,0,0,0,0,0,0,0,0,0,0,0,7,8,9,11,12,11,14,22,28,30,31,36,44,58,80,111,145,181,210,232,257,273,272,264,254,238,208,194,188,190,185,182,186,188,192,186,189,195,199,197,199,202,199,207,212,210,196,202,204,199,181,177,181,186,177,166,148,140,129,127,117,110,101,95,85,76,72,74,78,79,74,80,85,77,47,22,8,3,2,0,0,0,0,0,,10444
682,Ravenscourt Park,Nov-16,,0,0,0,0,0,0,0,0,0,0,0,0,0,0,0,0,1,3,4,6,7,9,10,11,12,15,18,21,25,29,34,39,45,46,45,47,49,50,49,48,49,49,47,42,43,43,43,41,41,42,40,36,35,35,35,39,42,43,41,42,42,39,35,37,39,40,37,36,28,25,22,19,17,17,16,16,18,19,17,18,19,19,18,16,11,8,5,3,1,0,0,0,0,0,0,0,,2088
683,Rayners Lane,Nov-16,,0,0,0,0,0,0,0,0,0,0,0,0,0,0,0,0,0,6,19,30,29,25,27,31,35,36,37,38,42,47,50,51,56,63,67,67,72,73,72,68,71,70,70,69,70,71,65,62,63,61,55,49,48,44,43,45,47,45,42,42,44,42,38,37,39,39,36,37,34,27,21,22,24,23,21,21,23,21,19,18,18,15,12,10,8,6,5,3,3,2,0,0,0,0,0,0,,2841
684,Redbridge,Nov-16,,0,0,0,0,0,0,0,0,0,0,0,0,4,5,8,11,12,14,17,27,37,40,33,30,31,35,40,49,54,59,60,66,70,73,72,73,78,78,74,66,66,64,63,61,60,61,60,60,58,57,55,53,50,46,42,39,39,40,37,40,40,37,34,36,35,33,31,30,28,26,21,19,19,18,17,16,16,13,12,14,13,9,6,7,7,5,2,1,1,1,0,0,0,0,0,0,,2814
685,Regent's Park,Nov-16,,0,0,0,0,0,0,0,0,0,0,0,0,0,0,0,0,0,0,0,0,0,2,3,5,8,11,11,10,12,16,19,22,25,27,27,24,25,30,34,34,32,35,36,38,38,39,39,40,42,44,48,51,52,53,56,64,69,73,69,65,59,55,48,46,47,45,38,31,30,27,23,19,20,20,17,13,11,11,10,8,8,10,9,7,7,7,5,2,0,0,0,0,0,0,0,0,,1961
686,Richmond,Aut-14,,0,0,0,0,0,0,0,0,0,0,0,0,0,0,0,0,0,2,10,21,34,37,41,45,70,78,68,69,107,144,164,169,174,189,204,180,161,180,214,202,201,175,201,218,215,156,163,191,143,65,0,0,101,92,111,144,179,184,192,187,199,175,159,119,92,76,82,69,54,54,61,75,68,55,38,37,26,40,42,38,26,22,14,17,25,21,12,5,6,0,0,0,0,0,0,0,,7188
687,Rickmansworth,Nov-16,,0,0,0,0,0,0,0,0,0,0,0,0,0,0,0,0,0,3,5,6,5,7,10,12,15,13,12,12,14,16,21,25,26,28,33,32,26,23,30,29,26,24,27,29,28,23,20,22,20,20,18,18,18,19,18,20,22,20,18,25,25,22,18,22,19,13,12,11,13,12,14,14,13,7,6,9,8,6,6,6,5,5,5,5,4,2,2,1,0,0,1,0,0,0,0,0,,1124
688,Roding Valley,Aut-06,,0,0,0,0,0,0,0,0,0,0,0,0,0,0,0,0,0,0,0,0,0,0,0,1,2,2,1,1,0,0,1,2,1,1,1,1,4,8,7,4,4,3,3,1,3,2,5,2,4,2,3,1,2,0,3,4,4,4,4,4,3,2,2,3,2,1,2,2,1,0,0,1,1,0,0,0,0,0,0,0,0,0,0,0,0,0,0,0,0,0,0,0,0,0,0,0,,115
690,Royal Oak,Nov-16,,0,0,0,0,0,0,0,0,0,0,0,0,0,0,0,0,0,1,2,4,7,8,8,8,9,10,12,12,15,20,24,23,24,27,34,36,35,34,36,35,35,35,34,34,39,37,37,37,41,40,37,33,33,32,32,34,40,39,34,34,38,39,34,34,33,34,28,26,25,25,23,22,21,19,18,18,17,14,11,12,14,13,11,10,11,10,7,4,3,2,0,0,0,0,0,0,,1717
691,Ruislip,Nov-16,,0,0,0,0,0,0,0,0,0,0,0,0,0,0,0,0,0,3,5,7,7,7,6,7,9,10,11,12,15,16,19,22,27,30,35,35,36,39,44,37,34,35,38,37,36,33,29,30,31,30,26,24,24,24,22,22,22,24,24,23,20,20,18,16,15,15,15,15,14,12,8,9,10,9,6,6,6,5,5,7,6,5,5,6,5,4,3,2,1,0,0,0,0,0,0,0,,1275
692,Ruislip Gardens,Nov-16,,0,0,0,0,0,0,0,0,0,0,0,0,0,0,0,0,0,4,7,8,7,7,5,6,7,6,7,8,9,9,10,14,15,14,14,17,20,21,20,19,20,19,18,17,18,19,19,16,13,12,12,11,10,9,9,10,10,9,8,8,8,6,7,6,7,8,8,6,6,5,5,4,5,4,4,3,3,2,2,2,2,2,2,2,1,1,1,0,0,0,0,0,0,0,0,0,,633
693,Ruislip Manor,Nov-16,,0,0,0,0,0,0,0,0,0,0,0,0,0,0,0,0,0,0,6,7,7,7,7,8,8,9,11,15,16,16,18,20,23,27,28,30,32,33,32,32,36,36,34,33,35,30,25,24,26,25,22,21,20,21,20,17,15,15,15,16,17,17,15,15,14,12,10,10,11,10,9,9,9,8,7,6,5,4,4,6,7,7,5,4,4,4,2,1,2,2,2,0,0,0,0,0,,1116
694,Russell Square,Nov-16,,0,0,0,0,0,0,0,0,0,0,0,0,0,0,0,0,0,0,12,23,33,35,35,45,65,86,109,142,190,237,274,305,321,307,284,268,249,210,177,162,155,160,167,168,168,170,169,166,180,194,195,191,194,208,213,217,219,219,209,212,224,236,236,226,207,183,163,150,143,131,118,112,122,122,107,94,92,83,69,69,73,75,71,81,86,65,29,11,7,4,0,0,0,0,0,0,,10732
698,Seven Sisters,Nov-16,,0,0,0,0,0,0,0,0,0,0,0,0,38,47,59,69,92,122,145,213,274,306,261,241,233,249,253,264,293,324,334,317,336,367,370,347,361,368,347,319,335,359,361,337,335,350,353,344,349,354,333,304,303,301,289,271,277,274,280,280,282,275,269,259,249,248,237,224,217,218,206,182,160,143,138,132,126,114,108,99,96,90,85,76,66,52,33,18,9,3,0,0,0,0,0,0,,17752
700,Shepherd's Bush (Cen),Nov-16,,0,0,0,0,0,0,0,0,0,0,0,0,13,16,24,34,38,37,37,48,68,80,75,75,88,113,124,138,169,209,241,256,288,314,321,313,320,334,331,324,326,345,361,368,380,398,402,418,448,473,467,466,485,507,518,517,539,566,563,564,568,588,562,680,826,844,655,500,453,423,374,316,287,259,231,209,189,172,161,161,162,164,204,232,215,123,53,9,6,0,0,0,0,0,0,0,,23165
775,Shepherd's Bush (H&C),Nov-16,,0,0,0,0,0,0,0,0,0,0,0,0,0,0,0,0,2,6,9,9,13,16,17,15,17,22,26,26,30,35,40,42,48,55,60,60,62,61,58,54,56,60,63,63,62,62,61,59,63,67,65,59,59,64,66,66,68,64,56,52,57,61,60,58,64,67,56,45,43,41,37,32,28,25,26,28,26,21,18,17,20,26,34,33,25,18,14,9,3,1,0,0,0,0,0,0,,3011
702,Sloane Square,Nov-16,,0,0,0,0,0,0,0,0,0,0,0,0,0,0,0,0,0,0,8,12,19,24,22,24,29,36,38,43,53,67,75,81,89,104,107,117,120,142,147,158,170,200,220,240,246,245,243,247,258,274,281,282,300,312,316,335,363,366,348,365,396,402,365,382,447,446,347,259,218,182,152,136,127,117,119,119,109,95,78,73,69,75,72,70,63,56,44,26,7,0,1,0,0,0,0,0,,12178
703,Snaresbrook,Nov-16,,0,0,0,0,0,0,0,0,0,0,0,0,2,1,1,3,4,4,5,8,10,10,9,12,15,18,18,19,23,27,31,33,35,35,37,45,50,52,49,51,53,54,54,51,48,47,47,42,41,41,39,34,33,34,33,32,29,29,29,29,29,28,28,27,26,26,23,18,16,15,13,12,11,13,12,11,9,8,7,6,9,9,8,5,5,2,1,1,0,0,0,0,0,0,0,0,,1784
704,South Ealing,Nov-16,,0,0,0,0,0,0,0,0,0,0,0,0,0,0,0,4,8,12,13,19,22,23,22,26,32,33,29,34,49,56,59,61,67,68,67,72,78,85,86,88,88,89,82,74,71,73,68,66,63,61,55,54,53,50,43,43,46,50,46,44,45,52,52,50,46,42,37,33,32,26,23,20,21,21,20,21,20,18,14,13,13,13,13,13,11,9,7,4,2,0,0,0,0,0,0,0,,3023
707,South Harrow,Nov-16,,0,0,0,0,0,0,0,0,0,0,0,0,0,0,0,0,0,9,21,30,27,25,26,24,27,27,32,33,34,33,33,34,37,38,38,41,43,39,35,36,41,40,39,40,41,40,35,34,32,35,32,32,29,28,27,26,24,23,24,27,29,27,23,21,23,24,22,20,20,18,15,14,15,13,11,11,13,12,10,10,9,8,6,5,3,3,3,2,2,1,0,0,0,0,0,0,,1764
708,South Kensington,Nov-16,,0,0,0,0,0,0,0,0,0,0,0,0,0,0,0,0,2,7,16,29,39,40,37,47,66,89,103,117,130,149,177,209,246,267,276,290,330,369,403,445,513,579,607,638,701,751,736,747,792,829,821,841,878,917,934,974,1034,1081,1085,1064,1069,1136,1217,1252,1139,928,713,605,539,456,386,364,376,382,358,314,295,269,271,306,321,337,317,296,245,218,143,65,26,4,0,0,0,0,0,0,,34752
709,South Kenton,Aut-07,,0,0,0,0,0,0,0,0,0,0,0,0,0,0,0,0,0,0,0,0,1,2,5,11,12,10,8,13,11,9,10,17,18,14,13,13,10,10,15,23,16,14,12,17,14,18,15,18,16,13,13,16,23,15,15,8,9,7,12,13,12,9,5,10,13,13,7,10,9,7,3,5,7,11,9,8,2,2,4,5,4,6,6,4,2,3,1,0,0,1,1,1,0,0,0,0,,689
710,South Ruislip,Nov-15,,0,0,0,0,0,0,0,0,0,0,0,0,0,0,0,0,0,4,9,12,11,10,9,11,12,15,13,14,17,22,25,25,28,34,36,34,34,41,43,39,32,32,34,33,30,32,31,28,24,25,24,22,21,21,21,22,22,18,15,14,14,15,15,15,14,14,14,13,11,9,8,8,8,7,6,5,5,5,5,4,3,3,3,3,2,2,1,0,0,0,0,0,0,0,0,0,,1211
711,South Wimbledon,Nov-16,,0,0,0,0,0,0,0,0,0,0,0,0,1,1,1,2,2,1,9,24,32,29,24,26,29,34,35,39,45,51,50,53,60,62,61,62,71,76,79,77,82,86,81,75,75,78,77,75,71,67,68,67,68,66,65,60,62,65,62,59,58,64,64,61,58,55,50,46,44,40,35,33,32,30,28,26,25,22,20,22,22,21,17,16,11,6,1,2,1,1,0,0,0,0,0,0,,3356
712,South Woodford,Nov-14,,0,0,0,0,0,0,0,0,0,0,0,0,0,0,0,0,1,1,10,20,26,21,20,21,25,27,31,37,45,52,54,56,61,67,70,72,76,80,81,80,80,88,87,80,77,82,79,75,74,67,58,57,58,55,50,46,45,45,44,40,40,40,39,38,37,35,34,33,29,24,21,20,18,18,16,16,15,14,13,13,14,12,13,13,11,6,2,1,0,0,0,0,0,0,0,0,,2906
705,Southfields,Nov-16,,0,0,0,0,0,0,0,0,0,0,0,0,0,0,0,0,0,0,7,17,29,33,31,34,41,46,49,56,70,77,83,91,105,114,120,122,124,129,130,130,134,135,131,128,132,132,120,112,111,108,95,93,98,94,77,68,71,72,69,67,71,75,67,59,53,56,53,49,39,31,25,24,24,22,18,16,16,16,14,13,12,11,11,11,8,5,4,4,1,0,1,0,0,0,0,0,,4494
706,Southgate,Nov-16,,0,0,0,0,0,0,0,0,0,0,0,0,0,0,0,0,0,0,12,28,37,31,29,34,44,53,52,53,65,76,78,79,83,84,91,105,115,111,108,109,113,111,110,108,110,107,98,93,94,89,80,75,75,71,69,69,70,68,62,62,67,69,63,59,60,56,51,48,48,44,37,33,33,34,31,27,28,26,22,22,23,22,20,16,10,3,1,1,1,1,1,0,0,0,0,0,,4168
784,Southwark,Nov-16,,0,0,0,0,0,0,0,0,0,0,0,0,26,25,24,26,38,48,53,45,39,43,42,44,43,55,57,69,79,104,112,133,137,155,144,156,154,172,160,161,148,154,141,150,153,161,142,152,153,168,165,176,171,179,183,194,200,210,198,197,199,206,190,198,205,188,154,138,127,112,96,89,83,77,69,67,62,60,60,60,55,56,58,65,68,57,39,22,9,1,0,0,0,0,0,0,,8609
695,St. James's Park,Nov-16,,0,0,0,0,0,0,0,0,0,0,0,0,0,0,0,0,0,1,5,12,15,15,17,17,17,22,24,25,30,44,54,60,63,73,80,84,87,105,131,159,172,184,181,175,163,153,141,128,127,135,145,137,121,124,127,138,142,146,142,146,142,131,133,138,134,121,108,97,87,78,69,56,46,42,41,36,31,27,25,24,25,25,25,29,33,33,22,11,4,2,0,0,0,0,0,0,,5842
696,St. John's Wood,Nov-16,,0,0,0,0,0,0,0,0,0,0,0,0,1,1,2,3,3,4,4,8,12,17,18,23,28,39,46,49,50,57,64,67,77,95,106,105,109,122,128,129,133,140,140,141,142,145,139,134,132,127,121,117,121,122,124,126,131,133,125,125,128,124,112,108,111,110,99,85,77,72,60,56,60,61,55,49,41,32,27,26,29,32,32,27,22,19,16,10,5,0,0,0,0,0,0,0,,5670
697,St. Paul's,Nov-16,,0,0,0,0,0,0,0,0,0,0,0,0,9,9,9,10,10,10,11,17,23,25,18,15,19,27,36,41,47,50,56,65,77,92,101,118,138,163,173,173,179,196,227,245,255,253,251,246,254,263,268,275,294,310,320,331,342,365,357,337,317,307,291,289,292,279,253,226,198,168,141,122,119,110,100,93,86,84,87,86,73,61,50,50,54,49,25,7,0,0,0,0,0,0,0,0,,11127
713,Stamford Brook,Nov-16,,0,0,0,0,0,0,0,0,0,0,0,0,0,0,0,0,1,3,6,8,10,11,10,14,22,25,25,24,29,31,34,36,43,45,45,45,48,50,51,49,52,54,55,51,49,44,44,45,46,43,37,38,41,40,35,38,38,37,34,35,37,38,38,38,35,30,27,26,24,21,19,19,21,20,15,12,13,11,9,8,10,9,7,6,5,4,3,2,1,0,0,0,0,0,0,0,,2029
714,Stanmore,Nov-16,,0,0,0,0,0,0,0,0,0,0,0,0,4,4,5,5,6,8,17,23,25,25,29,28,29,29,36,48,59,65,67,76,82,89,95,100,102,102,103,96,92,89,90,87,84,79,70,61,57,55,50,44,46,49,48,44,46,48,48,45,45,41,39,40,42,39,34,31,28,26,25,23,21,19,17,16,15,15,14,14,11,12,11,11,10,9,5,3,0,0,0,0,0,0,0,0,,3205
715,Stepney Green,Nov-16,,0,0,0,0,0,0,0,0,0,0,0,0,0,0,0,1,3,7,12,19,28,32,31,33,43,48,48,52,61,67,68,73,83,96,98,93,91,99,101,101,104,111,105,101,102,108,104,103,105,107,103,100,103,101,94,89,87,81,76,75,82,87,84,79,73,73,68,70,65,59,51,57,64,70,64,57,51,47,42,36,34,32,29,27,32,32,26,15,10,5,2,0,0,0,0,0,,4870
716,Stockwell,Nov-16,,0,0,0,0,0,0,0,0,0,0,0,0,28,27,28,33,40,48,51,57,62,74,70,67,74,93,101,108,124,153,165,173,188,214,216,212,215,231,243,241,237,238,245,242,244,243,233,216,208,207,197,185,179,181,175,170,161,158,156,156,164,174,173,164,167,173,165,151,141,125,106,94,96,90,76,67,66,63,60,55,53,53,56,55,49,42,31,18,5,0,0,0,0,0,0,0,,10099
717,Stonebridge Park,Nov-16,,0,0,0,0,0,0,0,0,0,0,0,0,0,0,0,0,0,0,3,15,26,27,19,18,21,23,22,23,27,28,26,26,30,33,34,36,36,32,29,28,31,31,30,30,31,31,29,33,35,36,34,32,32,30,29,29,31,30,28,31,40,39,31,27,35,38,32,33,32,28,17,18,19,20,15,13,13,13,11,9,9,10,9,9,9,10,10,7,3,1,0,0,0,0,0,0,,1745
719,Stratford,Nov-16,,0,0,0,0,0,0,0,0,0,0,0,0,64,76,98,140,196,246,284,397,545,618,563,543,555,567,539,571,650,704,704,707,790,859,857,848,904,956,913,879,953,1082,1165,1222,1313,1417,1465,1495,1566,1635,1662,1677,1742,1780,1773,1820,1984,2148,2131,2038,1991,1956,1949,2343,2639,2369,1676,1326,1193,1065,872,775,748,747,663,569,514,481,456,454,442,390,317,272,235,182,121,60,28,8,4,2,1,0,0,0,,74689
720,Sudbury Hill,Nov-16,,0,0,0,0,0,0,0,0,0,0,0,0,0,0,0,0,0,3,12,19,22,20,19,17,18,19,20,23,26,26,26,27,28,26,26,26,27,29,32,31,30,28,27,26,27,29,29,29,28,28,26,23,19,19,21,22,20,20,19,19,19,19,19,17,18,19,17,14,14,15,13,10,9,10,8,7,6,6,6,8,8,6,4,2,1,2,1,1,1,0,0,0,0,0,0,0,,1291
721,Sudbury Town,Nov-16,,0,0,0,0,0,0,0,0,0,0,0,0,0,0,0,0,0,1,12,25,29,24,24,23,25,24,26,25,28,28,28,30,33,35,34,35,36,35,32,29,33,37,39,34,32,31,33,35,34,32,30,28,26,26,23,21,23,26,26,26,28,27,24,22,24,25,24,23,20,16,15,14,13,12,13,10,9,7,6,5,6,6,6,4,4,5,4,3,2,1,0,0,0,0,0,0,,1594
723,Swiss Cottage,Nov-16,,0,0,0,0,0,0,0,0,0,0,0,0,2,3,4,4,5,5,6,13,19,28,27,30,37,48,53,56,66,84,95,98,106,120,129,136,143,148,147,139,139,138,137,132,137,135,127,122,123,122,116,110,112,115,110,101,102,110,106,105,104,110,108,107,96,92,86,85,80,74,66,62,60,54,47,40,39,39,39,41,42,40,36,36,36,33,25,15,6,2,0,0,0,0,0,0,,5850
724,Temple,Nov-16,,0,0,0,0,0,0,0,0,0,0,0,0,0,0,0,0,0,0,2,4,5,4,3,4,3,3,5,7,11,15,17,19,20,22,23,27,31,33,33,39,43,48,43,47,51,58,60,65,68,68,68,72,74,80,83,89,87,87,82,88,107,116,102,94,95,89,80,79,74,63,56,51,50,46,41,41,44,43,38,35,37,33,29,24,25,20,15,9,6,0,0,0,0,0,0,0,,3233
725,Theydon Bois,Nov-16,,0,0,0,0,0,0,0,0,0,0,0,0,0,0,0,0,0,0,2,3,4,3,2,3,4,4,5,5,7,8,9,9,9,9,10,11,13,15,15,13,12,13,13,15,15,13,12,14,16,16,14,15,14,14,15,17,16,16,17,17,16,14,12,11,10,9,8,8,7,5,4,4,3,3,2,2,2,2,1,3,4,4,2,3,2,0,0,0,0,0,0,0,0,0,0,0,,598
726,Tooting Bec,Nov-16,,0,0,0,0,0,0,0,0,0,0,0,0,2,2,2,2,2,2,4,17,33,41,38,41,54,64,70,73,86,96,99,102,119,134,140,147,155,160,166,170,178,179,176,167,171,171,162,155,150,141,125,117,113,110,104,101,96,97,99,96,92,92,92,90,88,86,77,75,74,72,63,57,50,48,46,43,40,37,34,30,29,25,23,22,19,11,6,5,5,3,0,0,0,0,0,0,,6163
727,Tooting Broadway,Nov-16,,0,0,0,0,0,0,0,0,0,0,0,0,2,3,4,4,6,3,27,70,112,113,108,114,134,149,156,167,186,196,193,198,229,257,262,253,271,298,304,295,306,324,325,317,326,339,324,307,299,293,276,268,265,256,241,234,235,232,231,239,245,234,215,197,183,174,164,150,143,137,129,121,122,115,101,91,88,82,70,66,65,58,51,49,41,24,10,7,6,0,0,0,0,0,0,0,,12889
728,Tottenham Court Road,Nov-16,,0,0,0,0,0,0,0,0,0,0,0,0,61,59,55,51,54,46,38,41,51,56,52,50,48,52,52,65,81,98,115,135,158,172,188,192,211,217,209,219,258,326,450,547,562,533,544,579,620,659,686,770,854,905,907,924,922,916,918,956,1018,1077,1134,1228,1251,1108,868,728,664,653,662,702,681,620,530,483,521,518,451,395,425,425,405,386,363,316,193,66,0,0,0,0,0,0,0,0,,34533
729,Tottenham Hale,Nov-16,,0,0,0,0,0,0,0,0,0,0,0,0,9,12,15,18,20,22,31,49,85,102,91,68,101,126,136,120,164,180,205,195,225,220,223,203,227,236,245,237,259,239,230,234,258,250,243,234,228,230,226,221,222,214,207,196,208,219,237,235,233,232,231,227,211,210,227,247,231,201,184,175,159,141,142,136,142,131,113,87,81,73,65,51,42,34,30,19,10,5,0,0,0,0,0,0,,12225
730,Totteridge & Whetstone,Nov-16,,0,0,0,0,0,0,0,0,0,0,0,0,0,1,1,0,0,1,5,10,12,10,10,12,14,16,16,21,22,23,23,29,33,35,33,34,39,42,39,36,38,39,38,36,34,35,33,32,31,33,29,26,23,23,20,20,20,21,21,22,23,22,22,20,19,18,18,17,15,12,11,11,9,8,7,8,6,6,6,6,7,9,7,5,2,1,1,0,0,0,0,0,0,0,0,0,,1387
731,Tower Hill,Nov-16,,0,0,0,0,0,0,0,0,0,0,0,0,0,0,0,0,0,0,20,34,59,59,64,48,72,79,96,99,154,184,238,256,327,336,390,388,447,423,452,430,463,426,428,393,413,409,426,411,416,412,420,433,453,462,464,473,489,484,478,472,472,451,435,399,386,358,335,299,282,250,226,206,187,165,159,151,139,119,107,93,98,92,83,72,69,56,37,21,9,0,0,0,0,0,0,0,,19236
733,Tufnell Park,Nov-16,,0,0,0,0,0,0,0,0,0,0,0,0,1,1,1,1,1,2,1,5,11,16,17,18,22,26,30,33,42,51,53,55,64,74,77,76,82,87,90,85,86,90,95,93,94,94,89,80,77,76,72,66,63,62,60,57,57,60,59,57,57,60,57,53,51,50,49,44,37,32,32,29,28,26,23,19,18,18,18,20,23,27,26,26,22,16,7,3,1,0,0,0,0,0,0,0,,3381
734,Turnham Green,Nov-16,,0,0,0,0,0,0,0,0,0,0,0,0,0,0,0,0,5,6,10,13,19,22,24,23,27,31,38,45,52,52,59,71,86,90,94,92,100,104,108,107,113,117,114,109,105,106,102,102,100,96,90,92,93,87,77,76,82,86,84,81,87,88,76,68,69,71,59,49,44,39,33,31,29,27,24,25,25,24,21,21,23,25,24,24,19,16,10,7,3,2,0,0,0,0,0,0,,4253
735,Turnpike Lane,Nov-16,,0,0,0,0,0,0,0,0,0,0,0,0,0,0,0,0,0,0,10,75,137,153,119,105,116,134,133,143,174,185,172,173,204,219,207,206,227,239,224,214,219,230,231,227,230,235,231,222,219,218,203,192,192,199,188,177,174,172,163,160,171,170,157,150,156,155,143,132,127,114,97,82,83,78,69,61,64,61,54,49,48,45,40,39,32,20,7,4,4,4,3,1,0,0,0,0,,10071
736,Upminster,Aut-08,,0,0,0,0,0,0,0,0,0,0,0,0,0,0,0,0,0,1,9,16,15,14,15,18,20,27,24,34,34,46,50,74,61,70,65,84,76,88,80,74,62,80,80,72,53,66,57,68,51,49,35,49,39,40,36,46,42,36,16,20,38,49,35,37,42,43,33,24,21,22,22,13,7,12,10,12,12,14,8,9,8,13,14,16,9,5,2,1,1,2,0,0,0,0,0,0,,2526
737,Upminster Bridge,Nov-16,,0,0,0,0,0,0,0,0,0,0,0,0,0,0,1,1,1,1,3,4,5,4,3,2,3,4,5,6,6,6,7,8,9,10,10,9,9,9,9,8,10,10,9,7,6,7,7,7,6,6,6,5,5,5,6,6,6,6,6,7,7,7,5,6,6,5,3,4,4,3,3,4,4,2,2,2,2,2,2,2,3,3,3,1,1,1,0,0,0,0,0,0,0,0,0,0,,363
738,Upney,Nov-16,,0,0,0,0,0,0,0,0,0,0,0,0,0,1,4,7,12,14,19,23,26,25,26,27,25,23,26,29,29,32,35,36,37,39,38,39,42,42,40,39,39,39,39,37,36,38,41,42,41,39,33,32,32,30,27,27,27,26,27,28,26,25,26,26,23,21,23,22,19,17,15,15,14,13,9,8,8,8,7,7,7,7,6,5,3,2,1,1,0,0,0,0,0,0,0,0,,1779
739,Upton Park,Nov-16,,0,0,0,0,0,0,0,0,0,0,0,0,0,0,8,20,41,61,83,109,138,145,139,127,124,120,124,133,146,149,143,144,162,173,170,161,170,173,162,150,155,165,167,169,172,167,161,162,167,163,152,149,158,156,145,139,140,135,130,130,127,120,117,115,117,112,104,94,95,93,85,75,67,59,55,50,48,42,39,38,36,28,22,20,19,15,9,4,2,1,0,0,0,0,0,0,,8165
740,Uxbridge,Nov-16,,0,0,0,0,0,0,0,0,0,0,0,0,0,0,0,0,7,16,25,25,30,31,36,35,41,45,51,50,59,70,76,80,86,94,93,97,107,120,124,126,130,133,135,133,132,132,134,127,120,119,117,117,118,118,115,115,111,107,111,126,133,120,102,94,85,72,64,62,62,59,53,46,41,40,38,37,33,31,28,27,24,22,19,16,13,13,10,7,6,0,0,0,0,0,0,0,,5331
777,Vauxhall,Nov-16,,0,0,0,0,0,0,0,0,0,0,0,0,39,41,45,46,53,61,78,87,109,142,169,188,194,210,205,242,284,354,371,412,441,524,564,612,620,676,685,728,718,772,743,757,715,724,653,645,615,631,577,570,553,543,481,465,448,465,445,473,455,496,452,464,457,475,428,411,398,385,343,309,275,249,200,177,167,168,153,141,140,138,125,109,103,99,76,46,17,4,0,0,0,0,0,0,,27633
741,Victoria,Nov-16,,0,0,0,0,0,0,0,0,0,0,0,0,32,34,31,36,59,88,98,124,174,316,423,449,418,469,516,600,741,941,1025,1113,1199,1336,1365,1480,1524,1618,1587,1667,1696,1775,1727,1709,1635,1646,1612,1587,1528,1567,1516,1483,1450,1488,1408,1408,1394,1460,1487,1536,1516,1545,1519,1494,1424,1466,1443,1445,1338,1293,1232,1221,1154,1107,1002,919,853,879,839,812,714,710,662,647,581,515,390,230,97,17,13,11,6,0,0,0,,79669
742,Walthamstow Central,Aut-16,,0,0,0,0,0,0,0,0,0,0,0,0,0,0,0,79,87,124,163,205,234,253,252,260,237,277,401,554,551,442,327,334,340,340,330,367,367,386,364,366,374,383,355,385,383,350,331,331,299,283,276,287,276,289,279,273,243,254,283,298,262,238,228,229,217,212,173,130,95,138,163,158,100,84,84,99,92,79,81,83,65,52,56,54,41,26,11,6,9,0,0,0,0,0,0,0,,17137
743,Wanstead,Nov-16,,0,0,0,0,0,0,0,0,0,0,0,0,2,2,3,4,5,6,7,9,12,13,14,13,16,18,20,21,28,35,35,36,41,48,47,53,57,62,61,64,64,67,67,68,65,64,61,61,58,56,52,55,53,47,41,43,40,37,35,36,36,38,38,35,32,29,26,22,23,24,22,18,17,16,14,12,13,13,11,11,11,11,9,8,7,5,3,2,2,0,0,0,0,0,0,0,,2310
745,Warren Street,Nov-16,,0,0,0,0,0,0,0,0,0,0,0,0,9,8,9,14,19,24,24,29,33,34,30,36,49,66,72,68,64,68,79,89,98,109,113,120,121,130,123,120,120,134,145,142,157,171,179,168,173,181,180,181,194,208,204,214,233,245,243,254,258,253,235,240,250,244,209,185,180,174,157,148,156,164,161,154,136,112,88,84,81,78,71,68,66,62,46,25,10,5,2,1,0,0,0,0,,9587
746,Warwick Avenue,Nov-16,,0,0,0,0,0,0,0,0,0,0,0,0,0,0,0,0,0,0,0,0,12,15,16,16,20,24,27,28,33,43,50,53,57,66,68,71,80,91,89,93,93,92,85,91,94,91,85,83,84,82,76,75,76,78,80,80,80,81,81,79,84,88,77,67,65,67,62,56,49,44,37,36,31,31,26,24,22,22,21,20,24,25,24,24,23,18,9,3,1,0,0,0,0,0,0,0,,3698
747,Waterloo,Nov-16,,0,0,0,0,0,0,0,0,0,0,0,0,16,17,17,18,20,24,24,41,87,139,142,157,207,256,295,322,374,457,578,611,615,700,893,1007,949,950,1096,1234,1152,1086,1129,1176,1136,1074,1110,1135,1095,1045,1055,1071,1020,986,1038,1083,1060,1019,1072,1146,1189,1237,1265,1258,1237,1223,1219,1149,1092,992,953,892,878,832,778,685,632,555,548,555,556,482,444,426,406,352,249,122,46,9,4,4,0,0,0,0,,55203
748,Watford,Nov-16,,0,0,0,0,0,0,0,0,0,0,0,0,0,0,0,0,0,0,5,11,13,10,9,9,12,14,15,13,15,17,19,19,22,26,28,29,30,28,27,26,26,24,25,25,26,22,21,22,27,26,22,17,16,16,20,20,22,20,19,16,20,21,18,16,16,12,9,10,11,10,9,9,12,13,11,6,5,5,5,4,4,4,3,3,3,2,1,1,0,0,0,0,0,0,0,0,,1072
751,Wembley Central,Nov-16,,0,0,0,0,0,0,0,0,0,0,0,0,0,0,0,0,0,0,0,28,41,48,40,37,42,47,47,51,62,72,69,67,73,78,77,73,80,85,87,87,86,89,92,94,97,101,106,103,103,104,103,99,98,94,93,90,95,94,100,105,108,104,90,79,70,69,62,54,65,80,79,57,48,46,45,40,39,36,34,30,29,27,24,18,16,12,10,7,6,3,1,0,0,0,0,0,,4625
752,Wembley Park,Nov-16,,0,0,0,0,0,0,0,0,0,0,0,0,10,12,19,23,24,29,61,88,113,115,113,98,107,118,126,132,153,168,179,200,230,248,244,236,245,254,246,239,255,268,267,262,272,278,275,268,271,266,263,258,262,265,262,263,267,277,262,291,381,480,437,326,239,217,186,219,235,201,136,136,141,130,118,110,135,140,122,88,86,80,80,142,163,117,37,21,15,8,3,1,0,0,0,0,,14112
753,West Acton,Nov-16,,0,0,0,0,0,0,0,0,0,0,0,0,2,1,2,3,4,5,6,7,8,9,10,12,13,15,15,18,20,23,26,26,30,35,38,38,43,46,44,43,46,47,46,42,43,43,42,38,41,38,31,26,34,38,35,28,29,28,25,22,28,29,25,17,17,18,17,13,16,21,18,11,9,9,8,7,7,8,9,8,7,5,4,3,3,2,1,0,1,1,0,0,0,0,0,0,,1586
755,West Brompton,Nov-16,,0,0,0,0,0,0,0,0,0,0,0,0,0,0,0,0,0,0,0,7,11,13,14,19,23,26,29,37,52,65,71,72,74,75,75,76,74,69,65,67,69,64,59,61,65,61,56,56,58,58,56,58,60,64,63,59,55,52,54,58,65,64,59,57,59,59,52,48,47,46,42,36,31,26,26,25,24,20,18,18,16,14,12,12,11,9,7,3,2,1,0,0,0,0,0,0,,3109
756,West Finchley,Nov-16,,0,0,0,0,0,0,0,0,0,0,0,0,0,0,0,0,1,0,1,5,7,6,5,6,9,12,12,14,18,21,21,23,28,29,26,25,28,29,28,29,30,30,28,28,29,29,26,22,22,22,19,17,17,17,16,15,15,15,13,11,12,14,14,13,12,12,12,11,9,8,7,7,6,5,5,4,4,4,4,3,3,3,2,1,1,1,0,0,1,0,0,0,0,0,0,0,,982
757,West Ham,Nov-16,,0,0,0,0,0,0,0,0,0,0,0,0,3,2,3,4,9,14,18,22,30,33,28,26,28,32,31,33,39,44,43,44,49,56,54,56,57,64,64,63,58,60,60,61,60,60,56,53,51,51,50,48,46,45,45,45,46,48,46,45,43,43,40,39,47,52,47,36,32,32,31,29,26,24,19,16,17,18,14,11,10,10,10,8,7,6,6,4,2,1,0,0,0,0,0,0,,2663
758,West Hampstead,Nov-16,,0,0,0,0,0,0,0,0,0,0,0,0,2,2,2,4,5,5,7,17,27,34,35,40,45,59,64,78,93,120,126,133,140,169,170,177,176,211,206,210,204,227,211,206,200,209,196,189,182,180,167,155,149,159,152,145,135,140,136,135,130,137,134,131,126,130,121,111,97,92,80,76,67,71,61,59,50,50,43,53,55,56,48,48,36,35,25,16,4,0,0,0,0,0,0,0,,7976
759,West Harrow,Nov-16,,0,0,0,0,0,0,0,0,0,0,0,0,0,0,0,0,0,0,5,10,14,13,12,10,11,13,14,11,12,15,17,21,26,25,20,19,22,23,24,20,25,27,23,19,24,26,23,19,20,22,21,16,14,13,15,14,12,9,12,12,12,13,14,14,15,15,14,14,12,9,11,12,9,8,10,7,4,4,6,5,4,5,5,4,4,4,3,0,0,0,0,0,0,0,0,0,,960
760,West Kensington,Nov-16,,0,0,0,0,0,0,0,0,0,0,0,0,0,0,0,0,0,10,12,15,21,27,27,25,30,39,44,48,60,70,76,85,102,109,106,101,102,101,101,101,103,99,93,92,96,97,95,95,94,85,78,75,77,76,72,72,77,77,72,72,75,71,67,65,64,62,58,55,50,46,44,41,36,32,32,33,30,27,27,27,24,22,22,19,18,18,13,5,1,1,0,0,0,0,0,0,,4194
762,West Ruislip,Nov-16,,0,0,0,0,0,0,0,0,0,0,0,0,0,0,0,0,3,5,7,7,7,7,6,5,7,10,14,17,18,18,23,27,35,27,30,32,39,36,35,35,30,28,28,30,29,30,30,28,24,21,21,21,18,17,14,12,13,17,16,17,14,14,13,13,13,15,14,12,12,11,9,12,12,9,8,8,11,6,4,4,4,7,6,6,2,2,2,0,0,0,0,0,0,0,0,0,,1137
754,Westbourne Park,Nov-16,,0,0,0,0,0,0,0,0,0,0,0,0,0,0,0,0,0,6,6,7,12,15,15,15,19,22,23,25,30,36,38,39,42,45,47,50,53,55,57,60,63,68,70,66,64,64,59,56,56,56,58,61,61,56,54,54,57,55,50,48,51,50,45,41,43,44,43,37,35,30,27,25,24,23,23,25,23,23,21,20,18,18,16,15,12,10,7,4,2,1,0,0,0,0,0,0,,2649
761,Westminster,Nov-16,,0,0,0,0,0,0,0,0,0,0,0,0,9,10,9,8,7,9,15,24,29,29,25,29,42,58,62,66,71,89,109,139,169,210,260,314,348,370,402,476,569,641,677,669,644,617,611,604,610,623,632,643,660,682,693,722,786,810,804,771,798,771,745,692,700,689,661,635,623,575,512,478,470,460,421,378,331,290,240,217,206,180,182,182,160,113,81,44,16,0,0,0,0,0,0,0,,28706
764,White City,Nov-16,,0,0,0,0,0,0,0,0,0,0,0,0,7,7,8,12,14,15,16,23,32,35,34,35,43,47,45,43,52,62,62,57,65,75,75,72,74,76,75,75,80,84,82,81,88,94,91,92,102,103,94,87,90,94,92,93,98,105,101,97,90,92,90,98,112,116,99,84,80,77,68,61,59,59,52,43,38,36,32,28,28,28,24,20,20,18,13,7,4,1,0,0,0,0,0,0,,4661
763,Whitechapel,Nov-16,,0,0,0,0,0,0,0,0,0,0,0,0,0,0,0,0,8,14,20,25,38,46,40,36,51,82,100,95,87,86,91,93,107,117,120,113,120,133,141,138,140,149,148,145,154,169,168,170,180,188,177,175,189,196,182,179,189,194,185,193,198,200,185,182,186,203,194,172,149,146,141,140,144,154,152,131,104,91,85,83,76,70,62,57,59,58,47,31,23,12,4,0,0,0,0,0,,8910
765,Willesden Green,Nov-16,,0,0,0,0,0,0,0,0,0,0,0,0,0,0,0,0,0,0,0,32,72,82,57,53,72,81,89,98,129,152,157,147,172,211,215,199,197,198,183,178,195,196,188,189,193,183,169,174,173,184,173,159,146,157,150,137,126,130,120,113,108,114,109,116,113,106,94,94,90,90,83,75,65,59,55,60,64,64,50,38,31,29,23,25,23,22,19,13,3,0,0,0,0,0,0,0,,7864
766,Willesden Junction,Aut-07,,0,0,0,0,0,0,0,0,0,0,0,0,0,0,0,0,0,2,6,11,14,17,16,21,23,33,36,46,43,39,36,47,60,54,48,47,58,48,46,50,55,49,52,61,52,42,51,67,73,71,67,63,61,60,53,52,52,61,67,72,71,63,56,53,56,60,59,47,41,45,49,45,42,40,35,34,30,24,16,20,21,16,18,18,17,13,7,2,0,0,0,0,0,0,0,0,,2980
767,Wimbledon,Aut-13,,0,0,0,0,0,0,0,0,0,0,0,0,0,0,0,0,0,2,24,55,82,75,75,75,89,92,110,145,155,179,169,221,216,202,189,246,289,271,239,215,231,254,250,252,262,228,171,184,213,231,184,160,146,179,182,205,202,207,270,338,319,294,262,231,176,164,121,152,134,103,53,88,110,114,90,76,68,49,51,58,51,23,21,46,71,66,42,15,3,1,0,0,0,0,0,0,,10816
768,Wimbledon Park,Nov-16,,0,0,0,0,0,0,0,0,0,0,0,0,0,0,0,0,0,0,1,4,6,7,5,7,8,9,10,14,19,22,21,21,26,31,33,33,33,33,33,34,36,38,35,34,34,37,37,37,34,30,24,24,25,25,22,20,21,21,21,22,21,20,19,16,17,18,18,15,13,12,10,9,8,8,6,4,4,5,5,7,6,6,6,6,4,3,2,1,0,1,0,0,0,0,0,0,,1257
770,Wood Green,Nov-16,,0,0,0,0,0,0,0,0,0,0,0,0,0,0,0,0,0,0,38,105,175,183,145,137,155,155,142,156,185,195,186,187,206,228,218,215,231,250,243,243,245,251,258,266,270,282,289,284,275,274,265,268,274,270,248,240,243,245,239,247,252,247,228,211,196,182,168,151,142,135,120,104,101,105,99,89,83,79,75,74,67,71,84,100,84,47,15,6,6,3,2,0,0,0,0,0,,12537
599,Wood Lane,Nov-16,,0,0,0,0,0,0,0,0,0,0,0,0,0,0,0,0,0,3,1,4,8,13,13,12,11,12,14,12,12,15,18,19,22,27,25,25,26,29,25,25,26,31,33,37,42,47,50,52,55,59,64,61,58,58,64,73,76,77,74,74,72,66,63,74,90,82,64,52,48,40,37,32,29,22,20,22,27,23,17,13,11,8,7,5,4,7,12,12,5,1,0,0,0,0,0,0,,2447
769,Woodford,Nov-16,,0,0,0,0,0,0,0,0,0,0,0,0,4,6,6,7,8,14,24,33,38,39,36,36,40,44,49,61,69,73,73,81,86,94,96,103,116,125,125,120,123,122,117,113,109,109,103,96,91,91,89,83,77,68,62,57,56,54,54,52,53,51,49,48,46,44,41,37,34,31,28,25,23,24,20,19,14,17,15,13,12,11,9,8,6,3,1,1,1,0,0,0,0,0,0,0,,4016
771,Woodside Park,Nov-15,,0,0,0,0,0,0,0,0,0,0,0,0,0,0,0,0,0,0,0,11,11,11,14,15,16,17,18,22,28,32,36,35,40,43,43,42,51,55,52,46,49,55,58,58,52,49,49,52,41,34,31,29,31,33,33,31,28,26,23,24,28,31,27,25,23,26,26,20,17,17,16,13,11,10,9,10,10,11,12,11,7,7,7,6,3,2,1,0,0,0,0,0,0,0,0,0,,1810
,Total,,,0,0,0,0,0,0,0,0,0,0,0,0,1063,1196,1500,2054,2750,3612,5359,8378,11411,12657,12217,12203,13603,15292,16494,18448,22127,25576,27428,29458,32974,36330,37229,38185,39972,42337,42377,42656,43864,46242,46880,47225,47636,48309,47582,47679,48454,49292,48190,47808,48419,49278,48678,49117,50664,51837,50969,51230,52626,53235,51199,51676,52731,51240,44837,40575,38032,35363,31822,29925,29119,27474,24714,23083,22470,21405,19764,19449,19269,18459,16967,16236,14872,11986,7679,3916,1727,621,196,66,17,1,0,1,,2356991
