COUNTS -  2016               - Weekday - Entries,,,,,,,,,,,,,,,,,,,,,,,,2016,Weekday,Entries,,,,,,,,,,,,,,,,,,,,,,,,,,,,,,,,,,,,,,,,,,,,,,,,,,,,,,,,,,,,,,,,,,,,,,,,,,,
,,,,,,,,,,,,,,,,,,,,,,,,,,,,,,,,,,,,,,,,,,,,,,,,,,,,,,,,,,,,,,,,,,,,,,,,,,,,,,,,,,,,,,,,,,,,,,,,,,,,,
(C) Copyright, London Underground Limited,2017,,,,,,,,,,,,,,,,,,,,,,,,,,,,,,,,,,,,,,,,,,,,,,,,,,,,,,,,,,,,,,,,,,,,,,,,,,,,,,,,,,,,,,,,,,,,,,,,,,,
,,,,,,,,,,,,,,,,,,,,,,,,,,,,,,,,,,,,,,,,,,,,,,,,,,,,,,,,,,,,,,,,,,,,,,,,,,,,,,,,,,,,,,,,,,,,,,,,,,,,,
Counts by Station and quarter Hour,,,,,,,,,,,,,,,,,,,,,,,,,,,,,,,,,,,,,,,,,,,,,,,,,,,,,,,,,,,,,,,,,,,,,,,,,,,,,,,,,,,,,,,,,,,,,,,,,,,,,
,,,,,,,,,,,,,,,,,,,,,,,,,,,,,,,,,,,,,,,,,,,,,,,,,,,,,,,,,,,,,,,,,,,,,,,,,,,,,,,,,,,,,,,,,,,,,,,,,,,,,
nlc, Station, Date, Note,0200-0215, 0215-0230, 0230-0245, 0245-0300, 0300-0315, 0315-0330, 0330-0345, 0345-0400, 0400-0415, 0415-0430, 0430-0445, 0445-0500, 0500-0515, 0515-0530, 0530-0545, 0545-0600, 0600-0615, 0615-0630, 0630-0645, 0645-0700, 0700-0715, 0715-0730, 0730-0745, 0745-0800, 0800-0815, 0815-0830, 0830-0845, 0845-0900, 0900-0915, 0915-0930, 0930-0945, 0945-1000, 1000-1015, 1015-1030, 1030-1045, 1045-1100, 1100-1115, 1115-1130, 1130-1145, 1145-1200, 1200-1215, 1215-1230, 1230-1245, 1245-1300, 1300-1315, 1315-1330, 1330-1345, 1345-1400, 1400-1415, 1415-1430, 1430-1445, 1445-1500, 1500-1515, 1515-1530, 1530-1545, 1545-1600, 1600-1615, 1615-1630, 1630-1645, 1645-1700, 1700-1715, 1715-1730, 1730-1745, 1745-1800, 1800-1815, 1815-1830, 1830-1845, 1845-1900, 1900-1915, 1915-1930, 1930-1945, 1945-2000, 2000-2015, 2015-2030, 2030-2045, 2045-2100, 2100-2115, 2115-2130, 2130-2145, 2145-2200, 2200-2215, 2215-2230, 2230-2245, 2245-2300, 2300-2315, 2315-2330, 2330-2345, 2345-2400, 0000-0015, 0015-0030, 0030-0045, 0045-0100, 0100-0115, 0115-0130, 0130-0145, 0145-0200, , Total
500,Acton Town,Nov-15,,0,0,0,0,0,0,0,0,0,0,0,22,25,26,40,56,77,92,118,166,227,279,312,362,414,431,388,317,251,202,165,133,118,112,104,102,106,106,98,98,109,115,109,103,104,102,99,101,106,105,99,109,159,197,189,170,178,187,179,186,198,201,193,183,179,166,142,119,107,96,76,68,63,56,45,43,45,44,37,32,31,33,29,28,26,24,21,20,15,9,6,4,2,0,0,0,,9994
502,Aldgate,Nov-16,,0,0,0,0,0,0,0,0,0,0,0,0,7,8,6,8,15,40,64,88,112,142,174,211,265,325,343,309,240,182,131,99,87,87,87,79,78,82,81,86,99,110,109,111,115,121,114,115,116,124,122,137,150,169,180,234,277,335,352,523,661,828,832,843,720,591,425,329,264,221,173,146,121,107,95,100,95,83,68,69,65,56,49,47,46,43,36,27,15,6,2,0,0,0,0,0,,14212
503,Aldgate East,Nov-16,,0,0,0,0,0,0,0,0,0,0,0,0,5,14,22,29,33,51,58,79,106,138,175,236,331,401,399,353,322,315,288,246,228,240,234,209,201,209,215,214,224,244,246,245,256,272,262,248,255,269,266,274,286,307,304,352,384,433,438,581,666,828,836,922,859,773,569,466,403,343,278,259,248,233,202,212,222,207,166,157,157,151,137,133,121,112,100,90,67,37,13,4,0,0,0,0,,21468
505,Alperton,Nov-16,,0,0,0,0,0,0,0,0,0,0,0,0,16,31,43,45,66,82,109,152,194,182,176,205,235,217,170,127,102,85,70,63,57,49,46,44,46,43,41,42,46,46,44,45,47,47,42,42,43,44,43,44,50,52,52,57,66,70,67,78,89,96,91,88,81,70,56,48,46,42,33,28,28,28,24,25,24,20,14,15,19,20,19,14,12,9,7,4,3,2,2,1,0,0,0,0,,4821
506,Amersham,Nov-16,,0,0,0,0,0,0,0,0,0,0,0,0,3,25,27,50,67,102,122,147,229,263,348,310,279,153,124,77,72,67,63,50,35,38,32,35,28,31,26,30,26,28,23,23,19,22,19,19,16,18,17,24,24,27,51,75,65,45,38,54,56,66,53,52,36,30,17,16,11,11,8,8,6,7,6,6,5,6,5,7,4,4,3,4,2,2,1,1,0,0,0,0,0,0,0,0,,3899
507,Angel,Nov-16,,0,0,0,0,0,0,0,0,0,0,0,0,0,0,14,28,47,72,98,135,188,262,320,391,477,578,613,584,499,413,315,248,216,219,215,218,231,248,246,272,316,339,319,325,346,351,323,326,347,357,372,427,468,464,444,542,623,707,700,866,950,1048,997,1070,1041,945,730,625,565,503,419,386,382,396,390,380,366,351,420,470,465,402,387,368,347,324,271,209,144,82,35,11,4,3,0,0,,31595
508,Archway,Nov-16,,0,0,0,0,0,0,0,0,0,0,0,0,0,14,34,57,81,111,147,199,281,377,458,572,724,810,778,685,593,493,379,291,244,233,210,187,184,188,182,173,177,193,191,185,184,187,175,159,158,163,159,163,187,212,213,223,255,297,296,319,345,350,301,272,257,236,207,181,162,140,117,114,114,107,86,79,75,65,53,51,59,60,50,44,43,39,31,24,15,8,4,2,1,0,0,0,,16473
509,Arnos Grove,Nov-15,,0,0,0,0,0,0,0,0,0,0,0,0,17,26,39,51,86,118,145,171,213,234,270,330,378,358,308,267,225,180,139,119,108,102,95,89,88,83,77,75,80,80,74,72,72,70,67,65,64,62,63,64,71,75,75,77,85,96,96,102,116,130,123,114,109,100,88,75,65,51,40,35,33,31,26,25,25,24,23,22,21,18,15,15,15,13,10,6,3,1,1,0,0,0,0,0,,7274
510,Arsenal,Nov-16,,0,0,0,0,0,0,0,0,0,0,0,0,0,5,7,12,22,33,45,64,92,129,173,229,281,313,289,253,202,163,115,87,68,64,59,52,51,54,54,56,57,57,52,50,50,50,46,45,44,46,44,47,47,50,48,49,48,52,49,68,81,83,61,59,61,61,51,43,39,36,29,23,20,16,14,13,14,12,10,9,9,12,12,11,9,9,8,5,3,2,1,1,1,0,0,0,,4789
511,Baker Street,Nov-16,,0,0,0,0,0,0,0,0,0,0,0,0,23,28,34,35,70,117,155,234,333,488,518,714,871,1121,995,839,614,570,471,422,381,403,409,410,413,434,450,482,517,539,540,569,604,624,600,605,612,622,615,655,683,748,806,948,1041,1135,1124,1396,1570,1740,1709,1815,1696,1512,1238,1139,921,830,669,604,569,541,519,504,465,409,369,346,330,305,267,252,254,242,197,151,117,82,44,12,2,0,0,0,,48437
512,Balham,Nov-16,,0,0,0,0,0,0,0,0,0,0,0,0,7,25,40,75,154,254,367,465,612,784,1053,1262,1394,1415,1345,1136,898,707,524,356,278,261,240,206,201,206,198,177,185,191,188,171,182,180,175,152,152,157,163,159,177,187,192,191,217,237,265,292,310,355,365,350,343,371,347,282,237,200,166,148,137,120,97,92,90,86,78,80,83,84,75,71,63,58,50,41,24,10,4,3,1,0,0,0,,23274
513,Bank & Monument,Nov-16,,0,0,0,0,0,0,0,0,0,0,0,0,0,23,27,35,86,161,285,425,587,751,912,1048,1147,1292,1395,1404,1319,1200,1027,820,724,721,737,706,704,760,814,898,982,1056,1037,1021,1025,1069,1062,1072,1103,1164,1151,1215,1315,1437,1474,1761,2058,2391,2560,3596,4823,5810,6023,6171,6045,5572,4838,4067,3366,2737,2189,1849,1584,1387,1208,1125,1067,1021,953,901,840,761,674,637,630,574,472,347,240,128,41,1,0,2,0,0,,117640
501,Barbican,Nov-16,,0,0,0,0,0,0,0,0,0,0,0,0,2,3,5,11,16,23,29,39,50,68,81,106,131,168,182,177,156,147,135,122,117,127,127,134,137,148,152,168,184,201,204,220,236,240,222,225,234,236,226,255,285,314,316,439,566,628,577,726,873,1033,1044,1101,991,865,667,558,468,401,325,292,269,242,216,197,175,184,227,270,250,202,216,253,219,128,74,56,35,19,9,0,0,0,0,0,,21154
514,Barking,Nov-16,,0,0,0,0,0,0,0,0,0,0,0,0,188,218,295,469,690,905,1017,1026,929,842,842,937,1009,958,819,705,627,557,457,382,335,318,290,272,277,274,257,241,247,254,248,247,255,255,243,240,248,251,246,246,252,256,258,278,311,332,329,369,423,441,397,374,364,331,274,232,209,187,161,150,143,136,119,111,106,101,96,89,91,86,70,46,34,28,24,19,12,6,3,2,1,0,0,0,,26367
515,Barkingside,Nov-16,,0,0,0,0,0,0,0,0,0,0,0,0,7,18,31,47,65,92,111,113,106,117,147,171,183,176,133,87,58,52,38,34,29,26,23,21,22,22,21,19,20,20,20,21,20,19,18,17,17,16,16,14,27,35,35,31,35,32,26,32,44,48,39,28,23,20,16,15,14,11,8,6,6,4,5,5,5,4,4,4,3,3,2,2,2,1,1,1,1,0,0,0,1,0,0,0,,2766
516,Barons Court,Nov-16,,0,0,0,0,0,0,0,0,0,0,0,0,5,7,14,21,33,55,79,109,157,221,302,418,550,606,549,432,329,260,201,159,134,134,126,113,108,113,111,116,129,143,138,133,128,127,115,109,108,127,127,146,153,173,161,205,232,250,237,309,357,391,371,367,327,282,220,172,145,123,94,82,77,75,72,85,82,63,43,37,35,34,31,26,21,18,13,8,5,2,1,0,0,0,0,0,,12371
517,Bayswater,Nov-16,,0,0,0,0,0,0,0,0,0,0,0,0,8,8,9,11,15,22,32,42,53,71,88,109,137,156,156,156,168,185,183,172,166,165,150,131,115,101,92,92,88,84,79,81,87,92,89,84,83,88,90,95,95,98,97,111,119,123,114,119,126,132,123,127,131,130,114,102,90,80,72,69,68,72,69,67,60,61,58,59,58,58,56,59,62,62,51,36,21,11,4,0,0,0,0,0,,6997
518,Becontree,Nov-16,,0,0,0,0,0,0,0,0,0,0,0,0,44,56,82,132,205,245,246,237,242,236,241,262,271,244,203,184,159,126,91,80,75,71,63,60,60,57,53,54,55,53,49,49,49,48,45,46,47,47,44,43,44,50,55,53,55,62,66,64,66,63,58,53,50,43,38,36,33,28,26,24,21,20,18,16,15,13,12,12,12,11,8,7,6,5,3,1,1,1,0,0,0,0,0,0,,5803
519,Belsize Park,Nov-16,,0,0,0,0,0,0,0,0,0,0,0,0,0,3,9,19,31,44,54,70,98,146,202,272,352,428,439,397,322,256,195,162,141,132,120,111,118,131,132,127,131,142,139,137,133,134,126,125,126,129,129,139,144,160,178,217,245,264,263,301,342,342,293,273,264,235,187,160,145,126,104,94,95,97,86,70,54,46,37,35,34,34,32,33,34,33,34,33,21,8,2,2,1,0,0,0,,11259
787,Bermondsey,Nov-16,,0,0,0,0,0,0,0,0,0,0,0,0,0,39,52,75,109,157,195,239,311,396,457,534,639,709,682,603,526,446,339,240,192,193,185,163,148,151,146,140,138,150,146,142,142,150,146,137,141,153,160,156,171,207,243,258,269,286,300,336,377,412,416,447,470,439,343,266,232,206,173,150,142,130,118,110,116,112,103,97,98,92,76,63,63,61,47,31,22,14,7,3,1,0,0,0,,17334
520,Bethnal Green,Nov-16,,0,0,0,0,0,0,0,0,0,0,0,0,0,12,44,85,114,156,202,263,335,412,501,634,779,818,756,693,679,652,549,418,336,337,325,291,274,292,293,267,255,267,273,266,272,285,281,267,272,291,286,279,302,353,382,401,411,433,445,500,546,574,528,515,529,527,451,376,340,303,257,220,209,198,181,167,162,158,155,157,150,133,141,152,152,128,109,83,61,40,18,4,0,0,0,0,,24762
521,Blackfriars,Nov-16,,0,0,0,0,0,0,0,0,0,0,0,0,3,9,11,11,28,42,75,133,206,251,270,386,496,643,680,645,517,431,354,258,204,189,182,174,162,175,177,201,216,237,234,240,234,238,231,237,235,242,241,261,282,311,342,430,503,554,558,735,943,1228,1358,1428,1341,1204,988,805,690,592,487,408,349,306,272,252,228,206,189,179,160,139,127,124,124,116,99,70,43,20,8,0,0,0,0,0,,27957
522,Blackhorse Road,Nov-16,,0,0,0,0,0,0,0,0,0,0,0,0,40,78,122,147,224,315,423,519,570,537,507,572,710,750,675,578,522,444,322,231,192,178,154,136,138,133,119,109,114,116,111,104,107,109,102,97,104,103,92,87,99,112,112,117,129,148,149,159,176,201,183,164,145,142,115,101,89,78,58,51,49,43,38,40,41,37,33,33,37,34,27,19,19,15,13,10,7,3,2,2,0,0,0,0,,13721
524,Bond Street,Nov-16,,0,0,0,0,0,0,0,0,0,0,0,0,8,16,19,29,38,43,51,71,89,107,124,148,172,205,213,225,233,252,256,269,295,328,337,346,373,417,453,513,574,626,648,687,726,778,793,816,848,902,904,939,994,1064,1089,1200,1311,1432,1475,1741,2005,2366,2561,2744,2670,2445,2069,1824,1689,1519,1273,1147,1128,1076,954,880,889,906,837,757,665,632,557,492,417,364,292,237,202,141,61,9,0,0,0,0,,60985
525,Borough,Nov-16,,0,0,0,0,0,0,0,0,0,0,0,0,0,3,7,13,18,27,39,52,64,78,97,119,152,195,210,192,171,162,140,110,95,96,96,90,87,94,96,97,98,106,108,108,106,111,105,99,100,110,110,115,125,143,155,188,214,246,261,305,320,355,357,364,337,304,247,204,170,139,118,110,95,83,77,87,87,78,62,59,60,58,52,48,47,41,31,20,15,10,6,0,0,0,0,0,,9554
526,Boston Manor,Nov-16,,0,0,0,0,0,0,0,0,0,0,0,0,13,12,14,20,30,40,50,64,86,114,144,190,227,232,193,155,121,98,75,64,54,46,42,39,38,38,36,34,34,36,36,36,35,33,30,28,28,31,31,32,38,49,55,55,60,63,62,65,82,95,91,79,72,64,50,39,33,29,23,18,17,16,15,13,11,9,8,8,8,6,5,5,5,4,2,2,1,0,0,0,0,0,0,0,,3916
527,Bounds Green,Nov-16,,0,0,0,0,0,0,0,0,0,0,0,0,28,47,61,86,146,212,269,337,377,392,410,478,558,579,518,453,396,330,243,193,166,152,136,127,128,123,108,101,103,104,97,96,97,97,90,88,88,86,80,83,88,92,88,91,95,108,109,117,132,142,132,131,139,131,107,90,84,75,63,54,51,43,36,32,29,25,24,24,23,19,17,16,16,16,15,12,8,5,4,3,1,0,0,0,,10750
528,Bow Road,Nov-16,,0,0,0,0,0,0,0,0,0,0,0,0,12,23,35,50,73,97,115,144,187,239,293,386,515,596,552,447,351,273,198,149,129,126,116,102,98,98,88,82,84,86,82,80,87,88,81,75,81,85,86,88,99,119,122,121,117,128,121,132,143,144,127,124,124,111,94,89,83,72,58,52,45,41,35,34,32,30,26,26,27,26,21,20,22,20,13,10,7,4,3,2,2,0,0,0,,9203
529,Brent Cross,Nov-16,,0,0,0,0,0,0,0,0,0,0,0,0,0,5,14,32,52,65,76,89,101,108,113,129,171,219,209,156,112,96,79,62,57,54,48,43,45,45,40,41,45,45,41,42,44,48,44,41,39,44,41,40,44,47,46,45,50,52,55,58,69,73,69,62,64,62,55,46,42,37,32,26,32,36,31,20,17,15,13,13,15,13,10,8,9,7,6,4,3,2,0,0,0,0,0,0,,4063
778,Brixton,Nov-16,,0,0,0,0,0,0,0,0,0,0,0,0,65,138,205,246,388,548,738,888,1140,1489,1872,2347,2861,3238,3108,2688,2137,1708,1265,898,677,632,565,474,444,471,468,433,423,440,427,398,400,420,402,377,375,397,387,373,383,404,406,420,470,531,558,613,682,740,702,660,627,611,549,482,414,364,313,277,251,237,215,214,214,213,193,196,207,365,637,800,655,397,222,153,108,55,11,0,0,0,0,0,,52499
530,Bromley-by-Bow,Nov-15,,0,0,0,0,0,0,0,0,0,0,0,0,11,17,23,33,50,63,67,78,105,135,164,212,278,317,287,228,177,144,109,88,78,78,71,63,64,66,59,53,53,56,54,56,58,59,56,55,60,65,66,69,79,90,93,106,114,146,156,172,151,154,137,134,116,102,83,78,73,61,49,46,41,36,30,28,26,25,21,18,18,18,16,13,16,18,14,8,7,4,2,1,0,0,0,0,,6325
531,Buckhurst Hill,Nov-16,,0,0,0,0,0,0,0,0,0,0,0,0,8,14,23,38,57,71,80,101,136,178,217,263,289,258,187,136,102,82,64,54,42,40,36,32,32,31,29,30,30,29,27,27,25,23,21,22,23,21,19,23,25,28,27,30,31,35,34,41,44,44,40,40,35,32,27,22,18,15,12,13,15,14,10,9,10,10,7,6,6,5,4,5,5,5,3,2,1,1,0,0,0,0,0,0,,3631
532,Burnt Oak,Nov-16,,0,0,0,0,0,0,0,0,0,0,0,0,18,47,83,127,208,296,344,354,330,305,297,337,376,365,301,243,203,167,125,100,88,80,69,67,72,71,64,61,65,66,63,62,62,60,55,55,54,52,49,51,55,59,62,64,65,65,66,69,97,133,129,89,64,61,54,46,43,39,34,30,28,26,23,23,20,17,15,16,15,12,9,7,6,6,5,4,4,4,4,3,3,0,0,0,,7466
534,Caledonian Road,Nov-16,,0,0,0,0,0,0,0,0,0,0,0,0,0,9,17,25,36,49,62,87,122,162,194,249,318,365,335,284,249,248,213,162,118,130,137,118,95,102,104,100,98,110,110,107,102,110,107,99,92,102,106,107,108,114,122,139,149,161,163,202,231,264,243,235,216,205,164,130,109,96,76,66,66,64,55,52,50,47,46,56,63,57,44,34,31,28,22,14,11,7,4,1,0,0,0,0,,9285
535,Camden Town,Nov-16,,0,0,0,0,0,0,0,0,0,0,0,0,0,0,20,29,43,72,95,134,181,239,263,278,338,428,447,392,330,293,248,209,193,204,208,207,213,242,261,278,302,339,361,385,407,434,444,455,467,487,485,502,520,541,554,618,685,725,698,750,807,890,921,1065,1110,1030,811,674,572,491,401,359,320,299,271,269,260,267,258,274,289,335,400,455,434,378,353,346,287,162,51,4,0,0,0,0,,30847
788,Canada Water,Nov-16,,0,0,0,0,0,0,0,0,0,0,0,0,17,65,111,116,146,207,261,318,403,517,613,773,1025,1190,1127,960,832,702,513,361,282,276,256,225,211,223,217,199,192,205,205,196,196,205,200,182,182,185,183,175,177,189,202,208,217,232,249,267,282,338,362,360,320,306,267,234,212,191,169,147,138,122,110,101,103,95,86,80,80,75,68,61,60,57,48,33,20,10,5,3,0,0,0,0,,20736
852,Canary Wharf,Nov-16,,0,0,0,0,0,0,0,0,0,0,0,0,0,58,72,115,170,199,230,305,425,522,592,705,911,1102,1097,950,794,699,581,475,441,454,445,424,448,494,518,548,598,635,619,605,629,651,628,624,673,731,722,787,899,1002,1007,1414,1828,2206,2310,3453,4597,5547,5456,5535,5222,4807,3995,3396,2854,2365,1855,1571,1372,1191,980,854,756,681,593,557,532,498,422,409,396,355,262,200,134,71,26,9,4,0,0,0,,93297
884,Canning Town,Nov-16,,0,0,0,0,0,0,0,0,0,0,0,0,79,146,197,240,347,486,628,712,754,694,616,601,700,762,672,554,482,435,341,260,226,221,209,186,191,203,189,159,156,169,168,160,162,164,154,151,163,170,158,153,163,176,182,198,226,255,262,274,297,311,281,308,324,290,199,171,158,140,114,104,105,101,90,81,79,73,67,60,56,54,46,37,34,31,25,18,13,7,3,2,1,0,0,0,,18634
536,Cannon Street,Nov-16,,0,0,0,0,0,0,0,0,0,0,0,0,0,3,17,19,68,106,158,223,304,393,463,555,606,667,701,678,619,494,386,265,229,184,173,141,151,141,149,140,152,157,166,150,154,147,150,137,151,151,151,138,153,158,177,194,232,244,266,373,494,592,629,651,606,528,452,371,305,235,189,154,133,116,105,95,81,74,66,62,55,53,44,37,29,29,26,19,10,5,2,0,0,0,0,0,,17881
537,Canons Park,Nov-16,,0,0,0,0,0,0,0,0,0,0,0,0,7,20,40,56,85,113,132,147,173,204,244,299,319,294,239,189,134,101,79,72,60,54,47,44,42,41,36,32,33,35,36,39,40,36,31,30,29,31,30,31,30,33,38,45,59,64,64,62,65,69,67,59,52,48,43,35,32,27,26,22,20,14,13,10,12,12,12,12,11,8,7,6,5,5,5,3,2,1,0,0,0,0,0,0,,4802
539,Chalfont & Latimer,Nov-15,,0,0,0,0,0,0,0,0,0,0,0,0,4,4,7,22,46,60,74,103,139,170,181,179,140,97,66,50,42,39,38,33,27,24,19,20,19,17,13,15,17,17,13,14,13,12,10,11,12,16,15,9,29,84,92,51,14,28,40,50,48,41,33,28,22,18,16,15,12,10,7,6,4,4,4,4,3,5,4,3,3,11,20,17,7,1,2,0,0,0,0,0,0,0,0,0,,2543
540,Chalk Farm,Nov-16,,0,0,0,0,0,0,0,0,0,0,0,0,0,2,8,17,30,41,54,72,100,135,163,204,270,338,334,287,236,203,157,121,102,98,91,84,85,88,85,80,81,86,84,88,91,93,87,86,86,90,85,88,99,112,113,119,127,134,134,159,176,204,201,227,223,210,164,145,126,105,84,74,71,68,62,61,68,74,71,71,70,67,79,111,120,94,63,48,31,14,3,2,0,0,0,0,,8714
541,Chancery Lane,Nov-16,,0,0,0,0,0,0,0,0,0,0,0,0,0,0,7,16,26,32,32,39,45,59,77,101,128,160,180,183,181,201,209,196,168,177,186,195,204,237,258,300,348,393,396,400,402,415,397,392,393,423,430,455,470,512,543,651,726,877,925,1178,1334,1625,1697,1815,1700,1526,1223,1010,865,730,584,511,455,401,345,338,314,282,245,241,231,207,173,158,154,139,109,79,60,36,12,0,0,0,0,0,,32922
718,Charing Cross,Nov-16,,0,0,0,0,0,0,0,0,0,0,0,0,0,0,15,16,15,37,52,77,103,125,126,128,162,199,206,182,155,131,105,92,88,89,91,93,93,107,114,123,127,142,144,151,157,166,164,169,177,186,186,195,206,215,210,224,236,249,251,285,316,365,385,383,360,335,289,239,212,194,176,170,167,164,152,147,151,158,149,195,267,288,215,145,112,95,78,57,41,21,7,0,0,0,0,0,,12597
543,Chesham,Nov-16,,0,0,0,0,0,0,0,0,0,0,0,0,10,3,24,26,62,43,108,68,157,115,162,117,131,68,42,33,21,26,30,23,16,11,15,11,15,11,13,9,12,10,12,9,10,8,9,9,10,8,9,7,10,1,46,63,55,12,22,23,29,24,23,17,15,8,9,5,7,4,5,3,4,3,3,3,3,2,3,2,3,2,2,1,1,1,0,0,0,0,0,0,0,0,0,0,,1897
544,Chigwell,Nov-16,,0,0,0,0,0,0,0,0,0,0,0,0,1,2,2,6,12,13,24,33,53,54,59,96,106,79,33,30,16,11,10,10,7,6,6,7,7,6,5,6,6,6,7,9,7,7,6,7,6,6,6,5,10,25,34,27,28,32,29,19,17,14,10,10,8,5,4,4,5,4,2,3,3,3,2,2,2,1,1,1,2,1,2,1,2,2,0,0,1,0,0,0,0,1,0,0,,1095
545,Chiswick Park,Nov-16,,0,0,0,0,0,0,0,0,0,0,0,0,2,3,6,10,17,23,34,47,72,99,130,164,177,156,118,94,76,59,44,37,35,34,29,28,29,31,31,32,33,32,28,29,31,32,28,28,31,33,31,30,33,37,38,42,50,61,66,90,102,115,105,111,100,88,65,53,47,39,28,24,24,21,17,15,14,12,11,13,13,13,10,9,9,8,6,4,2,1,1,0,0,0,0,0,,3480
546,Chorleywood,Nov-15,,0,0,0,0,0,0,0,0,0,0,0,0,0,7,5,9,27,45,66,86,94,116,144,161,127,93,64,49,32,30,32,29,21,15,21,24,21,15,16,14,12,11,12,14,14,13,11,12,12,11,12,15,14,9,13,48,58,40,13,20,28,30,24,18,19,18,10,12,13,10,4,6,5,4,3,4,4,3,2,3,3,2,3,3,3,1,1,1,1,1,1,0,0,0,0,0,,1967
547,Clapham Common,Nov-16,,0,0,0,0,0,0,0,0,0,0,0,0,6,22,40,66,102,150,200,273,348,460,595,678,629,522,480,505,481,384,274,205,170,157,143,128,127,130,123,120,130,139,130,124,132,133,124,114,120,122,119,122,136,149,148,152,159,175,182,226,255,284,264,264,254,245,203,166,150,142,125,117,107,105,99,100,91,88,82,83,80,77,69,72,81,87,81,66,43,22,8,3,1,0,0,0,,14268
548,Clapham North,Nov-16,,0,0,0,0,0,0,0,0,0,0,0,0,4,13,24,35,69,111,142,222,292,392,433,430,351,298,304,317,318,274,216,162,124,119,105,95,85,88,84,85,83,88,83,81,80,86,80,73,72,78,75,74,78,88,86,89,93,107,110,126,149,178,176,173,165,163,144,127,111,103,89,84,75,72,57,56,55,60,56,53,49,49,48,47,46,44,37,27,16,8,4,2,0,0,0,0,,9445
549,Clapham South,Nov-16,,0,0,0,0,0,0,0,0,0,0,0,0,8,22,39,61,110,173,237,312,422,582,815,983,974,814,701,628,531,401,288,213,170,152,136,119,115,117,113,102,105,110,104,96,101,99,89,81,84,93,95,89,96,115,124,144,159,157,141,161,178,184,168,169,171,165,143,125,112,101,88,78,73,68,57,48,49,46,38,32,34,34,30,28,25,22,16,12,8,4,2,1,0,0,0,0,,13890
550,Cockfosters,Nov-16,,0,0,0,0,0,0,0,0,0,0,0,0,10,13,16,19,37,59,71,70,73,88,104,125,128,115,96,85,72,64,62,62,54,50,44,42,42,40,37,37,38,35,32,33,34,31,29,30,29,27,25,27,29,31,32,36,43,48,49,58,60,57,46,46,41,34,26,22,19,16,13,10,10,10,9,9,8,8,8,10,10,10,8,7,4,4,3,2,0,0,0,0,0,0,0,0,,2921
551,Colindale,Nov-16,,0,0,0,0,0,0,0,0,0,0,0,0,11,30,53,86,142,194,235,269,304,323,363,453,566,560,451,332,265,216,174,142,124,116,107,95,91,90,89,89,91,90,91,96,98,96,93,97,101,112,113,117,120,133,141,147,155,169,178,191,197,203,194,184,152,119,88,77,65,56,46,41,39,38,36,32,30,29,31,34,32,30,24,21,17,15,11,8,4,2,1,1,1,0,0,0,,10257
552,Colliers Wood,Nov-16,,0,0,0,0,0,0,0,0,0,0,0,0,27,42,50,73,119,178,239,311,377,435,521,615,703,666,554,425,351,267,194,150,134,129,114,102,103,101,95,91,93,93,90,87,89,89,82,78,82,83,80,81,84,87,88,98,108,114,112,127,140,147,139,130,120,115,104,91,79,68,55,50,47,43,37,34,33,31,28,27,28,25,22,19,18,15,12,10,6,3,1,1,1,0,0,0,,10690
553,Covent Garden,Nov-16,,0,0,0,0,0,0,0,0,0,0,0,0,0,0,3,4,5,7,7,11,16,24,38,58,71,75,75,77,85,98,111,105,91,83,92,107,121,132,139,161,180,196,199,214,231,251,262,279,302,323,334,343,362,379,376,394,425,457,440,514,575,635,624,689,708,678,574,522,489,447,377,367,375,373,335,347,345,373,342,471,659,788,645,478,382,301,243,216,247,163,66,0,0,0,0,0,,22091
554,Croxley,Nov-16,,0,0,0,0,0,0,0,0,0,0,0,0,0,12,12,14,31,43,56,69,86,124,146,168,142,117,69,51,30,29,24,23,14,14,13,13,12,11,11,10,10,10,9,9,7,7,8,10,9,7,7,7,2,35,72,90,55,32,20,26,29,28,27,24,19,14,12,9,6,4,4,4,3,3,3,3,2,2,1,2,2,2,2,1,1,1,0,0,0,0,0,0,0,0,0,0,,1984
555,Dagenham East,Nov-16,,0,0,0,0,0,0,0,0,0,0,0,0,39,48,72,113,161,200,201,204,213,223,218,224,224,196,152,131,114,100,74,64,54,50,47,43,42,42,43,43,42,41,40,40,41,40,40,46,49,45,40,36,42,58,65,71,70,68,56,61,65,67,58,52,48,43,36,33,30,25,19,19,20,19,16,16,16,13,14,18,17,12,7,6,5,4,3,3,0,0,0,0,0,0,0,0,,5010
556,Dagenham Heathway,Nov-16,,0,0,0,0,0,0,0,0,0,0,0,0,70,95,150,238,352,416,425,383,357,351,370,397,398,349,277,242,218,201,177,151,132,123,114,109,106,100,92,91,92,98,103,101,94,88,88,88,89,96,98,93,93,106,118,113,106,108,118,123,123,118,114,109,99,89,80,73,63,50,40,39,39,39,37,37,33,29,25,22,21,24,23,19,13,12,12,12,11,9,6,4,0,0,0,0,,9921
557,Debden,Nov-16,,0,0,0,0,0,0,0,0,0,0,0,0,16,20,31,50,78,101,115,129,148,172,201,234,225,181,126,98,75,66,59,57,43,40,38,37,32,29,27,29,32,39,44,44,36,32,28,30,31,39,52,70,71,73,74,89,85,86,85,107,107,104,81,72,59,53,40,32,25,20,15,15,16,16,13,11,9,9,7,8,8,7,5,5,4,3,2,0,0,1,0,0,0,0,0,0,,4351
558,Dollis Hill,Nov-16,,0,0,0,0,0,0,0,0,0,0,0,0,15,20,26,44,68,99,120,144,180,218,245,272,312,316,277,225,186,156,128,104,91,89,82,74,77,78,71,68,72,73,69,67,70,72,65,61,67,77,81,82,87,90,88,89,100,114,113,130,143,149,121,112,103,95,78,75,67,58,46,41,36,37,39,39,34,26,21,19,20,17,14,12,12,11,10,8,5,4,2,2,0,0,0,0,,6908
560,Ealing Broadway,Nov-16,,0,0,0,0,0,0,0,0,0,0,0,0,41,65,106,176,297,430,560,685,835,993,1168,1326,1456,1428,1241,1001,813,642,488,393,356,319,285,273,283,277,263,261,281,289,285,279,282,281,272,265,267,267,261,270,286,292,299,364,465,528,528,571,649,683,641,597,566,498,405,326,291,252,213,187,172,156,137,126,120,116,108,104,105,99,84,73,69,63,45,27,12,5,3,2,1,0,0,0,,30028
561,Ealing Common,Nov-16,,0,0,0,0,0,0,0,0,0,0,0,0,8,12,15,25,39,62,84,110,135,168,208,240,253,243,214,174,136,111,86,70,61,61,52,47,47,47,43,41,44,45,45,44,43,44,44,46,47,45,42,41,49,67,84,84,77,78,81,85,94,104,107,102,93,81,71,58,50,43,36,31,28,26,23,23,21,19,16,17,17,15,12,12,12,10,6,3,2,2,2,1,0,0,0,0,,5064
562,Earl's Court,Nov-16,,0,0,0,0,0,0,0,0,0,0,0,0,25,26,36,64,95,137,176,238,320,431,553,713,917,1044,1001,853,744,697,640,582,534,512,471,424,392,376,349,325,322,331,320,309,315,331,325,316,329,345,354,374,409,427,427,481,537,562,545,641,724,765,716,714,702,669,568,483,430,381,320,293,277,251,217,203,198,187,171,173,177,165,145,148,157,163,145,120,82,49,21,8,2,0,0,0,,30499
563,East Acton,Nov-15,,0,0,0,0,0,0,0,0,0,0,0,0,3,15,26,38,52,74,91,121,150,168,176,217,279,293,244,194,173,149,116,96,90,90,81,72,77,84,77,70,70,72,66,67,69,71,65,64,70,76,71,69,77,84,88,104,125,133,124,135,159,165,142,117,105,94,80,70,64,57,50,46,46,45,38,29,26,25,22,20,20,17,13,11,12,10,8,7,5,2,1,0,0,0,0,0,,6522
565,East Finchley,Nov-16,,0,0,0,0,0,0,0,0,0,0,0,0,2,12,28,52,85,118,152,220,313,408,511,639,776,809,738,628,545,429,301,214,189,179,159,133,129,129,119,112,116,114,103,98,106,109,100,91,91,88,81,80,90,100,113,125,130,134,139,162,191,206,188,167,157,149,128,103,85,72,60,50,45,39,34,31,31,28,24,25,28,28,23,21,20,19,14,12,7,3,1,1,0,0,0,0,,12289
566,East Ham,Nov-16,,0,0,0,0,0,0,0,0,0,0,0,0,116,176,269,418,627,832,967,1013,896,731,689,808,934,944,849,737,630,529,420,359,323,306,270,250,254,250,226,209,213,224,224,223,231,235,227,224,231,229,215,213,217,225,241,262,273,268,263,284,318,320,278,256,254,238,201,174,161,148,130,114,109,107,102,93,89,79,69,60,57,48,37,32,28,26,22,16,7,3,1,1,0,0,0,0,,23332
567,East Putney,Nov-16,,0,0,0,0,0,0,0,0,0,0,0,0,6,9,15,30,52,84,128,191,289,424,568,689,734,674,533,400,300,229,172,139,127,119,103,91,88,90,87,83,82,83,79,77,79,80,75,73,74,74,68,66,73,86,96,109,111,120,133,169,178,188,192,199,183,164,139,120,105,92,77,67,59,50,41,38,39,38,35,29,28,28,24,19,18,19,16,11,7,4,2,1,0,0,0,0,,10471
564,Eastcote,Nov-16,,0,0,0,0,0,0,0,0,0,0,0,0,11,17,34,43,65,81,119,150,200,240,293,318,323,281,234,187,151,118,94,77,66,63,60,57,54,53,52,52,49,50,47,45,42,42,39,40,39,37,37,37,37,41,60,67,58,47,51,62,64,61,55,59,54,45,33,30,29,23,17,14,14,12,9,9,11,10,8,8,8,8,6,7,6,4,3,2,2,2,0,0,0,0,0,0,,5033
568,Edgware,Nov-16,,0,0,0,0,0,0,0,0,0,0,0,0,15,27,55,75,122,148,177,194,239,285,343,413,468,454,369,289,236,208,175,150,128,114,101,97,101,95,87,85,89,91,90,91,92,88,79,76,77,78,74,73,71,73,78,84,95,103,102,107,120,128,120,118,116,108,89,77,69,59,46,41,39,37,31,28,23,21,20,21,20,18,15,13,12,11,8,5,3,1,1,0,1,0,0,0,,8380
774,Edgware Road (Bak),Nov-16,,0,0,0,0,0,0,0,0,0,0,0,0,0,0,4,7,11,15,18,27,39,47,53,65,86,114,130,125,110,102,95,82,71,72,74,71,65,69,72,76,84,92,93,89,85,88,87,96,104,111,104,104,112,126,152,183,194,204,210,269,301,381,390,396,320,264,195,165,141,121,102,93,87,83,73,67,63,61,56,50,46,46,46,44,41,34,25,18,12,5,1,0,0,0,0,0,,8014
569,Edgware Road (Cir),Nov-16,,0,0,0,0,0,0,0,0,0,0,0,0,8,10,10,13,21,32,39,59,86,117,133,173,208,243,232,209,174,162,146,129,118,121,122,119,112,113,112,114,123,138,135,129,133,138,132,131,139,145,142,143,153,168,188,215,236,250,242,316,387,486,484,488,431,379,294,237,206,180,158,141,130,124,110,97,88,86,78,73,72,67,60,54,52,47,39,29,21,11,3,0,0,0,0,0,,11643
570,Elephant & Castle,Nov-16,,0,0,0,0,0,0,0,0,0,0,0,0,11,43,78,105,155,223,293,393,556,673,712,798,1009,1275,1309,1143,938,839,709,552,455,426,405,372,355,368,358,366,376,408,406,444,455,448,398,403,419,435,430,469,529,576,587,715,836,912,914,1077,1143,1118,1025,1007,906,770,630,541,474,421,361,339,325,310,288,276,274,254,233,229,226,206,173,158,146,135,109,79,53,32,14,4,0,0,0,0,,38415
571,Elm Park,Nov-16,,0,0,0,0,0,0,0,0,0,0,0,0,30,48,75,113,151,191,212,234,274,312,350,382,379,312,224,160,117,95,78,70,57,53,48,45,43,41,40,38,36,34,35,37,33,31,29,28,27,27,27,25,24,29,36,36,34,33,34,37,39,40,38,36,33,30,27,22,19,17,13,12,10,9,9,10,10,8,7,6,6,5,4,4,5,5,3,1,1,0,0,0,0,0,0,0,,5233
542,Embankment,Nov-16,,0,0,0,0,0,0,0,0,0,0,0,0,1,19,29,51,64,128,168,272,379,473,510,575,728,886,905,794,646,534,427,372,343,351,342,322,292,318,324,338,345,382,388,393,390,410,423,437,442,472,486,500,517,553,568,641,721,802,806,956,1111,1338,1456,1528,1457,1332,1179,1021,889,746,640,579,548,528,506,494,501,577,611,725,833,872,732,634,587,514,386,266,180,103,47,0,0,0,0,0,,44143
572,Epping,Nov-16,,0,0,0,0,0,0,0,0,0,0,0,0,32,42,76,116,161,198,245,311,364,380,405,419,362,256,168,119,88,77,76,74,60,52,48,60,66,60,47,46,43,41,41,42,39,34,35,35,36,33,36,36,38,38,43,48,55,57,66,68,77,76,75,65,50,40,39,30,23,19,14,11,11,11,11,10,10,9,8,8,7,6,6,6,6,6,4,2,1,1,1,0,0,0,0,0,,5915
574,Euston,Nov-16,,0,0,0,0,0,0,0,0,0,0,0,0,0,34,39,55,116,192,350,565,839,1148,1317,1479,1535,1716,1825,1687,1415,1212,1167,934,845,853,867,755,669,641,736,828,911,907,849,761,783,807,750,661,740,783,740,689,805,839,802,838,996,1094,1149,1237,1400,1531,1633,1637,1602,1481,1373,1225,1110,974,887,789,786,748,693,683,708,646,512,435,439,459,413,304,244,224,206,167,116,60,25,0,0,0,0,0,,64470
575,Euston Square,Nov-16,,0,0,0,0,0,0,0,0,0,0,0,0,9,13,15,12,29,32,80,121,204,290,392,483,538,627,698,677,536,397,308,222,191,196,192,177,171,176,187,211,233,233,224,235,262,271,239,231,249,269,262,280,319,348,358,454,537,583,563,736,872,973,941,954,859,741,613,557,502,437,352,315,307,305,283,296,294,246,183,156,149,133,112,87,77,69,63,47,33,20,10,4,0,0,0,0,,25060
576,Fairlop,Nov-16,,0,0,0,0,0,0,0,0,0,0,0,0,8,14,24,32,43,57,63,71,79,98,118,143,137,111,79,63,47,36,27,23,20,17,16,17,18,15,14,15,14,13,12,13,14,14,13,12,10,10,11,12,10,19,29,32,23,23,25,31,32,30,22,19,17,16,11,10,9,8,5,6,8,8,7,9,10,8,5,6,5,4,3,4,2,2,0,0,1,0,0,0,0,0,0,0,,2012
577,Farringdon,Nov-16,,0,0,0,0,0,0,0,0,0,0,0,0,5,7,9,11,12,18,23,29,35,44,80,91,114,136,149,144,137,135,133,125,115,135,116,130,135,150,155,169,192,215,220,233,250,260,246,247,256,268,258,276,309,320,429,528,654,780,844,1127,1384,1867,2189,2423,2213,1868,1405,1106,915,751,601,484,393,334,296,280,263,243,223,226,222,209,183,175,173,166,138,103,67,39,17,6,3,2,0,0,,31421
578,Finchley Central,Nov-16,,0,0,0,0,0,0,0,0,0,0,0,0,5,14,27,47,80,106,152,238,316,401,497,645,700,625,518,452,387,277,212,173,157,141,128,113,112,115,116,115,108,106,102,109,108,104,100,97,102,93,84,82,100,103,109,136,146,145,150,170,198,223,248,241,216,167,142,128,107,81,61,48,44,45,43,36,39,39,38,32,31,26,25,21,22,15,15,15,17,9,3,1,0,0,0,0,,11499
579,Finchley Road,Nov-16,,0,0,0,0,0,0,0,0,0,0,0,0,9,15,22,30,45,72,109,153,210,276,351,470,604,706,681,570,434,351,281,222,186,183,176,165,157,161,155,150,153,162,163,163,160,165,163,158,151,158,160,167,171,185,185,229,275,303,294,326,370,406,402,399,387,365,310,277,254,226,186,165,154,143,127,118,110,101,90,93,94,90,75,66,61,61,61,54,42,26,14,5,0,0,2,0,,16169
580,Finsbury Park,Aut-12,,0,0,0,0,0,0,0,0,0,0,0,26,55,96,148,244,386,542,704,1017,1374,1796,2152,2546,3056,3047,2520,1731,1498,1264,1035,731,614,572,508,501,477,470,415,462,440,452,422,453,442,488,475,434,393,405,432,425,451,508,558,525,538,587,661,716,737,668,669,634,681,617,581,402,361,364,355,306,260,288,238,225,202,194,184,205,185,144,165,198,185,125,74,56,49,37,29,18,11,0,0,0,,49239
581,Fulham Broadway,Nov-16,,0,0,0,0,0,0,0,0,0,0,0,0,5,6,10,19,36,54,77,121,186,265,343,415,450,442,401,341,281,230,191,161,150,155,156,153,155,158,153,164,182,188,171,175,187,200,185,180,180,198,190,194,173,337,412,413,295,330,331,415,465,473,410,430,436,402,319,269,240,208,171,159,151,139,114,105,104,109,104,105,104,109,114,139,165,176,154,106,58,26,11,4,1,0,0,0,,16294
582,Gants Hill,Nov-16,,0,0,0,0,0,0,0,0,0,0,0,0,30,65,118,153,213,274,328,376,401,418,478,613,714,677,562,442,352,279,224,188,162,148,129,120,118,115,105,102,104,101,97,98,101,102,94,87,87,87,82,81,85,95,100,104,103,100,108,128,133,124,107,104,95,90,74,70,64,58,48,45,43,43,51,55,46,32,26,24,23,21,17,15,15,14,14,9,4,1,1,1,1,0,0,0,,11316
583,Gloucester Road,Nov-16,,0,0,0,0,0,0,0,0,0,0,0,0,9,12,17,29,44,70,97,130,174,235,301,383,480,554,544,489,441,419,385,349,330,326,310,289,277,273,261,258,261,260,242,248,256,260,238,244,251,257,249,285,324,349,341,408,454,476,441,556,632,659,555,580,573,534,422,371,331,296,267,251,243,221,183,152,147,151,146,137,135,133,118,121,134,130,104,82,62,33,11,1,0,0,0,0,,21801
584,Golders Green,Nov-16,,0,0,0,0,0,0,0,0,0,0,0,0,3,16,28,49,74,110,138,182,239,310,377,473,607,676,617,498,422,366,294,236,217,210,190,168,172,166,156,147,153,160,159,157,161,163,152,138,142,144,136,130,144,164,171,184,195,193,185,207,238,254,242,231,229,225,196,171,151,134,109,95,87,82,75,72,69,66,62,62,57,49,41,38,36,32,26,18,11,7,5,4,0,0,0,0,,13553
585,Goldhawk Road,Nov-16,,0,0,0,0,0,0,0,0,0,0,0,0,4,4,5,7,14,23,33,49,68,90,116,147,174,183,169,142,117,93,69,53,46,42,39,36,36,38,36,34,33,35,35,36,38,38,38,38,39,41,42,42,41,43,44,43,44,54,58,59,57,56,51,49,52,51,46,39,35,31,27,22,19,19,18,16,14,14,13,13,14,17,17,17,16,15,12,9,5,3,1,1,0,0,0,0,,3477
586,Goodge Street,Nov-16,,0,0,0,0,0,0,0,0,0,0,0,0,0,0,3,4,5,8,11,16,18,21,24,33,42,53,56,57,55,60,63,63,63,68,70,78,85,91,90,100,112,125,131,148,168,180,168,164,170,173,169,188,212,219,217,272,315,348,345,462,521,675,736,846,790,717,555,465,402,349,291,271,255,238,216,234,238,210,165,144,132,120,106,105,103,97,75,56,39,20,7,0,0,0,0,0,,14701
587,Grange Hill,Nov-16,,0,0,0,0,0,0,0,0,0,0,0,0,0,6,7,10,29,39,47,61,63,72,92,140,119,80,35,31,21,17,15,15,14,11,10,9,9,7,8,8,9,8,7,7,7,6,5,5,7,7,6,6,6,6,6,7,9,8,8,13,16,12,9,8,7,6,5,4,3,2,1,1,2,3,2,2,1,1,1,2,2,1,1,2,0,0,0,0,0,0,0,0,0,0,0,0,,1212
588,Great Portland Street,Nov-16,,0,0,0,0,0,0,0,0,0,0,0,0,3,5,6,8,10,15,23,34,44,56,73,96,128,165,177,162,143,137,128,117,109,111,112,116,118,119,119,129,140,149,150,156,160,160,152,156,166,173,170,186,215,243,255,329,391,432,427,550,658,767,781,847,823,729,558,454,372,299,235,212,196,177,151,140,133,123,108,100,93,84,70,66,68,67,50,34,24,16,7,2,0,0,0,0,,15667
590,Green Park,Nov-16,,0,0,0,0,0,0,0,0,0,0,0,0,9,21,31,36,44,51,59,86,110,128,130,154,178,199,203,220,240,264,269,277,288,315,330,355,378,410,459,547,614,647,626,619,618,639,634,653,700,761,799,867,960,1015,1041,1138,1250,1355,1440,1746,2130,2567,2827,2981,2918,2617,2143,1751,1519,1312,1080,940,866,809,746,728,717,697,670,674,705,719,659,600,591,570,488,401,359,266,128,15,0,0,0,0,,60106
589,Greenford,Nov-15,,0,0,0,0,0,0,0,0,0,0,0,0,17,41,63,95,167,253,315,371,362,334,300,334,332,306,241,212,180,152,115,102,90,83,74,74,75,73,66,65,65,66,61,65,65,65,59,66,70,70,59,61,62,68,72,87,93,92,88,104,121,130,118,108,98,87,73,66,61,52,42,38,38,35,29,25,23,20,19,30,35,26,12,8,8,6,5,4,2,1,0,1,0,0,0,0,,7651
591,Gunnersbury,Nov-16,,0,0,0,0,0,0,0,0,0,0,0,0,0,3,9,17,37,60,96,131,154,175,198,238,253,245,202,177,144,118,86,78,70,68,63,64,65,67,65,68,75,79,77,78,76,72,65,68,72,73,68,80,93,109,110,161,200,248,245,372,444,595,614,659,539,442,297,236,196,163,119,103,88,76,56,60,55,52,36,39,36,33,23,24,21,15,8,5,2,1,0,1,0,0,0,0,,10410
592,Hainault,Nov-16,,0,0,0,0,0,0,0,0,0,0,0,0,43,57,90,146,216,253,283,297,304,299,340,400,406,337,238,171,140,115,94,78,67,56,51,52,52,51,46,47,47,45,40,42,41,39,35,39,41,39,34,35,34,40,49,53,47,49,53,60,64,60,51,45,42,35,32,29,27,21,16,14,14,14,14,12,11,10,9,9,9,8,7,8,7,6,4,2,1,1,1,1,1,1,0,0,,6177
593,Hammersmith (Dis),Nov-15,,0,0,0,0,0,0,0,0,0,0,0,5,21,43,62,85,127,171,212,278,389,516,650,807,987,1077,991,820,695,637,553,469,421,425,412,397,416,449,453,440,453,471,466,457,467,485,473,460,472,497,491,500,608,696,692,725,892,1063,1092,1240,1417,1657,1719,1785,1710,1544,1257,1028,879,744,614,536,497,458,400,352,328,309,346,409,394,356,510,678,642,443,310,190,110,52,22,9,3,0,0,0,,47416
773,Hammersmith (H&C),Nov-16,,0,0,0,0,0,0,0,0,0,0,0,0,10,13,22,31,52,77,105,146,238,323,408,482,596,680,679,566,457,387,318,240,196,181,171,164,158,161,165,172,181,194,196,193,191,196,196,189,185,187,192,197,220,242,249,276,333,381,376,391,439,517,542,536,506,465,392,308,248,208,177,155,141,124,109,101,96,91,83,78,76,81,98,114,101,74,55,43,26,14,4,0,0,0,0,0,,17965
594,Hampstead,Nov-16,,0,0,0,0,0,0,0,0,0,0,0,0,0,4,7,10,14,22,33,51,74,96,129,171,212,232,239,247,220,166,111,96,84,78,72,70,69,70,71,69,75,77,71,71,79,82,73,72,77,81,77,79,82,110,122,145,177,190,158,146,161,165,149,158,161,152,122,107,94,80,66,63,58,50,40,37,39,38,33,31,33,35,36,39,46,51,44,29,16,8,3,2,1,0,0,0,,6908
595,Hanger Lane,Nov-16,,0,0,0,0,0,0,0,0,0,0,0,0,3,18,41,63,78,108,142,178,204,209,212,233,269,261,223,179,159,136,106,84,78,74,62,56,56,58,52,51,49,47,46,50,55,53,48,47,49,49,48,49,54,56,61,74,90,100,103,128,162,217,279,293,244,171,127,93,80,67,53,42,36,32,27,29,33,31,22,19,19,18,14,10,11,12,9,5,2,1,1,1,0,0,0,0,,6809
596,Harlesden,Nov-16,,0,0,0,0,0,0,0,0,0,0,0,0,3,9,19,28,49,67,73,85,114,134,140,164,181,160,129,118,107,82,61,50,48,48,46,40,39,40,42,42,45,46,44,45,48,49,48,47,52,55,58,63,73,82,89,98,107,108,102,127,169,191,176,168,155,129,90,70,61,53,39,34,36,35,31,32,35,29,19,16,22,22,15,13,18,16,9,6,5,3,0,0,0,0,0,0,,5201
597,Harrow & Wealdstone,Nov-16,,0,0,0,0,0,0,0,0,0,0,0,0,23,20,61,97,180,201,252,256,287,328,341,363,414,455,377,266,203,161,144,116,93,80,90,84,85,75,78,71,71,65,75,74,78,69,77,73,74,66,71,67,68,71,103,122,128,110,126,143,164,146,146,130,119,87,78,65,61,49,45,40,37,29,27,24,23,20,18,24,25,18,8,8,9,9,6,3,2,2,0,0,0,0,0,0,,8354
598,Harrow-on-the-Hill,Nov-16,,0,0,0,0,0,0,0,0,0,0,0,0,16,41,77,116,169,261,349,414,447,520,594,683,737,693,562,440,351,293,244,212,190,181,162,154,164,170,162,161,172,180,174,170,174,184,181,179,173,181,180,184,178,191,212,244,264,271,266,304,335,365,347,340,299,266,215,182,155,132,106,91,83,77,69,68,70,65,53,47,45,43,39,35,33,29,21,15,10,7,4,3,2,0,0,0,,16276
779,Hatton Cross,Nov-16,,0,0,0,0,0,0,0,0,0,0,0,0,38,36,43,62,72,78,98,128,137,140,157,162,145,124,110,97,83,77,69,63,56,55,55,52,51,48,49,50,53,51,51,52,52,51,48,47,50,53,50,55,60,65,63,74,87,104,121,139,154,152,155,143,126,97,80,67,58,46,33,27,22,20,17,19,19,18,15,17,19,18,16,16,14,12,10,7,3,3,2,1,1,1,0,0,,5069
780,Heathrow Terminals 123,Nov-16,,0,0,0,0,0,0,0,0,0,0,0,0,26,33,41,46,48,52,62,86,111,134,154,168,167,161,156,151,147,156,157,156,154,162,158,150,140,142,143,148,155,164,160,152,155,180,198,200,193,190,177,164,163,180,179,173,169,179,182,202,214,211,198,195,182,166,164,191,200,178,150,150,154,148,135,130,128,135,146,181,191,170,125,94,70,55,37,16,4,1,1,0,0,1,1,0,,11046
781,Heathrow Terminal 4,Nov-16,,0,0,0,0,0,0,0,0,0,0,0,0,5,4,4,12,22,27,26,34,51,62,60,58,56,50,42,33,27,28,32,34,33,28,26,33,38,38,36,37,38,41,46,53,57,55,49,45,48,54,53,47,43,39,37,37,44,57,72,81,78,73,71,71,69,67,59,54,48,50,55,58,49,40,39,43,44,45,40,45,44,36,19,17,19,19,11,4,1,0,0,0,0,0,0,0,,3200
783,Heathrow Terminal 5,Nov-16,,0,0,0,0,0,0,0,0,0,0,0,0,16,26,38,49,49,42,38,53,66,73,74,82,90,96,95,88,79,78,79,76,72,73,72,75,83,88,84,84,92,100,100,100,96,101,106,131,133,131,113,113,102,108,103,107,103,110,111,124,127,120,113,121,122,111,95,87,83,80,73,76,85,93,99,112,112,102,87,99,103,95,66,48,30,20,12,6,2,1,0,0,0,0,0,0,,6482
601,Hendon Central,Nov-16,,0,0,0,0,0,0,0,0,0,0,0,0,10,23,54,85,135,173,244,312,350,333,346,424,521,540,478,389,318,257,207,171,163,157,140,131,138,139,126,127,141,147,137,141,159,161,140,134,148,157,148,156,183,207,217,233,252,272,268,286,320,336,299,281,284,268,225,198,189,164,129,99,91,85,80,69,60,54,54,54,49,40,36,34,31,25,20,17,11,5,3,3,2,1,0,0,,13794
602,High Barnet,Nov-16,,0,0,0,0,0,0,0,0,0,0,0,0,8,14,25,39,57,80,106,145,188,237,304,390,417,364,276,212,165,133,108,91,78,69,61,61,60,58,53,52,52,54,54,53,49,47,43,44,45,49,47,48,58,69,71,77,103,117,113,108,115,109,101,94,85,69,55,44,35,29,25,23,22,20,18,18,17,16,16,16,14,13,12,11,9,7,6,5,3,2,0,0,1,0,0,0,,6162
605,High Street Kensington,Nov-16,,0,0,0,0,0,0,0,0,0,0,0,0,4,5,7,13,21,31,44,64,86,113,145,187,233,252,238,220,216,210,192,181,186,197,201,203,208,216,222,243,261,267,257,260,275,285,279,277,281,290,287,313,342,368,372,440,501,546,532,637,679,737,699,838,856,783,561,475,414,360,288,270,257,237,192,182,171,154,125,133,139,136,119,115,109,98,76,53,32,15,5,2,0,0,0,0,,20518
603,Highbury & Islington,Nov-16,,0,0,0,0,0,0,0,0,0,0,0,0,6,24,43,58,93,146,201,262,352,485,618,781,921,1016,979,906,790,662,501,378,309,286,272,246,232,240,248,252,258,269,272,273,280,285,274,258,262,279,283,292,313,349,378,462,551,642,655,757,833,858,770,769,795,767,641,530,457,409,348,311,292,285,259,240,231,235,277,347,377,427,411,360,279,260,192,126,75,40,13,4,0,0,0,0,,30917
604,Highgate,Nov-16,,0,0,0,0,0,0,0,0,0,0,0,0,0,7,14,25,49,84,124,165,232,306,391,466,569,607,569,487,430,354,254,179,145,134,120,106,102,102,94,88,88,90,84,81,88,89,78,72,74,73,68,67,70,71,76,92,121,134,126,121,141,151,134,119,118,116,98,84,70,57,42,37,37,34,28,25,26,25,22,21,23,28,26,21,16,14,12,7,4,2,1,0,0,0,0,0,,9505
606,Hillingdon,Nov-16,,0,0,0,0,0,0,0,0,0,0,0,0,10,13,17,29,50,65,73,94,122,147,186,209,191,145,117,95,71,58,48,40,33,32,30,27,25,25,23,23,22,23,22,22,21,20,18,17,17,19,18,28,54,69,63,47,38,33,35,42,44,45,41,40,36,34,30,25,21,18,14,10,8,8,8,7,5,5,5,7,7,7,4,3,2,2,1,1,1,1,0,0,0,0,0,0,,3066
607,Holborn,Nov-16,,0,0,0,0,0,0,0,0,0,0,0,0,0,10,20,33,35,53,61,75,81,88,81,91,117,140,152,151,155,170,165,207,255,305,298,331,355,386,391,485,576,645,623,652,675,693,661,695,726,758,736,792,856,947,973,1174,1325,1465,1452,1652,1780,1819,1729,1722,1712,1635,1486,1359,1248,1157,1013,968,942,927,879,892,850,781,700,692,771,814,687,521,434,397,343,318,270,163,55,0,0,0,0,0,,51831
608,Holland Park,Nov-16,,0,0,0,0,0,0,0,0,0,0,0,0,1,3,5,7,11,19,28,38,49,71,95,118,145,166,158,133,115,102,87,74,67,62,57,52,53,55,56,58,61,59,53,49,54,56,53,51,52,57,56,58,58,66,87,103,107,105,117,164,180,171,132,149,148,135,94,77,66,57,45,41,39,37,29,24,22,24,27,31,33,28,22,21,23,23,20,14,9,5,2,1,0,0,0,0,,5080
609,Holloway Road,Nov-16,,0,0,0,0,0,0,0,0,0,0,0,0,0,13,19,27,36,55,70,95,124,170,206,260,336,410,407,346,277,242,195,148,113,120,121,112,103,105,107,111,122,139,148,161,163,155,133,130,133,132,123,130,145,151,144,168,200,236,240,292,304,283,214,203,196,182,150,126,113,104,88,83,84,96,102,101,82,61,46,43,44,45,46,52,53,47,35,27,16,8,3,2,0,0,0,0,,10612
610,Hornchurch,Nov-16,,0,0,0,0,0,0,0,0,0,0,0,0,11,22,38,63,89,107,110,123,152,191,235,271,255,200,137,96,64,48,39,36,30,27,24,25,27,27,24,23,26,28,24,22,23,25,23,22,22,24,24,23,28,36,35,34,37,39,39,39,41,39,34,30,29,26,19,15,15,13,10,8,10,9,7,7,7,7,6,7,10,10,7,4,4,3,3,2,2,2,1,0,0,0,0,0,,3454
611,Hounslow Central,Nov-16,,0,0,0,0,0,0,0,0,0,0,0,0,25,41,61,83,119,148,167,180,193,194,222,262,282,258,223,180,140,114,102,90,77,68,62,62,64,62,58,58,62,63,66,69,72,68,62,57,54,55,53,49,61,72,71,62,70,81,82,110,135,135,102,89,82,72,59,48,42,37,30,25,23,20,19,18,17,15,12,12,10,10,8,7,5,3,3,2,2,1,0,0,0,0,0,0,,5977
612,Hounslow East,Nov-16,,0,0,0,0,0,0,0,0,0,0,0,0,25,39,60,83,121,157,183,202,196,198,217,247,247,228,203,180,152,129,107,94,77,71,65,65,62,59,54,56,57,60,63,63,62,61,55,54,53,52,47,49,51,55,62,68,73,75,83,87,90,87,85,79,72,64,57,50,43,36,27,23,24,23,21,21,22,22,20,16,14,15,13,12,10,8,5,3,3,2,1,0,0,0,0,0,,5775
613,Hounslow West,Nov-16,,0,0,0,0,0,0,0,0,0,0,0,0,33,48,72,100,124,148,168,187,193,203,236,268,267,237,195,158,126,119,107,98,80,73,68,66,66,61,61,60,62,60,65,68,67,62,58,53,47,44,42,42,42,43,46,48,51,54,56,57,63,68,63,57,55,54,46,39,34,30,26,23,20,17,16,16,17,17,16,15,16,14,11,9,10,10,7,4,2,1,1,1,1,0,0,0,,5468
614,Hyde Park Corner,Nov-16,,0,0,0,0,0,0,0,0,0,0,0,0,0,0,4,6,7,8,8,15,19,21,21,25,30,37,40,40,46,52,53,51,53,54,60,68,75,74,81,99,116,123,119,121,130,130,122,118,124,127,125,133,147,168,174,192,202,229,247,321,341,346,307,342,332,294,223,193,166,143,126,120,118,115,107,109,117,116,109,105,100,91,75,69,73,76,59,44,31,20,9,0,0,0,0,0,,8691
615,Ickenham,Nov-16,,0,0,0,0,0,0,0,0,0,0,0,0,8,7,8,12,25,35,46,60,82,101,109,112,103,85,69,57,44,35,32,28,24,24,23,19,18,17,16,15,16,16,15,15,13,13,11,13,14,15,13,12,10,13,53,65,46,17,29,31,26,26,24,25,22,19,14,12,11,9,7,5,5,4,4,5,4,4,4,6,7,7,4,3,3,3,2,1,1,1,0,0,0,0,0,0,,1912
616,Kennington,Nov-16,,0,0,0,0,0,0,0,0,0,0,0,0,0,15,24,35,47,71,93,122,156,210,249,309,387,499,500,432,326,276,210,161,122,114,105,94,85,86,86,83,83,89,83,77,74,80,78,75,71,77,77,80,85,94,92,101,114,134,129,151,175,182,160,161,165,153,132,116,105,92,78,69,62,54,51,51,51,48,44,43,48,44,35,29,30,27,24,20,15,10,5,2,0,0,0,0,,9022
617,Kensal Green,Nov-16,,0,0,0,0,0,0,0,0,0,0,0,0,0,11,13,19,28,41,50,72,100,128,166,222,256,256,246,215,172,126,100,77,70,62,54,49,50,49,46,44,44,43,39,38,41,45,42,39,39,39,37,37,42,46,48,51,57,60,61,69,76,73,71,69,72,66,56,44,38,32,23,20,20,21,19,16,14,12,14,15,14,11,9,9,9,8,7,5,3,0,0,0,0,0,0,0,,4485
618,Kensington (Olympia),Aut-11,,0,0,0,0,0,0,0,0,0,0,0,0,0,0,0,0,0,0,0,0,16,15,13,27,45,38,29,31,33,32,38,41,27,30,30,28,18,26,28,25,21,34,43,33,25,28,37,30,31,32,44,43,32,32,38,39,41,45,32,36,44,45,22,14,19,23,18,11,19,19,18,14,16,15,7,7,7,9,6,11,11,9,5,3,2,3,2,0,0,0,0,0,0,0,0,0,,1645
619,Kentish Town,Nov-16,,0,0,0,0,0,0,0,0,0,0,0,0,0,6,16,27,35,56,80,105,149,220,276,353,440,492,460,416,364,307,244,191,163,155,143,126,125,133,129,123,127,139,139,136,138,142,132,125,125,130,132,138,149,169,181,200,214,228,206,262,316,426,453,471,412,375,302,248,212,174,135,117,113,102,87,77,79,80,77,75,82,111,162,180,146,99,69,44,23,11,4,2,0,0,0,0,,13810
620,Kenton,Nov-16,,0,0,0,0,0,0,0,0,0,0,0,0,5,14,24,52,77,106,113,119,103,105,108,117,124,120,96,69,58,51,43,38,37,36,33,29,28,27,24,21,22,26,27,27,27,28,27,27,27,27,29,31,32,31,73,107,106,68,57,58,62,62,61,56,51,47,42,35,31,28,24,20,21,19,16,15,16,14,12,12,11,9,7,5,5,5,4,2,2,1,0,0,0,0,0,0,,3329
621,Kew Gardens,Nov-16,,0,0,0,0,0,0,0,0,0,0,0,0,0,4,9,15,24,38,60,89,126,183,239,275,275,248,207,163,126,105,88,78,65,62,49,48,49,54,52,53,55,59,59,58,54,56,58,59,57,59,59,65,69,79,80,94,110,119,112,121,130,127,114,116,118,109,91,79,76,62,54,49,44,41,46,46,42,37,36,34,29,21,15,12,11,10,7,4,3,1,0,1,0,0,0,0,,5831
622,Kilburn,Nov-16,,0,0,0,0,0,0,0,0,0,0,0,0,25,33,46,74,116,158,186,224,276,345,413,520,648,735,681,564,457,376,276,210,182,182,167,150,145,151,142,126,120,126,122,122,128,132,123,117,125,132,125,123,138,149,141,141,158,172,172,184,207,232,239,241,235,224,203,176,151,122,98,81,74,71,64,55,57,61,56,50,50,48,39,36,35,33,27,22,18,11,5,1,0,0,0,0,,13380
623,Kilburn Park,Nov-16,,0,0,0,0,0,0,0,0,0,0,0,0,0,5,13,19,25,38,55,71,92,112,130,159,206,236,221,178,147,126,104,83,78,77,71,67,70,70,64,58,60,63,60,56,57,60,58,57,60,64,62,62,68,79,82,83,87,93,91,97,108,110,96,88,80,84,78,72,58,54,42,37,35,36,29,25,24,26,23,22,22,21,17,15,15,14,11,8,6,3,1,1,0,0,0,0,,5235
625,King's Cross St. Pancras,Nov-16,,0,0,0,0,0,0,0,0,0,0,0,0,40,49,96,142,244,486,764,1008,1375,1929,2511,3022,3608,3992,4074,3879,3795,3432,2810,2195,2098,2296,2317,2089,1770,1699,1643,1685,1673,1736,1708,1728,1697,1723,1648,1594,1552,1585,1639,1716,1730,1733,1731,1930,2187,2501,2574,2951,3274,3608,3718,3888,3776,3515,3090,2690,2382,2048,1797,1791,1742,1458,1238,1282,1314,1206,1208,1294,1212,989,950,938,826,651,527,401,277,172,67,12,0,0,0,0,,145725
624,Kingsbury,Nov-16,,0,0,0,0,0,0,0,0,0,0,0,0,9,30,72,137,235,346,396,372,312,287,294,342,372,357,296,245,197,159,125,109,99,90,81,78,79,75,69,66,71,73,73,67,70,74,74,66,62,61,70,77,78,64,160,212,184,85,81,87,95,99,91,89,89,87,78,78,71,58,44,38,33,29,26,24,26,24,22,20,18,15,12,10,10,9,7,5,4,2,1,0,0,0,0,0,,8332
626,Knightsbridge,Nov-16,,0,0,0,0,0,0,0,0,0,0,0,0,0,0,8,11,14,18,21,28,33,36,59,69,92,115,116,112,111,117,115,128,141,167,182,209,231,263,294,325,359,378,389,404,424,430,427,440,449,465,471,519,555,594,605,645,687,765,818,917,943,959,878,954,989,940,750,679,653,609,503,494,351,386,322,331,481,521,378,217,206,200,155,138,147,143,113,95,76,44,14,0,0,0,0,0,,27425
627,Ladbroke Grove,Nov-16,,0,0,0,0,0,0,0,0,0,0,0,0,5,8,12,14,24,36,50,67,92,132,184,242,291,308,290,249,209,166,131,106,97,93,88,87,90,98,98,100,105,112,112,111,115,115,111,109,109,110,108,119,130,146,150,174,188,207,203,221,231,252,239,241,241,226,179,141,121,102,82,73,67,61,52,49,50,51,46,42,42,39,36,44,56,52,38,25,17,8,3,1,0,0,0,0,,9029
628,Lambeth North,Nov-15,,0,0,0,0,0,0,0,0,0,0,0,0,0,0,0,0,0,0,0,0,0,0,0,0,0,0,0,0,0,0,0,0,0,0,0,0,0,0,0,0,0,0,0,0,0,0,0,0,0,0,0,0,0,0,0,0,0,0,0,0,0,0,0,0,0,0,0,0,0,0,0,0,0,0,0,0,0,0,0,0,0,0,0,0,0,0,0,0,0,0,0,0,0,0,0,0,,0
629,Lancaster Gate,Nov-16,,0,0,0,0,0,0,0,0,0,0,0,0,0,3,8,14,17,38,59,92,121,185,258,351,433,492,496,455,390,333,283,244,216,199,181,155,141,132,125,116,115,114,106,97,104,108,104,97,102,107,107,111,121,130,130,142,160,192,206,227,217,218,221,236,225,198,167,144,124,104,84,73,65,60,52,49,47,46,44,47,49,47,44,51,56,52,38,27,18,9,3,0,0,0,0,0,,10932
630,Latimer Road,Nov-16,,0,0,0,0,0,0,0,0,0,0,0,0,3,4,7,9,12,17,24,30,43,59,79,103,121,118,103,97,90,76,56,47,43,42,41,39,38,38,37,36,40,42,41,42,45,45,41,41,42,46,44,46,48,55,58,69,75,82,80,118,149,187,179,192,176,154,104,90,85,75,49,47,49,48,36,40,43,38,25,32,39,32,16,10,9,8,6,3,2,2,0,0,0,0,0,0,,4437
631,Leicester Square,Nov-16,,0,0,0,0,0,0,0,0,0,0,0,0,0,0,36,48,52,48,41,56,74,82,80,90,110,132,136,135,127,133,135,138,149,169,183,194,213,239,257,278,306,340,368,399,434,470,505,540,582,610,633,657,691,704,705,747,806,873,879,970,1069,1262,1348,1497,1543,1498,1289,1176,1125,1069,970,945,956,971,958,1015,1070,1173,1230,1407,1779,1912,1661,1352,1344,1276,1082,824,557,291,92,3,0,0,0,0,,51298
632,Leyton,Nov-16,,0,0,0,0,0,0,0,0,0,0,0,0,25,98,182,294,432,579,711,837,888,812,732,763,902,959,862,708,608,545,444,345,298,297,272,243,241,244,224,196,197,201,195,184,192,199,190,177,193,203,196,185,200,212,207,213,240,258,248,238,259,277,269,242,243,239,219,189,172,156,141,127,125,123,111,95,95,93,96,98,96,79,64,52,45,37,28,20,10,5,2,1,0,0,0,0,,21677
633,Leytonstone,Nov-16,,0,0,0,0,0,0,0,0,0,0,0,0,33,77,123,174,276,367,447,536,602,610,636,752,923,942,808,645,546,447,339,262,228,220,203,185,193,196,180,165,172,174,166,163,165,167,153,153,159,164,153,147,169,186,185,175,192,228,247,266,277,291,265,241,222,209,178,152,138,122,105,92,86,80,68,61,60,58,51,51,51,46,37,32,31,28,23,17,12,6,2,1,0,0,0,0,,17792
634,Liverpool Street,Nov-16,,0,0,0,0,0,0,0,0,0,0,0,0,16,47,111,162,310,431,569,723,1516,1817,2074,2246,2585,3025,3227,3047,2593,2275,1823,1474,1356,1422,1334,1169,1097,1091,1050,1062,1153,1224,1159,1091,1119,1174,1175,1158,1181,1197,1153,1162,1257,1349,1340,1478,1681,1872,1860,2478,3183,3919,4029,4213,4091,3815,3152,2581,2159,1831,1488,1314,1219,1153,1037,968,694,698,668,650,621,579,517,497,494,462,380,305,241,164,68,10,0,0,0,0,,114113
635,London Bridge,Nov-16,,0,0,0,0,0,0,0,0,0,0,0,0,0,54,103,184,273,398,631,1038,1530,2009,2378,2735,3167,3525,3610,3329,2943,2528,2136,1748,1530,1431,1307,1163,1103,1119,1114,1145,1197,1241,1232,1248,1253,1265,1189,1152,1148,1208,1193,1250,1322,1394,1425,1660,1885,2088,2137,2539,2963,3424,3678,3827,3708,3375,2870,2416,2078,1772,1449,1302,1188,1099,1036,1000,943,885,809,779,771,741,669,617,596,552,462,350,260,165,72,17,3,0,0,0,,119133
636,Loughton,Nov-16,,0,0,0,0,0,0,0,0,0,0,0,0,13,21,35,57,82,124,148,173,225,288,342,375,385,323,243,179,135,117,101,88,68,62,53,49,51,48,45,44,46,43,41,39,40,37,33,33,36,35,29,46,77,82,63,57,63,61,57,62,80,95,90,70,58,48,37,31,27,23,18,17,16,15,13,13,11,10,9,10,9,9,8,7,7,6,4,2,1,1,0,0,0,0,0,0,,5599
637,Maida Vale,Nov-16,,0,0,0,0,0,0,0,0,0,0,0,0,0,3,8,14,21,33,43,59,86,121,158,204,269,310,293,236,187,152,116,88,76,75,70,62,61,61,56,55,57,58,54,52,54,60,57,54,53,53,51,50,61,72,73,73,81,90,89,107,111,109,91,93,89,89,78,71,63,56,49,48,47,41,30,35,40,36,23,21,22,20,17,14,13,14,11,8,5,3,1,1,0,0,0,0,,5565
638,Manor House,Nov-16,,0,0,0,0,0,0,0,0,0,0,0,0,14,45,81,109,151,199,249,301,347,386,426,497,596,640,603,540,515,470,373,271,228,224,204,178,177,185,170,143,141,147,144,133,135,138,133,131,140,145,142,144,157,158,146,148,172,188,175,175,207,231,214,195,195,190,164,138,128,114,96,84,84,78,72,65,67,64,60,58,63,62,52,43,38,35,29,21,14,6,2,1,1,1,1,0,,14187
639,Mansion House,Nov-16,,0,0,0,0,0,0,0,0,0,0,0,0,0,1,2,3,3,4,5,11,16,20,23,31,40,48,52,57,57,58,54,53,52,62,63,64,63,73,78,89,98,111,107,102,101,115,118,121,117,121,118,128,138,151,152,181,232,265,249,334,467,613,661,722,716,654,525,412,330,269,215,178,148,132,117,113,106,96,85,79,77,71,64,60,64,62,50,34,21,10,4,0,0,0,0,0,,11296
640,Marble Arch,Nov-16,,0,0,0,0,0,0,0,0,0,0,0,0,0,5,13,25,34,43,49,55,70,97,120,141,173,210,218,204,192,188,175,170,170,173,170,171,179,189,194,204,213,225,223,227,237,253,258,254,269,292,301,316,342,373,399,462,514,546,534,591,639,729,736,789,771,714,583,512,461,405,354,335,330,314,289,272,281,280,270,277,280,276,235,206,174,158,126,107,91,55,17,0,0,0,0,0,,21527
641,Marylebone,Nov-16,,0,0,0,0,0,0,0,0,0,0,0,0,0,0,3,0,50,85,115,191,371,481,492,580,765,883,784,668,575,487,368,336,347,376,356,310,277,267,259,258,264,240,220,205,214,211,192,164,160,170,172,173,177,197,209,225,242,266,268,347,461,523,533,513,509,473,430,339,282,236,193,156,147,132,117,106,109,102,88,96,111,112,91,73,56,43,32,26,18,8,2,0,0,0,0,0,,20117
642,Mile End,Nov-16,,0,0,0,0,0,0,0,0,0,0,0,0,16,35,57,83,119,167,201,237,307,413,516,636,819,941,906,781,663,554,425,337,286,280,258,253,262,273,247,264,286,288,249,293,333,328,264,286,323,327,277,311,358,383,365,451,519,531,472,560,656,655,533,529,544,492,375,335,332,308,253,216,210,197,174,165,169,155,140,131,131,121,106,91,86,81,67,52,38,24,11,4,1,0,0,0,,24922
643,Mill Hill East,Aut-14,,0,0,0,0,0,0,0,0,0,0,0,0,0,1,2,6,14,17,39,58,65,95,157,180,153,120,97,65,48,33,24,20,15,15,18,19,13,14,14,15,17,16,16,22,29,18,11,9,19,19,17,11,20,23,61,73,68,36,35,55,70,58,41,38,32,18,18,14,11,11,10,13,8,11,8,9,5,5,2,3,5,6,5,5,4,2,2,2,1,1,0,0,0,0,0,0,,2310
646,Moor Park,Nov-16,,0,0,0,0,0,0,0,0,0,0,0,0,0,5,6,11,16,20,27,37,45,64,99,127,112,79,50,37,25,20,18,15,12,10,11,11,11,11,11,11,11,10,9,9,8,10,12,15,14,11,9,10,16,19,55,74,65,37,39,44,48,52,42,33,25,20,11,8,6,7,5,4,3,3,2,2,2,2,2,2,2,2,2,2,2,1,1,0,0,0,0,0,0,0,0,0,,1669
645,Moorgate,Nov-13,,0,0,0,0,0,0,0,0,0,0,0,2,5,6,10,17,26,34,43,66,92,110,117,142,171,207,223,218,196,194,184,175,173,189,190,197,209,232,253,302,350,377,366,377,390,402,382,402,425,457,452,495,534,589,606,802,997,1199,1225,1810,2436,3080,3180,3278,3056,2711,2203,1792,1460,1180,880,756,657,575,506,463,423,413,394,373,324,290,250,231,217,195,163,129,94,55,21,2,0,0,1,0,,48408
647,Morden,Nov-16,,0,0,0,0,0,0,0,0,0,0,0,0,82,103,112,170,239,352,473,612,684,746,805,901,965,893,717,580,489,379,287,239,206,189,169,158,158,154,144,137,139,141,140,140,136,124,112,111,116,113,111,117,123,127,128,143,154,169,179,210,236,242,215,206,201,183,144,127,111,97,78,71,60,57,52,52,49,44,38,37,36,32,28,27,25,23,19,13,6,1,1,1,0,0,0,0,,16388
648,Mornington Crescent,Nov-16,,0,0,0,0,0,0,0,0,0,0,0,0,0,0,5,6,10,14,17,20,29,40,48,55,70,90,96,90,79,72,60,51,48,51,50,51,51,54,51,55,58,64,66,77,81,78,65,63,68,75,73,78,84,97,103,123,137,160,170,230,253,391,478,517,402,332,245,195,155,130,105,95,82,75,67,69,68,66,57,56,61,89,108,120,103,79,48,34,24,13,5,1,0,0,0,0,,7736
649,Neasden,Nov-16,,0,0,0,0,0,0,0,0,0,0,0,0,20,25,38,64,96,142,201,243,254,239,225,246,290,288,227,175,154,134,105,82,76,75,68,59,62,63,56,51,54,56,55,54,55,55,53,54,57,62,59,58,59,63,68,78,87,88,88,102,110,111,104,110,101,88,68,61,50,43,33,29,27,26,22,21,21,18,15,16,19,19,15,12,12,9,6,4,4,3,2,1,0,0,0,0,,6243
650,Newbury Park,Nov-16,,0,0,0,0,0,0,0,0,0,0,0,0,33,62,106,149,233,281,324,341,356,355,433,535,578,508,402,312,247,199,157,133,116,103,92,89,91,83,70,69,72,74,68,66,66,63,59,59,67,61,54,52,63,73,77,72,70,71,78,86,93,86,72,70,71,69,54,48,41,34,25,24,24,24,21,20,19,20,19,16,14,11,9,9,8,6,3,2,1,0,0,0,0,0,0,0,,8721
653,North Acton,Nov-16,,0,0,0,0,0,0,0,0,0,0,0,0,2,13,26,43,58,71,95,135,172,180,184,271,411,439,333,248,257,235,175,121,122,120,103,89,97,102,92,87,95,98,94,97,105,104,92,93,101,105,94,100,112,119,112,144,182,205,195,264,346,420,424,434,402,339,249,191,165,135,102,86,89,80,63,53,53,49,42,39,39,37,32,27,26,23,18,12,7,4,2,1,0,0,0,0,,10781
654,North Ealing,Nov-16,,0,0,0,0,0,0,0,0,0,0,0,0,1,2,2,4,9,11,13,21,31,42,56,69,72,66,59,51,42,33,25,21,20,19,15,13,14,14,12,12,13,13,12,16,18,16,11,11,12,12,11,5,30,89,123,84,33,16,23,26,25,24,23,24,23,22,16,14,12,10,7,6,5,5,3,4,5,4,3,4,3,2,3,3,2,2,2,1,1,0,0,0,0,0,0,0,,1581
789,North Greenwich,Nov-16,,0,0,0,0,0,0,0,0,0,0,0,0,92,166,216,272,359,475,576,678,787,838,890,986,1248,1378,1313,1108,954,797,632,480,378,351,336,314,307,308,292,280,283,307,300,294,296,300,289,285,290,298,287,299,316,362,429,559,619,602,582,647,722,765,784,784,751,639,497,397,351,308,263,258,266,273,260,256,244,250,277,343,394,495,712,994,1057,813,471,255,148,70,25,10,5,0,0,0,,38592
656,North Harrow,Nov-16,,0,0,0,0,0,0,0,0,0,0,0,0,0,6,19,38,49,69,77,95,111,154,215,275,283,226,169,127,98,70,56,49,40,36,34,32,32,30,28,25,26,25,24,24,24,23,21,22,22,22,20,18,17,22,26,27,28,29,31,33,35,36,33,34,32,29,23,23,21,17,12,9,9,9,8,6,7,7,6,6,7,8,7,6,6,7,9,10,7,3,0,0,0,0,0,0,,3359
659,North Wembley,Nov-16,,0,0,0,0,0,0,0,0,0,0,0,0,3,14,25,31,51,72,85,86,90,92,110,143,165,146,103,73,63,55,44,37,35,34,29,24,24,25,26,24,26,26,26,27,29,29,28,27,25,27,27,36,40,41,35,37,43,44,42,50,62,59,45,40,39,34,27,25,26,22,18,16,18,16,11,9,11,10,9,8,9,9,7,4,3,3,2,2,1,0,0,0,0,0,0,0,,2919
655,Northfields,Nov-16,,0,0,0,0,0,0,0,0,0,0,0,0,20,26,29,40,58,87,134,182,221,243,288,338,357,312,258,230,193,148,107,89,76,70,61,57,58,60,56,55,51,50,50,53,54,54,49,43,42,42,43,43,43,52,79,101,99,88,90,105,122,130,125,119,106,91,75,67,55,39,25,23,23,20,16,15,15,15,13,12,12,12,12,11,11,9,7,5,4,3,2,1,1,0,0,0,,6280
657,Northolt,Nov-16,,0,0,0,0,0,0,0,0,0,0,0,0,31,67,101,129,188,252,314,355,362,357,386,442,437,383,307,269,220,195,166,146,125,107,95,87,87,83,80,76,77,74,75,75,78,73,68,62,63,63,63,59,62,75,87,82,76,80,86,88,89,89,88,83,76,68,61,55,50,43,34,29,28,25,24,22,23,20,18,16,14,13,11,10,9,8,7,5,3,0,0,0,0,0,0,0,,8334
660,Northwick Park,Nov-16,,0,0,0,0,0,0,0,0,0,0,0,0,8,19,38,61,104,135,155,169,175,191,229,297,330,309,241,183,147,123,97,81,76,73,64,62,67,70,67,68,73,73,73,83,95,92,75,73,76,79,75,88,100,109,117,145,161,165,165,209,237,237,187,164,142,125,97,85,76,66,58,63,70,69,56,47,40,35,32,32,27,21,15,15,12,11,9,8,5,3,1,1,0,0,0,0,,7811
661,Northwood,Nov-16,,0,0,0,0,0,0,0,0,0,0,0,0,0,8,15,29,45,61,67,89,119,157,213,265,266,216,164,121,91,79,69,61,52,45,42,44,46,43,38,37,37,37,36,35,32,30,31,34,34,34,32,36,39,40,28,102,158,144,64,59,70,78,75,68,55,47,36,32,28,25,20,18,15,16,13,12,10,11,10,9,8,8,7,7,6,5,4,3,1,1,1,1,0,0,0,0,,4224
662,Northwood Hills,Nov-16,,0,0,0,0,0,0,0,0,0,0,0,0,0,7,18,31,46,64,76,89,108,128,173,216,221,181,140,110,79,63,51,48,39,35,32,31,30,28,27,27,28,26,27,28,30,31,28,24,23,24,25,41,60,59,39,32,38,43,37,43,51,52,38,35,34,32,27,25,20,15,11,11,9,9,7,8,8,7,6,8,8,7,4,4,5,5,3,3,2,2,1,0,0,0,0,0,,3241
663,Notting Hill Gate,Nov-16,,0,0,0,0,0,0,0,0,0,0,0,0,8,14,22,39,62,95,120,151,204,285,364,460,576,693,709,638,541,467,382,303,265,257,252,239,240,252,262,266,274,285,276,270,274,289,283,273,273,294,301,312,332,359,361,410,461,504,506,658,747,757,626,711,777,753,571,465,398,334,265,231,224,217,194,181,183,188,178,162,153,149,139,133,140,150,140,111,75,41,13,1,0,0,0,0,,24568
664,Oakwood,Nov-16,,0,0,0,0,0,0,0,0,0,0,0,0,19,21,21,33,45,64,81,108,130,148,179,208,217,194,164,131,104,88,79,73,67,61,53,50,51,48,45,45,43,40,40,41,41,40,37,38,39,35,28,59,76,79,67,80,75,68,65,68,70,71,69,69,66,65,59,53,41,29,23,22,20,19,17,14,11,11,11,10,10,10,8,5,5,4,3,2,1,0,0,0,1,0,0,0,,4385
665,Old Street,Nov-16,,0,0,0,0,0,0,0,0,0,0,0,0,0,0,24,39,56,78,111,155,204,254,295,357,473,620,673,616,531,505,455,393,343,356,348,332,322,348,353,359,378,410,411,410,428,453,434,411,419,453,448,455,480,527,548,650,747,842,853,1091,1312,1551,1679,1799,1831,1719,1474,1156,950,790,653,587,538,505,458,445,439,435,419,411,409,395,374,371,376,355,302,247,189,106,41,0,0,0,0,0,,41764
667,Osterley,Nov-16,,0,0,0,0,0,0,0,0,0,0,0,0,12,16,25,35,52,72,87,101,111,135,170,203,210,192,155,122,94,79,65,58,50,47,43,40,38,35,33,34,35,35,36,38,40,37,33,30,28,28,26,26,30,34,35,35,40,43,49,52,60,65,68,68,62,52,40,34,27,22,17,13,13,11,11,10,11,9,8,6,7,6,5,3,4,4,3,1,1,1,0,0,0,0,0,0,,3666
668,Oval,Nov-16,,0,0,0,0,0,0,0,0,0,0,0,0,0,16,26,40,53,84,112,133,155,198,241,288,346,371,351,329,315,279,209,157,133,131,116,100,99,109,105,97,99,110,112,110,110,112,103,97,98,106,103,106,118,135,141,169,187,199,188,219,238,281,283,287,260,242,197,163,139,121,97,86,81,76,65,65,64,58,49,50,52,49,42,40,43,40,30,21,14,8,3,1,0,0,0,0,,10460
669,Oxford Circus,Nov-16,,0,0,0,0,0,0,0,0,0,0,0,0,0,25,35,48,49,57,64,99,121,134,131,171,210,249,248,273,301,359,379,433,483,572,615,676,727,808,863,974,1094,1211,1255,1348,1469,1569,1589,1644,1737,1825,1853,1936,2052,2200,2282,2543,2795,2993,2997,3485,3963,4536,4741,4872,4821,4749,4436,3983,3654,3305,2884,2733,2757,2679,2373,2274,2244,2112,1830,1753,1721,1636,1424,1276,1168,1021,808,612,476,277,89,0,0,0,0,0,,126188
670,Paddington,Nov-16,,0,0,0,0,0,0,0,0,0,0,0,0,19,17,49,60,129,291,486,701,989,1338,1786,2150,2512,2657,2737,2590,2356,1978,1685,1540,1500,1400,1373,1251,1118,1006,1022,1029,988,1027,976,908,824,859,789,775,800,879,822,808,834,934,953,1043,1107,1267,1340,1576,1780,2072,2123,2121,1948,1884,1646,1395,1120,1002,845,738,651,584,498,450,420,421,377,329,286,286,243,215,197,191,147,108,70,39,17,0,0,0,0,0,,79481
671,Park Royal,Nov-16,,0,0,0,0,0,0,0,0,0,0,0,0,2,4,6,9,17,21,26,33,43,49,58,71,81,82,71,58,46,40,33,29,27,24,22,20,23,23,22,24,27,26,24,25,30,29,28,29,32,30,26,29,34,36,40,51,69,82,86,116,156,178,165,153,136,110,80,58,51,46,37,28,27,25,20,25,28,24,14,15,17,16,13,14,18,18,14,10,8,5,4,3,1,0,0,0,,3330
672,Parsons Green,Nov-16,,0,0,0,0,0,0,0,0,0,0,0,0,5,8,14,23,48,70,96,150,236,346,471,578,600,559,468,372,279,219,161,130,116,113,104,98,97,96,94,95,99,101,103,105,102,97,89,91,94,97,92,95,90,160,194,195,145,176,192,252,276,286,251,297,308,277,190,160,139,120,92,78,69,62,53,44,41,42,44,44,42,40,37,34,29,23,18,13,8,4,2,1,1,0,0,0,,11340
673,Perivale,Nov-16,,0,0,0,0,0,0,0,0,0,0,0,0,2,14,28,45,71,103,129,153,165,171,181,211,215,178,135,117,104,82,62,52,46,43,41,38,38,34,30,30,35,37,34,33,34,33,33,33,33,30,27,30,33,39,42,47,46,48,45,59,71,90,81,74,60,55,37,30,28,24,16,14,17,18,15,13,13,12,10,11,12,9,6,4,5,5,5,3,2,1,0,0,0,0,0,0,,4010
674,Piccadilly Circus,Nov-16,,0,0,0,0,0,0,0,0,0,0,0,0,0,9,18,26,26,31,31,47,58,62,55,71,88,98,100,110,129,151,166,174,194,222,242,254,273,307,343,390,426,451,468,506,556,598,613,640,690,743,777,830,882,933,933,992,1039,1119,1138,1363,1515,1765,1930,2150,2202,2126,1863,1613,1450,1294,1141,1099,1084,1061,1025,1051,1087,1088,1048,1351,1630,1652,1255,1031,888,838,729,603,426,208,50,0,0,0,0,0,,57625
776,Pimlico,Nov-16,,0,0,0,0,0,0,0,0,0,0,0,0,0,15,18,26,37,58,80,105,141,204,262,333,421,506,497,443,378,351,300,251,207,202,193,179,165,166,162,166,179,199,203,205,207,214,205,203,211,224,222,233,255,297,333,400,452,519,542,609,666,728,755,765,715,593,465,361,315,265,214,180,169,156,134,132,126,117,97,89,77,73,66,63,59,58,46,31,20,10,5,0,0,0,0,0,,19328
675,Pinner,Nov-16,,0,0,0,0,0,0,0,0,0,0,0,0,0,6,19,35,50,72,103,139,214,341,456,490,447,353,263,194,150,107,91,70,62,55,50,47,46,42,39,40,42,41,41,42,40,35,34,34,33,33,31,32,32,35,36,41,39,44,46,56,64,64,57,56,53,45,33,29,26,22,18,14,13,13,11,10,9,9,8,9,8,7,7,15,26,31,25,15,6,2,0,1,1,0,0,0,,5455
676,Plaistow,Nov-16,,0,0,0,0,0,0,0,0,0,0,0,0,55,62,83,134,199,249,277,320,331,322,324,365,397,384,342,308,278,236,184,151,132,126,116,107,105,104,94,85,84,89,88,83,85,90,88,84,83,81,78,83,96,105,109,110,111,113,116,128,137,131,117,107,102,90,79,70,63,54,46,41,42,41,36,33,31,28,24,23,22,23,24,23,20,17,14,10,5,2,1,1,0,0,0,0,,9231
677,Preston Road,Nov-16,,0,0,0,0,0,0,0,0,0,0,0,0,5,21,37,65,122,177,200,203,206,210,238,286,315,293,252,209,166,129,107,90,79,75,69,61,57,57,55,53,51,48,45,48,51,50,47,42,39,37,40,40,41,52,58,56,50,51,48,51,54,54,48,48,50,47,40,35,31,27,22,20,18,16,14,13,12,10,9,11,16,16,11,7,6,6,5,4,2,1,0,0,0,0,0,0,,5435
678,Putney Bridge,Nov-16,,0,0,0,0,0,0,0,0,0,0,0,0,4,5,10,21,35,53,74,115,155,206,271,332,351,328,285,235,192,159,127,106,99,95,85,78,82,85,83,83,88,92,87,82,82,84,79,79,81,79,74,75,81,85,87,102,120,138,144,181,199,263,269,292,263,242,167,130,110,94,75,64,54,46,44,41,37,32,31,30,31,30,29,29,33,36,32,19,8,3,2,0,0,0,0,0,,8409
680,Queen's Park,Nov-16,,0,0,0,0,0,0,0,0,0,0,0,0,12,18,23,31,46,66,81,112,163,224,296,380,485,534,515,428,342,265,203,158,139,133,118,102,100,103,101,98,101,101,94,89,96,100,95,88,86,89,86,84,86,98,105,109,112,123,126,135,140,157,157,172,171,167,134,113,91,76,58,57,56,53,41,40,36,37,36,36,32,30,27,25,24,24,23,18,12,5,2,0,0,0,0,0,,9329
679,Queensbury,Nov-16,,0,0,0,0,0,0,0,0,0,0,0,0,18,49,77,171,333,480,501,464,386,340,337,400,418,377,287,219,160,127,104,92,75,65,59,56,54,51,46,46,47,49,47,49,46,46,41,43,40,42,39,40,42,47,49,50,50,50,53,58,65,65,63,57,56,57,57,56,49,41,31,27,26,24,19,22,23,19,15,16,15,12,9,7,7,6,5,3,2,1,1,1,1,0,0,0,,7578
681,Queensway,Nov-16,,0,0,0,0,0,0,0,0,0,0,0,0,0,7,13,20,25,39,50,65,85,123,156,199,263,333,363,342,306,291,277,257,234,225,204,183,171,162,152,149,148,143,132,128,129,134,135,133,137,142,142,150,162,172,166,187,209,224,214,227,235,239,224,228,236,238,218,198,175,149,128,123,121,114,103,97,94,90,80,76,76,73,70,83,106,111,93,66,40,18,3,0,0,0,0,0,,11813
682,Ravenscourt Park,Nov-16,,0,0,0,0,0,0,0,0,0,0,0,0,1,2,4,7,10,18,28,41,58,78,110,146,179,192,173,141,114,99,76,57,49,46,45,42,45,51,50,45,41,41,40,40,46,48,45,42,45,47,47,50,47,67,104,206,248,213,129,143,159,175,160,174,163,142,95,74,63,52,41,38,32,28,24,27,25,25,23,27,26,25,21,20,18,14,9,6,3,2,1,0,0,0,0,0,,5288
683,Rayners Lane,Nov-16,,0,0,0,0,0,0,0,0,0,0,0,0,14,31,51,67,108,137,173,199,249,293,354,416,446,417,343,268,200,162,138,117,99,89,78,74,74,73,70,72,72,72,67,65,65,65,59,57,58,58,54,53,53,50,68,85,84,74,81,113,123,117,94,96,87,75,61,55,48,44,36,31,26,24,20,18,16,15,15,19,19,17,13,12,11,10,8,5,4,2,1,1,1,0,0,0,,7289
684,Redbridge,Nov-16,,0,0,0,0,0,0,0,0,0,0,0,0,7,20,46,75,104,123,148,169,179,183,202,239,284,287,242,184,150,125,99,80,72,70,62,56,57,54,47,44,45,45,44,43,43,42,39,37,36,38,36,34,36,37,37,38,40,43,44,49,58,62,57,51,50,49,42,37,33,31,23,18,14,14,16,15,12,9,9,9,11,10,8,6,6,6,5,3,1,1,1,1,1,0,0,0,,4883
685,Regent's Park,Nov-16,,0,0,0,0,0,0,0,0,0,0,0,0,0,0,1,1,1,3,5,8,9,13,17,20,27,39,43,39,36,40,41,41,39,42,44,45,47,47,49,53,58,60,60,64,66,65,61,59,63,67,69,75,88,97,99,120,147,171,163,205,234,260,226,236,227,208,156,126,106,86,67,62,63,65,58,54,49,42,34,31,27,23,20,19,18,15,11,8,6,3,2,0,0,0,0,0,,5149
686,Richmond,Aut-14,,0,0,0,0,0,0,0,0,0,0,0,0,2,4,7,12,30,59,83,194,415,497,235,296,690,848,498,259,225,236,220,213,159,154,138,153,139,202,226,197,155,133,101,97,111,140,125,134,99,69,60,82,103,102,118,141,153,193,172,192,212,264,245,257,213,170,121,141,118,100,68,70,43,36,21,32,41,37,25,38,51,40,28,34,32,23,16,16,17,17,15,10,7,0,0,0,,11429
687,Rickmansworth,Nov-16,,0,0,0,0,0,0,0,0,0,0,0,0,1,6,11,28,49,80,96,120,156,174,227,266,262,172,117,90,75,67,61,52,39,32,34,31,31,28,27,26,26,26,26,24,24,24,24,22,24,24,22,41,80,231,238,157,55,84,73,71,86,89,79,68,56,44,32,23,20,14,13,14,15,12,10,9,8,8,7,9,9,8,5,4,4,4,3,2,2,1,1,1,0,0,0,0,,4314
688,Roding Valley,Aut-16,,0,0,0,0,0,0,0,0,0,0,0,0,0,0,2,2,3,13,15,45,45,46,66,78,50,14,22,10,10,10,10,7,7,8,6,4,2,5,6,5,3,6,8,6,2,2,5,4,2,3,4,2,3,4,7,6,7,3,3,0,0,3,3,3,4,4,3,2,1,2,1,0,0,0,2,0,0,4,1,1,1,2,2,1,1,0,1,1,2,1,0,0,0,0,0,0,,617
690,Royal Oak,Nov-16,,0,0,0,0,0,0,0,0,0,0,0,0,4,4,7,11,17,25,33,41,55,79,108,135,163,176,164,141,122,102,78,59,50,47,46,42,40,40,42,41,41,40,41,41,42,42,41,41,43,45,43,44,48,52,60,66,67,71,81,98,106,105,88,98,112,117,90,76,68,58,44,40,38,38,33,30,27,28,25,24,27,28,23,17,17,16,13,10,7,4,2,0,0,0,0,0,,4328
691,Ruislip,Nov-16,,0,0,0,0,0,0,0,0,0,0,0,0,9,10,12,17,30,44,57,72,110,140,158,155,166,152,130,101,81,69,61,56,50,49,44,41,43,42,41,37,34,34,35,36,35,34,34,35,34,31,30,29,32,36,38,41,42,42,37,41,45,48,43,41,35,30,23,20,19,17,14,12,12,11,10,10,8,7,7,8,8,7,6,6,5,4,3,2,1,1,1,0,0,0,0,0,,3151
692,Ruislip Gardens,Nov-16,,0,0,0,0,0,0,0,0,0,0,0,0,5,11,18,21,36,47,60,69,83,100,116,129,134,131,109,77,53,41,35,31,25,20,16,15,15,14,13,14,14,14,13,13,13,12,11,9,10,12,12,13,19,23,20,18,20,20,18,17,19,19,17,15,14,13,12,11,9,7,5,4,3,4,3,2,2,2,3,4,5,4,4,3,2,2,1,1,0,0,0,0,0,0,0,0,,1929
693,Ruislip Manor,Nov-16,,0,0,0,0,0,0,0,0,0,0,0,0,7,10,17,21,39,56,79,90,116,143,176,196,201,181,145,110,80,66,57,50,42,40,36,35,35,35,34,32,29,27,30,30,29,25,26,29,29,25,22,22,24,69,105,103,59,46,41,44,42,39,32,30,30,28,24,19,18,15,12,11,11,11,9,8,8,8,8,8,7,6,6,5,6,4,3,2,2,2,2,0,0,0,0,0,,3359
694,Russell Square,Nov-16,,0,0,0,0,0,0,0,0,0,0,0,0,0,7,11,15,16,21,26,35,51,69,82,102,137,175,189,206,226,259,270,270,245,229,207,199,180,173,159,176,190,199,195,227,256,258,229,236,248,253,250,305,347,356,343,444,513,545,526,653,713,732,671,679,645,597,510,453,405,371,317,306,303,323,312,332,318,270,185,157,153,137,117,125,128,112,78,57,36,21,8,1,0,0,0,0,,19880
698,Seven Sisters,Nov-16,,0,0,0,0,0,0,0,0,0,0,0,0,110,180,247,311,457,637,851,1034,1112,1000,876,884,1075,1209,1128,951,846,774,618,464,389,374,341,304,308,319,295,264,264,277,276,267,266,271,268,251,258,264,261,254,284,304,298,294,314,336,346,384,438,453,421,387,373,346,312,274,251,224,194,169,160,150,138,124,122,119,114,100,100,99,93,77,66,58,49,44,30,15,4,3,2,0,0,0,,28604
700,Shepherd's Bush (Cen),Nov-16,,0,0,0,0,0,0,0,0,0,0,0,0,0,31,47,73,116,174,232,311,419,521,624,734,967,1174,1169,959,789,674,528,399,346,338,323,286,281,295,299,285,290,307,315,314,322,339,342,337,345,363,376,369,383,413,465,509,545,560,586,652,711,785,815,894,941,951,827,710,606,526,448,410,387,358,315,297,301,302,282,306,334,355,371,413,387,296,199,140,86,41,11,3,0,0,0,0,,34334
775,Shepherd's Bush (H&C),Nov-16,,0,0,0,0,0,0,0,0,0,0,0,0,9,12,14,13,22,39,53,70,97,130,168,202,231,242,222,186,152,131,98,78,69,67,61,55,57,60,57,54,56,60,61,61,66,67,65,61,65,68,67,64,64,64,67,74,81,83,80,87,100,108,100,94,94,96,90,80,67,58,51,44,35,31,30,30,29,28,26,28,29,37,44,51,44,32,18,12,9,5,2,0,0,0,0,0,,5512
702,Sloane Square,Nov-16,,0,0,0,0,0,0,0,0,0,0,0,0,6,9,17,32,45,71,101,148,203,273,346,442,562,654,637,545,442,375,306,265,244,247,238,231,235,257,268,280,298,317,313,312,320,334,328,331,347,373,369,381,417,490,521,595,658,721,696,772,813,846,771,831,896,878,688,572,547,489,375,305,289,261,220,197,197,229,253,246,214,200,173,145,137,131,106,79,57,33,13,0,0,0,0,0,,27563
703,Snaresbrook,Nov-16,,0,0,0,0,0,0,0,0,0,0,0,0,9,14,18,23,40,51,64,106,160,205,235,311,359,358,296,264,204,148,95,71,54,53,48,42,41,45,43,40,39,39,34,36,36,36,30,30,30,31,30,32,33,37,43,56,93,104,83,49,53,54,50,45,41,34,30,26,22,18,17,13,11,10,10,10,11,10,9,8,8,7,8,8,6,4,3,2,1,1,1,0,0,0,0,0,,4829
704,South Ealing,Nov-16,,0,0,0,0,0,0,0,0,0,0,0,0,13,18,25,35,47,61,83,117,153,187,230,266,289,266,243,210,180,133,101,80,73,69,62,57,58,54,49,53,60,58,54,57,61,61,54,52,53,53,47,46,53,62,60,65,80,90,87,97,115,117,109,104,102,91,76,62,54,46,36,31,27,26,24,27,27,26,19,18,16,15,12,11,11,12,10,6,4,2,1,1,0,0,0,0,,5700
707,South Harrow,Nov-16,,0,0,0,0,0,0,0,0,0,0,0,0,26,22,29,53,69,85,108,135,146,144,154,181,202,187,153,124,101,82,68,62,54,47,45,41,42,41,39,36,37,39,39,38,37,36,35,34,34,33,34,34,32,36,38,45,56,59,48,43,51,53,50,50,47,46,39,35,29,25,18,15,16,15,13,11,12,12,12,10,10,10,9,8,7,6,4,2,2,2,1,1,0,0,0,0,,3884
708,South Kensington,Nov-16,,0,0,0,0,0,0,0,0,0,0,0,0,6,10,19,36,59,86,111,146,192,243,307,399,501,612,658,625,535,459,398,349,334,339,345,348,375,408,430,488,559,605,600,634,678,698,651,649,683,716,714,773,851,919,964,1200,1379,1439,1345,1527,1800,1926,1758,1720,1737,1543,1157,934,847,759,649,608,622,626,571,572,563,536,463,467,517,550,499,423,414,405,341,238,149,74,23,0,0,0,0,0,,49893
709,South Kenton,Aut-15,,0,0,0,0,0,0,0,0,0,0,0,0,0,1,3,7,11,17,31,50,80,91,105,103,95,86,84,71,45,34,26,26,30,26,21,20,19,12,12,16,16,12,10,16,16,15,14,15,17,15,22,27,57,53,38,13,25,22,20,16,19,24,24,19,13,10,7,8,10,11,11,9,7,5,3,3,5,0,0,0,5,6,6,5,4,3,3,4,4,3,2,1,0,0,0,0,,1795
710,South Ruislip,Nov-15,,0,0,0,0,0,0,0,0,0,0,0,0,6,11,19,31,54,67,84,101,123,153,185,204,190,163,125,97,73,57,47,41,36,33,29,27,25,24,22,21,21,21,20,19,18,19,17,16,16,17,15,20,25,27,23,26,25,28,28,41,53,56,45,42,41,37,30,25,20,17,14,13,11,9,9,8,8,6,5,5,6,6,5,4,4,4,3,2,0,0,0,0,0,0,0,0,,2978
711,South Wimbledon,Nov-16,,0,0,0,0,0,0,0,0,0,0,0,0,15,22,35,45,56,75,113,168,224,281,352,476,560,521,412,313,231,153,112,85,72,67,61,58,58,58,58,56,60,59,58,56,62,63,59,56,57,56,55,59,63,67,76,89,93,96,101,120,141,159,161,161,166,158,133,105,87,72,57,47,44,42,36,30,27,27,26,26,24,25,23,22,22,22,18,12,6,2,1,1,1,0,0,0,,8026
712,South Woodford,Nov-14,,0,0,0,0,0,0,0,0,0,0,0,0,8,19,28,51,75,100,123,156,214,297,391,483,565,559,458,339,253,194,149,121,103,89,77,72,75,76,75,74,73,68,63,60,60,59,54,51,51,52,50,50,50,52,57,61,65,75,81,91,102,109,96,91,87,79,65,59,55,47,38,34,31,26,20,18,21,21,18,15,18,19,18,15,14,13,10,8,5,5,3,2,0,0,0,0,,7609
705,Southfields,Nov-15,,0,0,0,0,0,0,0,0,0,0,0,12,11,14,21,41,64,100,149,228,317,435,555,700,755,686,528,411,325,247,181,142,129,119,105,100,101,101,96,94,90,91,92,93,89,87,80,81,75,91,108,121,109,102,99,114,122,121,114,141,156,148,126,125,123,114,98,89,84,77,63,54,46,38,30,34,47,57,49,36,26,22,18,16,15,15,11,7,4,2,1,0,0,0,0,0,,10518
706,Southgate,Nov-16,,0,0,0,0,0,0,0,0,0,0,0,0,20,21,32,58,98,133,168,215,259,297,375,475,511,455,377,317,263,206,159,135,122,115,107,103,102,98,91,90,93,93,89,88,87,83,73,73,75,78,78,85,86,90,93,103,108,111,110,128,143,154,144,132,114,99,83,69,65,60,49,42,45,46,39,33,32,30,25,24,26,24,19,18,18,15,11,7,3,1,0,1,0,0,0,0,,8797
784,Southwark,Nov-16,,0,0,0,0,0,0,0,0,0,0,0,0,0,27,28,45,74,104,147,216,295,361,449,545,649,801,948,941,768,587,431,331,267,260,227,214,200,215,208,221,235,265,267,270,265,276,266,274,274,296,291,320,337,380,408,559,654,751,769,1008,1113,1273,1260,1334,1184,993,735,608,503,405,332,304,271,237,215,213,209,200,183,181,174,155,140,142,142,125,99,72,49,31,15,9,0,0,0,0,,30630
695,St. James's Park,Nov-16,,0,0,0,0,0,0,0,0,0,0,0,0,2,3,7,9,13,22,35,51,66,74,117,144,185,223,233,233,219,211,190,175,164,177,181,186,188,208,219,259,304,348,343,335,321,333,322,320,323,346,346,382,408,458,512,706,836,958,968,1187,1328,1487,1440,1456,1316,1121,853,684,549,448,248,220,210,202,176,158,139,125,111,103,94,82,71,71,78,72,53,34,22,11,5,0,0,0,0,0,,26817
696,St. John's Wood,Nov-16,,0,0,0,0,0,0,0,0,0,0,0,0,4,6,10,24,39,54,64,83,113,156,214,303,397,444,407,342,275,232,183,153,132,131,124,117,116,121,121,122,124,127,128,132,132,126,116,118,133,142,138,151,177,197,208,243,273,300,293,353,392,399,326,337,329,297,227,203,179,154,121,114,111,110,97,95,81,67,50,44,47,48,49,46,46,38,29,20,15,10,5,2,0,0,0,0,,12186
697,St. Paul's,Nov-16,,0,0,0,0,0,0,0,0,0,0,0,0,0,0,4,8,12,16,23,39,54,57,52,58,75,97,114,122,121,137,148,153,153,179,191,202,209,236,259,304,352,386,379,378,386,402,388,402,420,449,436,462,490,529,538,644,763,850,814,991,1186,1386,1386,1436,1395,1293,1083,924,808,690,552,488,441,399,352,341,324,299,263,257,243,222,191,193,183,158,117,94,73,44,15,0,0,0,0,0,,30318
713,Stamford Brook,Nov-16,,0,0,0,0,0,0,0,0,0,0,0,0,2,4,8,13,20,31,46,61,83,118,167,220,250,234,190,150,126,99,73,60,57,52,43,39,41,45,44,43,47,48,42,41,43,43,37,37,39,40,36,37,41,40,44,57,68,66,60,81,101,108,94,104,113,105,78,61,55,47,37,34,35,31,22,19,21,21,19,18,19,15,10,11,13,10,5,3,2,1,0,0,0,0,0,0,,4478
714,Stanmore,Nov-16,,0,0,0,0,0,0,0,0,0,0,0,0,14,26,39,66,108,137,154,172,212,249,309,357,369,315,240,177,133,115,102,93,76,70,63,64,62,60,57,58,57,53,49,51,51,50,44,47,47,47,44,47,49,60,70,84,91,95,97,107,113,114,116,121,111,92,73,63,56,44,31,24,23,21,18,16,14,14,15,12,11,10,9,7,7,6,5,4,3,0,0,0,0,0,0,0,,6290
715,Stepney Green,Nov-16,,0,0,0,0,0,0,0,0,0,0,0,0,11,19,24,31,46,62,74,94,121,149,184,251,328,372,350,300,253,220,177,140,124,120,111,110,119,122,111,108,112,117,111,120,129,135,122,124,133,138,131,143,157,168,173,207,225,237,227,276,305,302,242,248,245,225,171,159,147,135,110,107,111,116,98,83,71,66,63,67,67,61,54,52,55,58,48,30,19,13,7,3,0,0,0,0,,10854
716,Stockwell,Nov-16,,0,0,0,0,0,0,0,0,0,0,0,0,35,49,62,78,118,166,217,296,394,537,702,956,1339,1643,1561,1188,839,635,458,310,226,217,202,173,160,167,161,151,144,148,148,144,148,155,148,137,140,146,141,141,155,169,165,164,175,194,201,226,250,268,249,244,240,234,201,190,184,167,132,119,111,96,79,74,79,76,66,61,67,69,69,69,62,51,40,32,23,15,8,4,0,0,0,0,,19858
717,Stonebridge Park,Nov-16,,0,0,0,0,0,0,0,0,0,0,0,0,12,19,32,46,72,98,117,135,151,156,155,179,198,181,139,113,95,76,55,46,42,37,33,33,34,31,27,28,31,35,35,34,34,34,34,35,37,39,37,38,46,49,53,54,59,54,52,67,94,109,105,99,96,77,57,49,45,37,26,25,25,22,17,15,17,16,14,20,22,18,9,8,8,7,6,4,4,0,0,0,0,0,0,0,,4248
719,Stratford,Nov-16,,0,0,0,0,0,0,0,0,0,0,0,0,214,296,400,543,821,1141,1466,1771,1951,1901,1779,1916,2310,2669,2485,2003,1606,1421,1140,913,867,928,891,843,899,961,929,896,965,1048,1084,1124,1207,1255,1235,1229,1315,1391,1392,1401,1465,1503,1510,1628,1801,1926,1901,2066,2238,2365,2182,2114,2038,1991,1781,1656,1574,1483,1323,1251,1241,1183,1117,1172,1178,1045,853,787,719,606,458,389,361,308,220,147,94,58,30,15,4,0,0,0,,98387
720,Sudbury Hill,Nov-16,,0,0,0,0,0,0,0,0,0,0,0,0,11,15,25,53,83,106,111,131,136,136,131,158,173,159,118,93,80,67,51,42,38,37,33,30,29,28,26,26,26,26,25,24,25,25,23,21,23,26,26,23,22,26,30,34,35,33,34,38,42,39,36,38,36,31,25,25,23,18,14,13,14,13,10,9,8,8,8,9,8,7,5,5,3,2,1,1,0,0,0,0,0,0,0,0,,3122
721,Sudbury Town,Nov-16,,0,0,0,0,0,0,0,0,0,0,0,0,13,19,26,38,77,94,109,115,135,135,153,192,225,204,146,102,85,70,56,51,49,43,38,35,34,31,31,31,31,30,31,31,29,26,24,25,27,27,26,26,24,24,25,26,30,34,32,33,42,48,44,40,37,34,28,27,24,20,15,13,13,14,12,11,10,9,8,9,10,9,7,5,3,3,3,2,1,1,0,0,0,0,0,0,,3400
723,Swiss Cottage,Nov-16,,0,0,0,0,0,0,0,0,0,0,0,0,8,14,20,25,35,58,82,111,145,205,277,366,468,533,490,391,309,265,214,177,155,150,137,120,116,123,124,119,120,125,123,121,126,130,124,119,120,120,118,129,142,150,157,189,210,232,238,291,311,315,270,272,267,255,211,187,167,151,129,124,115,106,89,95,90,90,77,74,57,84,92,82,55,55,42,27,18,11,4,2,0,0,0,0,,12245
724,Temple,Nov-16,,0,0,0,0,0,0,0,0,0,0,0,0,0,2,2,2,4,6,10,13,14,16,20,26,31,36,41,47,51,57,58,64,65,68,62,84,97,102,94,123,143,145,128,159,177,178,152,176,189,194,171,202,222,233,223,315,370,397,359,518,622,726,696,800,772,679,494,426,369,336,280,256,223,199,158,164,170,165,132,127,142,159,133,94,81,83,74,57,38,23,13,0,0,0,0,0,,14537
725,Theydon Bois,Nov-16,,0,0,0,0,0,0,0,0,0,0,0,0,6,10,16,27,39,44,46,54,63,77,99,108,96,72,51,34,23,21,20,18,13,13,11,10,10,9,9,10,10,9,9,9,9,8,7,9,9,8,7,9,9,10,12,14,13,12,12,15,17,16,13,11,10,9,7,6,4,3,3,3,3,3,1,2,2,2,2,3,4,3,1,2,3,3,2,1,0,0,0,0,0,0,0,0,,1348
726,Tooting Bec,Nov-16,,0,0,0,0,0,0,0,0,0,0,0,0,10,22,36,52,99,152,205,269,375,501,656,826,955,931,792,631,495,361,246,178,154,143,125,111,114,114,110,105,108,108,105,102,102,96,90,87,90,92,87,87,94,102,104,107,116,128,139,155,173,173,159,149,148,140,126,117,106,92,79,72,69,62,57,51,48,41,37,35,32,28,25,24,23,20,15,12,9,7,5,4,2,0,0,0,,13007
727,Tooting Broadway,Nov-16,,0,0,0,0,0,0,0,0,0,0,0,0,37,69,97,137,214,296,408,544,674,767,891,1065,1249,1272,1097,860,680,541,407,310,277,264,246,228,238,236,226,225,242,248,235,235,244,244,228,222,229,234,229,243,264,273,278,321,369,405,405,463,536,559,492,431,404,371,324,284,261,238,207,199,200,182,148,133,130,114,93,89,93,89,76,68,63,54,39,27,17,8,2,2,0,0,0,0,,25099
728,Tottenham Court Road,Nov-16,,0,0,0,0,0,0,0,0,0,0,0,0,0,3,25,40,39,29,32,42,59,78,96,120,155,188,200,206,216,238,250,249,242,257,272,285,305,348,383,427,482,529,557,591,648,700,716,718,738,772,795,823,872,922,966,1059,1145,1294,1345,1562,1712,2058,2263,2529,2566,2440,2088,1791,1581,1380,1173,1076,1030,1008,983,981,969,905,956,1047,1194,1171,1069,881,800,751,665,523,386,217,82,0,0,0,0,0,,60293
729,Tottenham Hale,Nov-16,,0,0,0,0,0,0,0,0,0,0,0,0,14,31,55,121,192,244,332,497,599,654,702,861,954,1050,941,820,684,618,514,422,384,320,304,261,253,217,221,188,208,203,217,194,216,209,212,176,185,174,184,165,182,172,184,174,218,220,255,256,322,334,355,336,345,320,276,237,218,187,163,153,156,138,124,113,113,102,86,69,67,62,63,59,65,55,48,29,15,4,2,2,0,0,0,0,,21075
730,Totteridge & Whetstone,Nov-16,,0,0,0,0,0,0,0,0,0,0,0,0,4,10,19,25,40,55,77,104,128,153,192,249,265,240,187,151,116,92,67,56,49,46,39,35,35,35,33,32,31,30,30,30,32,31,28,26,27,26,26,27,31,35,35,38,41,48,50,59,64,69,62,60,54,45,33,26,23,19,15,11,11,10,10,10,11,12,11,12,12,11,9,7,6,4,3,2,1,0,0,0,0,0,0,0,,3838
731,Tower Hill,Nov-16,,0,0,0,0,0,0,0,0,0,0,0,0,0,42,29,49,102,233,327,435,506,603,683,791,942,1027,1053,949,786,583,441,355,322,326,327,305,293,306,316,334,351,356,353,350,362,373,379,376,387,393,401,417,457,477,494,569,642,708,721,904,1023,1158,1140,1127,990,849,688,567,475,402,329,287,248,220,197,196,188,173,155,150,159,167,152,140,132,121,94,71,47,25,9,2,0,0,0,0,,33616
733,Tufnell Park,Nov-16,,0,0,0,0,0,0,0,0,0,0,0,0,0,3,9,18,25,37,49,66,92,139,179,224,281,324,309,264,233,209,170,124,99,99,93,79,71,73,71,65,62,64,63,62,61,64,60,56,52,54,49,53,60,68,61,62,66,69,66,73,77,83,81,84,83,82,73,64,58,52,42,35,32,30,28,27,25,23,22,25,30,36,39,42,38,29,21,17,12,5,1,1,0,0,0,0,,5927
734,Turnham Green,Nov-16,,0,0,0,0,0,0,0,0,0,0,0,0,8,12,17,24,43,72,103,128,173,234,327,410,446,398,333,283,238,186,144,124,116,106,94,87,87,88,88,86,88,91,86,83,83,83,76,77,85,88,84,84,91,89,88,110,135,146,137,168,188,210,203,213,200,173,130,108,97,80,62,58,53,48,40,39,37,43,41,45,45,44,36,34,33,28,20,14,9,5,2,1,0,0,0,0,,8766
735,Turnpike Lane,Nov-16,,0,0,0,0,0,0,0,0,0,0,0,0,30,83,136,158,228,306,424,518,563,534,518,600,714,745,652,563,517,462,370,282,244,234,212,194,198,202,184,165,163,167,162,154,161,168,159,151,158,165,156,158,170,173,165,169,188,195,185,188,212,224,210,198,199,193,167,145,131,118,100,85,77,69,63,60,57,54,50,52,51,48,40,36,33,30,27,22,12,6,4,3,2,0,0,0,,16169
736,Upminster,Aut-10,,0,0,0,0,0,0,0,0,0,0,0,5,9,24,71,111,148,194,246,331,426,505,542,611,665,529,364,226,183,127,121,108,86,78,69,67,78,72,60,53,61,64,55,48,53,62,69,60,56,42,46,47,50,76,128,145,111,74,63,77,85,81,75,71,60,40,43,48,46,32,28,33,28,23,20,26,26,19,15,14,16,19,14,13,18,26,19,9,4,2,2,0,0,0,0,0,,8451
737,Upminster Bridge,Nov-16,,0,0,0,0,0,0,0,0,0,0,0,0,7,8,15,29,46,52,51,55,73,97,114,119,109,90,66,46,30,21,18,16,11,14,17,17,12,11,16,18,15,8,20,27,24,12,21,28,21,39,53,44,12,22,44,46,31,77,110,92,31,20,15,15,13,12,10,9,6,4,4,3,3,2,3,3,4,3,3,4,3,2,2,2,2,1,1,0,0,0,0,0,0,0,0,0,,2104
738,Upney,Nov-16,,0,0,0,0,0,0,0,0,0,0,0,0,33,34,55,92,144,179,190,177,167,162,180,225,245,220,189,172,140,102,80,74,64,58,52,52,52,47,41,40,42,43,43,43,43,41,36,35,37,37,38,43,50,51,51,48,46,45,48,56,57,54,44,43,45,44,34,27,25,23,19,14,13,12,14,13,13,10,9,9,10,9,8,6,5,3,2,1,0,0,0,0,0,0,0,0,,4708
739,Upton Park,Nov-16,,0,0,0,0,0,0,0,0,0,0,0,0,92,112,162,234,363,475,561,591,577,509,478,545,658,687,610,525,459,388,307,261,239,225,197,181,186,186,164,153,160,170,169,167,173,177,176,178,186,185,177,176,186,198,214,222,215,208,210,222,231,231,211,203,195,179,142,130,124,116,97,86,75,65,53,50,51,49,43,42,41,35,25,20,20,17,13,8,5,1,1,1,0,0,0,0,,16454
740,Uxbridge,Nov-16,,0,0,0,0,0,0,0,0,0,0,0,0,17,19,38,58,86,116,152,186,224,282,350,392,374,297,216,163,141,134,131,124,112,111,115,120,126,132,133,140,153,159,157,166,179,175,160,161,181,189,179,183,209,225,231,271,329,361,362,454,554,630,573,496,411,367,291,233,198,170,131,111,96,89,76,63,54,51,48,43,37,32,28,25,23,21,16,10,6,3,2,0,0,0,0,0,,13861
777,Vauxhall,Nov-16,,0,0,0,0,0,0,0,0,0,0,0,0,18,49,60,97,167,292,417,532,712,931,1208,1367,1596,1835,2030,1945,1715,1410,1130,851,691,618,576,486,438,440,451,440,437,462,468,451,445,467,461,428,416,431,449,470,500,558,602,723,864,995,1049,1234,1468,1669,1744,1745,1646,1421,1181,943,773,609,494,407,366,328,286,245,234,230,226,216,220,204,186,168,162,135,115,91,68,34,14,0,0,0,0,0,,52040
741,Victoria,Nov-16,,0,0,0,0,0,0,0,0,0,0,0,0,38,48,110,117,174,583,966,1392,1473,1962,2328,2830,3018,3257,3337,3282,3017,2864,2585,2300,1958,1917,1782,1683,1579,1604,1560,1590,1582,1617,1553,1525,1491,1544,1487,1445,1401,1442,1399,1429,1460,1571,1617,1842,1952,2150,2197,2450,2480,2725,2871,3003,2800,2660,2429,2215,1880,1620,1309,1192,1099,1083,943,922,911,879,746,676,790,986,920,694,540,537,441,355,260,153,58,3,0,0,0,0,,122688
742,Walthamstow Central,Aut-16,,0,0,0,0,0,0,0,0,0,0,0,0,98,142,353,587,816,1045,1271,1362,1222,1101,1157,1375,1483,1368,1124,894,712,700,525,513,568,597,382,277,306,279,256,257,245,233,244,260,243,231,227,223,212,195,197,253,263,231,223,258,278,291,335,356,367,312,289,290,306,257,208,172,150,126,103,110,105,90,76,78,66,54,68,69,63,49,52,42,29,28,33,30,18,8,3,2,0,0,0,0,,29421
743,Wanstead,Nov-16,,0,0,0,0,0,0,0,0,0,0,0,0,3,8,22,35,43,49,66,95,124,164,212,275,313,298,230,173,136,113,86,71,63,61,58,57,56,54,49,47,46,49,47,44,43,45,42,39,40,41,37,35,35,50,61,62,53,52,52,57,62,65,60,59,55,51,43,39,32,28,21,20,20,19,15,15,15,16,14,13,12,14,13,12,10,9,7,4,3,2,1,1,1,0,0,0,,4642
745,Warren Street,Nov-16,,0,0,0,0,0,0,0,0,0,0,0,0,0,11,14,19,23,29,34,48,62,77,89,112,143,186,203,202,189,190,178,172,171,185,192,203,214,233,239,265,298,333,334,361,384,388,348,348,368,384,376,422,473,509,508,666,814,961,939,1263,1539,1833,1836,1929,1847,1654,1375,1159,1023,859,705,623,587,557,509,501,478,432,356,331,313,288,235,213,205,195,159,119,86,52,21,2,0,0,0,0,,36181
746,Warwick Avenue,Nov-16,,0,0,0,0,0,0,0,0,0,0,0,0,0,3,7,14,23,41,58,73,98,148,205,261,320,356,340,294,239,188,137,108,95,91,83,74,73,75,75,73,77,79,73,68,72,74,70,67,70,73,70,72,78,89,93,100,107,122,131,155,169,174,160,164,161,148,121,106,91,79,62,55,50,47,37,35,36,38,35,32,29,30,29,31,30,27,19,13,7,4,2,1,0,0,0,0,,7314
747,Waterloo,Nov-16,,0,0,0,0,0,0,0,0,0,0,0,0,3,49,68,80,271,674,1248,1813,2681,3661,5137,6778,7968,8717,9021,8897,7585,5794,3931,2877,2265,2204,2012,1775,1499,1502,1475,1467,1453,1485,1392,1330,1281,1311,1265,1227,1148,1159,1138,1177,1198,1284,1288,1412,1516,1718,1849,2118,2412,2778,2985,3132,3163,3066,2776,2423,2025,1653,1328,1158,1025,952,851,799,757,778,787,815,772,740,806,797,682,511,428,330,255,179,85,22,2,0,0,0,,160473
748,Watford,Nov-16,,0,0,0,0,0,0,0,0,0,0,0,0,11,16,22,23,57,70,94,91,125,162,203,208,180,136,81,54,37,39,37,30,21,21,20,19,20,20,19,19,20,21,21,20,26,31,29,20,21,25,23,7,79,125,108,36,56,69,69,59,65,62,61,52,46,36,29,22,17,14,13,12,14,14,12,8,8,6,4,5,6,7,6,4,3,2,2,1,1,1,0,0,0,0,0,0,,3233
751,Wembley Central,Nov-16,,0,0,0,0,0,0,0,0,0,0,0,0,14,36,61,92,125,186,234,255,246,236,249,281,322,309,247,178,150,133,115,103,101,95,90,90,92,91,88,86,89,90,94,100,109,107,99,99,103,102,102,110,111,101,104,118,124,121,131,151,158,149,139,137,130,116,105,102,95,83,70,64,62,60,55,52,45,40,40,53,57,54,39,42,44,41,23,13,8,4,2,1,0,0,0,0,,8553
752,Wembley Park,Nov-16,,0,0,0,0,0,0,0,0,0,0,0,0,36,60,89,139,243,322,380,455,526,540,545,650,782,833,724,572,466,421,370,314,291,289,268,238,236,239,235,226,233,241,237,232,237,242,233,223,230,243,251,266,283,289,276,372,474,505,431,477,556,600,568,549,502,418,320,266,241,218,174,159,160,155,139,127,126,115,100,75,134,166,159,158,176,129,54,40,33,20,10,3,2,0,0,0,,23116
753,West Acton,Nov-16,,0,0,0,0,0,0,0,0,0,0,0,0,3,6,10,16,24,31,39,61,78,90,104,136,159,149,120,108,100,81,56,45,36,35,31,30,32,31,28,25,27,28,27,25,27,27,25,24,25,25,23,24,28,48,61,57,39,36,36,45,52,53,45,46,41,35,25,23,21,19,15,12,12,11,10,8,9,9,7,6,7,8,7,4,3,3,2,2,1,0,0,0,1,0,0,0,,2818
755,West Brompton,Nov-16,,0,0,0,0,0,0,0,0,0,0,0,0,2,3,6,15,22,32,40,95,120,152,178,192,209,205,185,173,169,155,130,110,94,87,83,78,74,75,72,77,84,90,86,84,85,89,87,92,99,101,98,124,237,326,353,303,332,347,352,349,381,404,390,324,268,214,181,156,139,110,73,64,58,52,46,42,41,39,36,36,37,32,28,26,28,24,16,10,6,4,1,1,1,0,0,0,,9819
756,West Finchley,Nov-16,,0,0,0,0,0,0,0,0,0,0,0,0,2,6,10,13,23,29,48,71,104,128,163,204,240,228,187,143,109,79,59,50,40,35,33,31,27,26,24,26,23,21,19,19,21,19,16,15,17,16,15,15,18,20,19,21,22,23,22,25,29,30,27,29,30,27,22,18,14,13,10,8,7,7,6,5,6,6,5,5,5,4,2,2,2,1,1,1,1,0,0,0,1,0,0,0,,2848
757,West Ham,Nov-16,,0,0,0,0,0,0,0,0,0,0,0,0,23,25,31,41,62,84,103,127,141,139,137,159,180,185,169,146,118,97,75,62,55,54,49,44,46,49,45,40,44,45,40,36,41,45,44,39,42,46,46,41,47,54,57,57,59,60,57,61,64,67,61,59,60,59,53,50,48,43,35,34,33,33,32,30,28,26,25,21,21,20,19,15,14,11,8,5,4,2,1,1,0,0,0,0,,4429
758,West Hampstead,Nov-16,,0,0,0,0,0,0,0,0,0,0,0,0,13,16,18,31,56,130,188,263,348,473,587,788,1021,1153,1070,899,669,513,377,303,232,217,193,169,159,152,146,136,144,144,137,125,133,139,138,128,134,143,138,126,132,143,152,164,188,214,246,292,331,396,408,423,422,446,407,333,244,184,154,129,104,92,82,78,70,69,59,62,58,60,52,51,49,48,44,34,24,14,7,1,0,0,0,0,,18415
759,West Harrow,Nov-16,,0,0,0,0,0,0,0,0,0,0,0,0,3,11,17,23,45,61,66,72,89,100,115,152,165,148,113,85,58,45,38,36,31,32,27,24,17,17,18,21,20,19,18,20,19,20,17,14,13,14,12,13,16,21,20,17,14,18,18,18,23,29,27,21,19,16,14,11,10,10,9,8,5,5,6,8,8,5,3,3,4,5,5,4,4,4,4,2,2,0,0,0,0,0,0,0,,2244
760,West Kensington,Nov-16,,0,0,0,0,0,0,0,0,0,0,0,0,10,12,16,25,40,55,65,84,123,169,217,272,332,350,310,243,198,177,148,121,109,111,100,90,90,91,87,86,95,95,83,83,92,91,85,82,93,94,91,95,102,104,100,110,119,126,130,153,167,211,225,232,192,174,140,121,103,81,66,61,58,44,37,34,33,34,35,33,29,27,25,26,22,20,15,20,8,4,1,1,0,0,0,0,,8033
762,West Ruislip,Nov-16,,0,0,0,0,0,0,0,0,0,0,0,0,4,8,14,18,35,49,62,66,93,123,152,173,178,153,120,95,78,63,59,57,47,35,25,27,30,29,25,24,22,21,20,21,23,22,22,20,21,20,22,17,15,17,22,25,25,31,39,41,38,34,34,33,31,23,23,21,17,11,8,13,13,12,7,6,6,6,6,5,6,7,6,6,5,5,2,2,0,0,0,0,0,0,0,0,,2694
754,Westbourne Park,Nov-16,,0,0,0,0,0,0,0,0,0,0,0,0,9,11,16,21,32,48,63,84,109,144,182,230,274,290,265,229,197,167,124,95,82,80,74,68,69,72,68,66,66,68,66,66,69,70,67,64,67,69,65,63,67,76,83,100,114,126,122,149,166,171,142,179,203,188,124,95,76,63,52,45,42,40,36,34,38,37,30,26,29,27,21,20,20,18,14,12,9,4,1,1,0,0,0,0,,6769
761,Westminster,Nov-16,,0,0,0,0,0,0,0,0,0,0,0,0,6,11,22,29,37,40,47,57,74,91,106,127,162,204,227,225,214,214,211,207,213,240,271,296,326,366,404,460,520,574,594,611,630,636,623,618,647,671,676,717,803,868,920,1071,1253,1377,1401,1550,1751,1868,1849,1792,1694,1455,1179,964,835,716,596,547,527,495,448,421,394,357,333,321,304,272,252,232,207,167,131,96,66,36,13,4,0,0,0,0,,41969
764,White City,Nov-16,,0,0,0,0,0,0,0,0,0,0,0,0,6,18,28,37,46,61,75,94,128,158,186,219,294,338,310,243,205,178,138,106,97,99,93,82,86,93,96,97,101,106,108,112,118,121,110,102,107,118,116,125,147,175,192,234,281,339,357,427,543,713,867,987,966,798,587,436,353,291,234,190,171,152,132,116,111,111,131,137,121,82,62,53,50,38,27,20,13,8,5,3,1,1,0,0,,15617
763,Whitechapel,Nov-16,,0,0,0,0,0,0,0,0,0,0,0,0,9,18,24,40,59,78,80,103,133,172,191,221,297,373,392,357,311,268,222,197,186,194,196,219,233,235,218,223,236,252,253,275,297,302,275,277,297,322,325,349,381,416,449,515,561,606,629,778,884,921,800,795,768,706,543,482,451,419,342,322,328,347,330,311,268,230,185,174,178,163,133,116,124,119,101,75,52,31,15,8,0,0,0,0,,23765
765,Willesden Green,Nov-16,,0,0,0,0,0,0,0,0,0,0,0,0,46,40,48,77,123,168,215,280,366,432,492,608,761,787,695,576,493,411,328,260,223,214,198,180,186,184,168,146,146,152,150,145,146,149,140,140,150,150,137,133,151,162,150,138,151,163,156,160,181,190,177,177,182,179,155,137,122,106,92,89,81,70,59,55,52,49,46,43,42,39,34,32,30,27,22,17,12,6,3,0,0,0,0,0,,14180
766,Willesden Junction,Aut-09,,0,0,0,0,0,0,0,0,0,0,0,0,1,6,18,51,74,90,133,177,213,223,249,257,315,304,261,189,184,155,129,94,81,71,67,76,86,83,72,73,83,82,84,81,84,74,69,68,94,97,78,67,77,69,64,107,134,129,121,160,178,173,163,177,165,142,126,115,91,73,57,47,43,47,38,38,35,31,24,23,36,47,41,28,31,29,15,4,4,4,1,1,0,0,0,0,,7581
767,Wimbledon,Aut-16,,0,0,0,0,0,0,0,0,0,0,0,0,10,24,47,109,219,310,468,650,743,764,858,888,778,574,449,410,401,364,277,280,233,244,165,132,75,96,102,124,126,121,167,199,235,235,213,214,211,200,126,122,138,201,226,229,247,262,321,379,533,568,565,471,447,376,293,258,251,208,130,86,60,44,44,49,58,67,61,78,103,96,49,22,23,23,24,25,21,12,2,0,1,0,0,0,,19014
768,Wimbledon Park,Nov-16,,0,0,0,0,0,0,0,0,0,0,0,0,4,5,6,11,20,25,37,60,99,141,175,188,188,176,147,116,91,75,55,47,42,40,36,35,34,35,37,38,36,35,32,31,30,30,32,32,29,27,27,30,29,30,31,36,36,43,48,58,57,57,52,53,51,44,39,36,33,27,22,17,13,12,11,9,7,7,7,6,5,4,4,4,3,3,2,1,0,0,0,0,0,0,0,0,,3231
770,Wood Green,Nov-16,,0,0,0,0,0,0,0,0,0,0,0,0,51,89,133,183,307,424,537,673,738,681,599,674,775,784,670,588,531,475,367,288,262,266,241,218,220,226,210,199,208,216,209,207,215,218,203,199,212,220,213,214,232,239,231,251,281,302,292,328,358,370,334,319,305,284,241,208,188,162,136,118,109,97,89,88,85,81,77,82,78,70,63,65,74,76,66,44,22,8,3,3,2,0,0,0,,20404
599,Wood Lane,Nov-16,,0,0,0,0,0,0,0,0,0,0,0,0,5,4,7,12,16,20,30,43,58,82,103,119,130,162,179,163,122,99,84,64,52,49,45,40,38,40,41,46,50,54,54,57,59,61,56,54,56,63,65,66,70,73,74,86,100,112,118,134,152,187,207,221,201,167,120,102,92,82,66,59,53,47,41,38,37,32,31,35,40,36,26,19,13,10,6,5,4,3,1,0,0,0,0,0,,5448
769,Woodford,Nov-16,,0,0,0,0,0,0,0,0,0,0,0,0,24,46,69,91,143,202,271,313,353,401,481,551,599,551,452,352,285,225,181,157,138,126,114,112,111,101,91,87,86,85,80,77,73,70,64,62,61,61,57,57,70,81,83,86,90,90,88,89,93,100,105,101,89,73,59,51,48,43,34,29,24,23,20,21,15,16,14,12,13,12,11,9,8,6,5,4,2,1,0,0,0,0,0,0,,9178
771,Woodside Park,Nov-15,,0,0,0,0,0,0,0,0,0,0,0,0,7,14,19,22,42,60,80,113,150,192,250,311,348,320,261,198,162,125,98,83,73,63,52,48,48,47,45,44,45,46,46,43,44,43,35,30,30,31,30,43,58,57,47,50,55,53,49,54,65,69,63,55,57,54,44,34,27,20,17,16,16,17,23,16,10,11,10,9,8,8,6,6,7,5,3,1,1,0,0,0,0,0,0,0,,4842
,Total,,,0,0,0,0,0,0,0,0,0,0,0,72,3717,6817,10943,16341,25348,35853,46456,58360,71761,84871,99258,118407,136918,143872,133878,116542,99282,84607,68484,56142,49645,48848,46052,43006,41971,42914,42447,43295,45366,47552,46795,47000,48214,49513,47585,46939,48182,50134,49518,51581,55730,60811,63324,71988,80190,87849,88737,105857,121798,137252,137123,140791,135378,124046,103501,88130,76789,66387,54953,49545,46431,43559,39061,37695,36645,35114,32370,32635,33543,32988,30025,27889,26011,22883,18202,13775,9845,5662,2235,440,109,14,5,0,,4731801
