COUNTS -  2016               - Weekday - Exits,,,,,,,,,,,,,,,,,,,,,,,,2016,Weekday,Exits,,,,,,,,,,,,,,,,,,,,,,,,,,,,,,,,,,,,,,,,,,,,,,,,,,,,,,,,,,,,,,,,,,,,,,,,,,,
,,,,,,,,,,,,,,,,,,,,,,,,,,,,,,,,,,,,,,,,,,,,,,,,,,,,,,,,,,,,,,,,,,,,,,,,,,,,,,,,,,,,,,,,,,,,,,,,,,,,,
(C) Copyright, London Underground Limited,2017,,,,,,,,,,,,,,,,,,,,,,,,,,,,,,,,,,,,,,,,,,,,,,,,,,,,,,,,,,,,,,,,,,,,,,,,,,,,,,,,,,,,,,,,,,,,,,,,,,,
,,,,,,,,,,,,,,,,,,,,,,,,,,,,,,,,,,,,,,,,,,,,,,,,,,,,,,,,,,,,,,,,,,,,,,,,,,,,,,,,,,,,,,,,,,,,,,,,,,,,,
Counts by Station and quarter Hour,,,,,,,,,,,,,,,,,,,,,,,,,,,,,,,,,,,,,,,,,,,,,,,,,,,,,,,,,,,,,,,,,,,,,,,,,,,,,,,,,,,,,,,,,,,,,,,,,,,,,
,,,,,,,,,,,,,,,,,,,,,,,,,,,,,,,,,,,,,,,,,,,,,,,,,,,,,,,,,,,,,,,,,,,,,,,,,,,,,,,,,,,,,,,,,,,,,,,,,,,,,
nlc, Station, Date, Note,0200-0215, 0215-0230, 0230-0245, 0245-0300, 0300-0315, 0315-0330, 0330-0345, 0345-0400, 0400-0415, 0415-0430, 0430-0445, 0445-0500, 0500-0515, 0515-0530, 0530-0545, 0545-0600, 0600-0615, 0615-0630, 0630-0645, 0645-0700, 0700-0715, 0715-0730, 0730-0745, 0745-0800, 0800-0815, 0815-0830, 0830-0845, 0845-0900, 0900-0915, 0915-0930, 0930-0945, 0945-1000, 1000-1015, 1015-1030, 1030-1045, 1045-1100, 1100-1115, 1115-1130, 1130-1145, 1145-1200, 1200-1215, 1215-1230, 1230-1245, 1245-1300, 1300-1315, 1315-1330, 1330-1345, 1345-1400, 1400-1415, 1415-1430, 1430-1445, 1445-1500, 1500-1515, 1515-1530, 1530-1545, 1545-1600, 1600-1615, 1615-1630, 1630-1645, 1645-1700, 1700-1715, 1715-1730, 1730-1745, 1745-1800, 1800-1815, 1815-1830, 1830-1845, 1845-1900, 1900-1915, 1915-1930, 1930-1945, 1945-2000, 2000-2015, 2015-2030, 2030-2045, 2045-2100, 2100-2115, 2115-2130, 2130-2145, 2145-2200, 2200-2215, 2215-2230, 2230-2245, 2245-2300, 2300-2315, 2315-2330, 2330-2345, 2345-2400, 0000-0015, 0015-0030, 0030-0045, 0045-0100, 0100-0115, 0115-0130, 0130-0145, 0145-0200, , Total
,,,,,,,,,,,,,,,,,,,,,,,,,,,,,,,,,,,,,,,,,,,,,,,,,,,,,,,,,,,,,,,,,,,,,,,,,,,,,,,,,,,,,,,,,,,,,,,,,,,,,
500,Acton Town,Nov-16,,0,0,0,0,0,0,0,0,0,0,0,0,0,6,13,18,22,46,78,116,143,176,204,227,220,222,227,200,140,97,89,77,66,55,55,55,55,55,58,61,59,59,63,68,67,72,77,79,73,77,85,94,92,105,118,133,137,152,165,180,194,227,249,272,279,297,303,289,240,211,194,180,152,138,128,121,115,107,106,106,100,102,103,109,98,87,77,74,64,50,38,24,10,1,0,0,,9581
502,Aldgate,Nov-16,,0,0,0,0,0,0,0,0,0,0,0,0,2,4,4,13,27,50,92,155,237,296,368,422,511,576,711,770,762,630,497,348,264,206,183,153,139,111,111,106,113,113,120,118,122,124,135,127,120,111,117,112,113,105,109,116,144,161,183,178,207,247,303,311,310,284,242,186,152,131,112,97,85,70,68,64,61,55,55,54,54,54,50,45,37,32,33,26,16,8,7,0,0,0,0,0,,13745
503,Aldgate East,Nov-16,,0,0,0,0,0,0,0,0,0,0,0,0,0,7,17,27,30,55,104,154,207,265,382,451,542,663,883,1020,1000,823,648,524,404,309,270,255,225,208,215,209,199,204,225,225,218,218,234,225,209,199,206,199,193,201,209,201,205,211,231,239,252,285,335,359,361,387,405,370,311,261,233,195,179,160,156,138,131,128,130,124,120,125,132,130,113,100,87,86,71,58,38,20,4,0,0,0,,20132
505,Alperton,Nov-16,,0,0,0,0,0,0,0,0,0,0,0,0,0,3,6,9,21,27,34,35,52,68,89,82,70,73,100,107,82,52,45,47,40,31,31,37,36,35,35,36,37,39,42,42,45,45,44,47,50,46,51,57,58,65,85,100,98,101,116,135,139,159,179,210,197,190,179,166,128,101,101,91,79,65,54,46,45,47,40,36,32,31,35,42,39,35,37,35,22,16,12,9,3,2,0,0,,5188
506,Amersham,Nov-16,,0,0,0,0,0,0,0,0,0,0,0,0,0,0,2,0,1,4,7,9,16,22,25,36,56,89,87,75,40,31,17,21,14,16,15,18,14,14,11,15,15,18,16,20,17,18,16,20,19,21,21,28,26,26,57,98,96,62,77,91,109,76,117,132,176,202,213,172,140,158,139,113,89,89,73,67,44,53,45,53,37,45,36,52,46,53,43,48,34,31,18,11,1,2,0,0,,4134
507,Angel,Nov-16,,0,0,0,0,0,0,0,0,0,0,0,0,0,0,9,22,46,67,116,160,236,328,465,554,645,811,1115,1347,1333,1181,1039,889,665,526,510,495,407,337,337,346,329,340,371,387,355,340,348,337,291,271,299,305,273,267,297,309,312,341,376,382,398,487,592,685,730,797,838,807,691,568,465,373,300,256,227,203,182,171,160,147,140,147,144,133,122,116,111,107,99,77,50,24,9,0,0,0,,30872
508,Archway,Nov-16,,0,0,0,0,0,0,0,0,0,0,0,0,0,1,3,8,17,30,49,79,122,172,213,238,241,248,275,273,227,176,173,165,158,142,127,108,104,101,100,98,104,107,116,117,123,130,145,143,139,139,154,160,163,164,173,180,195,222,261,286,293,341,405,449,474,514,529,503,444,382,328,293,254,233,220,207,193,190,181,174,174,184,185,172,161,148,134,111,93,67,47,26,13,0,0,0,,14991
509,Arnos Grove,Nov-15,,0,0,0,0,0,0,0,0,0,0,0,0,0,2,3,2,8,18,23,34,57,82,84,82,80,84,84,76,65,54,49,43,39,34,35,34,36,36,38,40,42,45,45,49,50,56,60,59,58,66,77,83,85,84,90,101,114,127,146,158,166,178,206,241,248,237,228,224,199,170,149,133,119,105,97,93,90,88,87,93,90,86,89,97,89,74,62,56,51,45,33,20,13,0,0,0,,6773
510,Arsenal,Nov-16,,0,0,0,0,0,0,0,0,0,0,0,0,0,1,1,1,3,5,6,8,12,20,34,40,37,36,46,50,45,39,37,35,36,35,34,32,33,31,33,32,33,35,35,35,39,40,36,36,40,43,47,50,52,51,49,48,55,63,71,72,78,86,102,119,138,159,164,157,139,123,114,101,89,81,79,72,63,64,66,68,59,60,66,65,56,51,49,43,36,27,15,7,2,0,0,0,,4250
511,Baker Street,Nov-16,,0,0,0,0,0,0,0,0,0,0,0,0,6,13,46,75,99,141,257,338,505,674,973,1216,1397,1530,1841,2045,1991,1616,1382,1167,963,781,785,775,683,596,625,647,623,597,631,639,604,568,589,585,543,505,537,540,520,493,543,550,548,547,608,619,672,804,945,994,968,913,822,711,557,467,402,331,285,248,229,207,199,186,176,166,171,178,174,158,144,132,116,93,67,47,34,22,7,0,0,0,,46181
512,Balham,Nov-16,,0,0,0,0,0,0,0,0,0,0,0,0,1,3,5,11,27,49,83,125,189,249,321,327,321,317,309,240,177,152,146,131,113,96,99,100,101,98,106,115,119,121,128,136,138,140,144,147,151,162,177,192,207,223,237,259,294,347,420,473,547,653,761,846,950,1010,970,902,809,724,616,532,430,385,362,344,325,310,304,290,281,281,291,283,253,228,211,193,153,109,71,45,27,0,0,0,,22722
513,Bank & Monument,Nov-16,,0,0,0,0,0,0,0,0,0,0,0,0,0,8,75,182,345,599,1144,1703,2206,2826,3911,4900,5737,6462,7403,7823,7165,5468,3827,2637,1885,1474,1425,1312,1128,1018,1076,1098,1075,1065,1087,1051,984,972,1005,972,880,850,895,883,832,826,881,934,971,1037,1120,1218,1364,1561,1748,1820,1818,1742,1576,1304,1028,808,648,532,437,388,350,315,281,269,259,250,240,229,215,205,178,146,111,88,60,44,27,15,4,0,0,0,,114435
501,Barbican,Nov-16,,0,0,0,0,0,0,0,0,0,0,0,0,3,7,19,37,62,104,168,243,318,444,580,683,788,960,1175,1293,1272,1133,960,717,499,381,364,318,266,227,237,238,233,230,240,227,211,211,231,221,195,173,175,173,171,161,160,157,157,156,168,178,190,218,259,289,297,305,303,289,239,180,127,100,83,75,68,61,55,53,50,47,46,48,50,47,40,38,37,34,23,13,6,4,2,0,0,0,,21000
514,Barking,Nov-16,,0,0,0,0,0,0,0,0,0,0,0,0,14,15,33,45,81,116,153,158,187,238,280,277,267,288,328,328,298,255,231,201,177,158,157,153,151,150,158,164,171,169,178,186,194,200,215,222,222,238,266,276,269,279,336,378,412,469,539,595,641,748,812,865,876,868,823,752,667,553,492,425,380,334,313,287,282,262,250,222,207,191,193,169,136,119,126,140,131,104,68,46,24,11,0,0,,23392
515,Barkingside,Nov-16,,0,0,0,0,0,0,0,0,0,0,0,0,0,0,0,0,0,4,8,13,12,15,18,30,54,61,50,33,31,26,21,15,11,9,9,10,12,11,10,11,12,13,12,13,15,17,17,19,21,23,25,35,36,35,28,36,40,55,68,69,81,88,114,122,125,114,127,129,101,71,60,54,43,34,29,29,29,27,24,22,19,18,20,20,16,16,16,14,11,7,5,4,3,0,0,0,,2655
516,Barons Court,Nov-16,,0,0,0,0,0,0,0,0,0,0,0,0,0,1,2,5,10,16,29,49,79,118,172,214,252,319,487,548,483,357,316,249,193,150,125,103,88,80,80,79,81,88,103,102,98,92,96,93,85,79,81,85,81,83,90,98,107,115,127,132,148,175,216,247,281,300,311,279,245,203,181,162,147,130,120,117,114,111,110,103,104,107,114,109,98,84,74,60,49,38,26,14,0,0,0,0,,11097
517,Bayswater,Nov-16,,0,0,0,0,0,0,0,0,0,0,0,0,3,3,4,6,8,9,13,17,25,36,44,49,52,59,83,98,89,65,60,59,61,59,58,60,62,60,61,67,73,75,77,81,82,85,88,86,84,86,94,91,93,96,103,102,108,121,127,132,127,135,148,168,173,176,169,162,150,142,124,117,109,103,95,86,88,86,89,74,71,70,85,87,79,61,53,41,31,22,18,0,0,0,0,0,,6293
518,Becontree,Nov-16,,0,0,0,0,0,0,0,0,0,0,0,0,1,1,2,6,9,14,17,21,27,35,49,55,59,52,44,34,32,32,30,26,23,23,26,27,26,24,27,30,31,31,35,38,41,42,48,52,51,57,76,84,81,85,109,120,135,149,179,186,194,210,233,236,237,241,210,180,160,144,115,98,88,77,72,67,64,59,52,48,45,41,38,38,38,36,33,28,21,17,15,12,8,5,0,0,,5542
519,Belsize Park,Nov-16,,0,0,0,0,0,0,0,0,0,0,0,0,0,0,4,5,11,18,35,66,116,166,213,222,204,211,258,296,263,206,175,165,138,113,114,114,109,102,102,92,92,96,110,112,110,117,130,130,112,110,112,116,114,120,124,119,112,109,119,122,128,140,172,193,214,231,236,223,207,201,188,169,141,129,121,113,99,98,97,93,89,89,88,81,72,62,56,53,46,34,23,13,5,0,0,0,,9708
787,Bermondsey,Nov-16,,0,0,0,0,0,0,0,0,0,0,0,0,0,14,29,46,62,111,162,222,286,338,342,309,291,328,391,390,334,276,244,192,143,114,111,107,99,99,102,103,102,108,115,120,124,124,131,130,129,133,152,164,168,170,178,187,212,236,262,266,313,376,431,450,473,517,516,468,395,355,321,282,248,233,224,213,202,204,200,189,175,179,179,172,161,155,137,115,95,73,47,23,7,0,0,0,,16584
520,Bethnal Green,Nov-16,,0,0,0,0,0,0,0,0,0,0,0,0,0,0,14,35,69,115,152,221,297,364,376,360,338,348,380,390,381,355,330,290,252,208,195,192,185,171,175,178,177,185,201,208,201,201,211,213,208,207,231,247,256,260,272,279,306,351,387,406,419,458,519,588,620,678,735,708,612,536,494,437,393,375,349,322,303,302,295,276,261,263,276,264,248,246,240,205,167,129,83,43,0,0,0,0,,23222
521,Blackfriars,Nov-16,,0,0,0,0,0,0,0,0,0,0,0,0,0,7,22,41,65,112,204,288,393,488,684,888,1120,1298,1591,1798,1817,1479,1052,664,452,338,304,275,235,220,225,222,220,225,238,227,212,202,216,217,196,184,193,199,192,195,211,219,243,264,280,301,393,462,521,515,487,409,359,291,224,166,138,110,88,75,71,66,57,58,56,53,45,50,49,46,35,31,25,17,9,6,4,2,0,0,0,0,,25634
522,Blackhorse Road,Nov-16,,0,0,0,0,0,0,0,0,0,0,0,0,1,2,7,11,20,30,47,60,74,96,114,105,87,84,97,95,90,77,67,51,42,37,41,44,45,44,49,52,57,62,68,69,70,74,82,84,83,88,102,112,124,136,150,177,210,251,288,335,377,445,504,532,521,544,530,482,402,354,309,273,234,211,202,188,163,166,174,174,156,167,175,161,142,148,141,116,99,81,56,33,27,0,0,0,,12478
524,Bond Street,Nov-16,,0,0,0,0,0,0,0,0,0,0,0,0,1,11,52,115,181,290,476,589,665,846,1225,1488,1679,1883,2350,2667,2603,2121,1750,1437,1179,1026,1086,1056,939,889,950,974,983,1032,1081,1058,992,968,978,928,846,822,853,837,802,791,830,826,806,809,854,850,839,908,1024,1096,1101,1083,1033,905,718,547,443,360,293,235,199,165,143,130,125,109,92,89,90,85,72,63,56,47,34,30,23,12,1,0,0,0,,60624
525,Borough,Nov-16,,0,0,0,0,0,0,0,0,0,0,0,0,0,1,1,6,12,24,45,71,94,125,173,216,266,311,393,444,462,414,364,282,203,144,128,117,102,90,94,94,94,92,99,97,99,100,112,106,98,86,94,93,90,83,87,87,85,90,99,105,110,124,141,164,180,178,167,151,138,118,108,92,81,76,74,70,64,65,67,65,63,65,66,64,60,55,48,41,31,23,14,5,1,0,0,0,,9341
526,Boston Manor,Nov-16,,0,0,0,0,0,0,0,0,0,0,0,0,0,2,3,5,7,13,18,20,26,38,56,74,99,107,106,92,75,54,42,36,26,23,22,21,18,19,21,22,21,20,23,26,29,29,28,30,32,33,34,37,37,46,52,52,51,58,66,70,76,81,89,92,96,102,100,95,85,79,68,62,51,43,37,38,38,41,39,40,38,39,37,36,35,34,31,26,19,14,10,8,6,0,0,0,,3504
527,Bounds Green,Nov-16,,0,0,0,0,0,0,0,0,0,0,0,0,1,2,2,1,5,11,21,33,52,77,91,90,87,93,96,79,62,53,56,49,40,35,38,37,37,38,44,45,45,48,56,61,59,62,66,66,67,74,90,102,109,117,128,138,146,167,202,235,254,292,332,364,362,390,401,393,326,281,237,212,183,171,166,157,146,136,138,137,133,129,133,136,128,114,108,94,84,67,53,31,15,2,0,0,,9618
528,Bow Road,Nov-16,,0,0,0,0,0,0,0,0,0,0,0,0,0,5,6,11,19,27,41,52,59,74,94,101,101,114,122,111,94,80,73,68,61,54,51,51,47,45,45,47,51,53,54,55,58,64,65,65,66,70,74,80,92,103,104,109,115,127,138,150,166,186,222,268,298,309,322,324,280,239,216,200,172,157,148,148,134,128,124,132,118,122,122,129,113,112,105,97,81,69,51,26,11,0,0,0,,8675
529,Brent Cross,Nov-16,,0,0,0,0,0,0,0,0,0,0,0,0,0,0,2,4,8,11,13,17,24,31,44,50,50,50,51,44,36,34,32,27,23,21,22,24,25,27,28,26,25,25,28,29,31,33,37,38,36,35,36,39,43,50,59,65,72,82,87,85,88,124,156,159,137,136,128,113,96,85,74,64,55,49,47,43,41,38,39,38,38,38,40,39,34,30,28,25,20,17,12,7,5,0,0,0,,3702
778,Brixton,Nov-16,,0,0,0,0,0,0,0,0,0,0,0,0,2,0,12,31,56,79,137,209,306,385,403,358,326,337,376,400,406,386,366,325,282,247,243,238,233,232,245,253,263,279,301,310,322,327,347,345,352,369,403,414,440,478,524,549,602,701,810,900,1004,1257,1475,1719,1891,2116,2178,2138,1887,1672,1484,1325,1121,1013,911,816,756,762,745,680,656,665,677,636,591,530,516,471,399,257,168,88,60,0,0,0,,48573
530,Bromley-by-Bow,Nov-15,,0,0,0,0,0,0,0,0,0,0,0,0,6,10,15,17,27,35,49,65,83,107,135,158,160,133,106,87,78,67,66,62,51,45,43,42,36,35,37,38,36,35,39,43,42,42,45,46,44,45,46,50,61,69,72,73,82,86,92,94,110,130,155,166,182,192,198,183,166,143,127,106,92,85,81,77,72,69,70,69,65,63,62,63,58,56,49,48,42,38,30,19,8,0,0,0,,6009
531,Buckhurst Hill,Nov-16,,0,0,0,0,0,0,0,0,0,0,0,0,0,0,0,0,3,4,9,11,17,22,28,25,25,26,30,29,25,19,18,17,14,12,12,12,12,14,16,17,17,17,19,20,20,21,25,28,28,29,34,40,50,55,56,56,62,69,85,100,112,124,139,148,170,178,177,161,141,110,90,84,67,54,44,46,41,38,34,34,30,33,34,35,33,32,30,23,15,11,9,7,5,0,0,0,,3537
532,Burnt Oak,Nov-16,,0,0,0,0,0,0,0,0,0,0,0,0,1,2,2,2,6,12,20,23,28,37,50,53,52,81,123,111,63,33,39,36,30,26,30,33,33,34,38,39,40,43,46,49,52,54,58,58,63,63,72,83,86,87,101,122,135,149,174,200,221,262,301,320,316,346,351,311,241,188,154,130,115,97,91,84,75,65,63,59,53,52,53,57,52,46,42,41,36,30,24,16,8,2,0,0,,7074
534,Caledonian Road,Nov-16,,0,0,0,0,0,0,0,0,0,0,0,0,0,2,9,17,24,39,61,81,102,121,139,143,149,157,188,215,212,180,152,129,101,80,70,64,60,60,63,61,61,66,72,72,77,87,89,85,83,78,77,81,93,98,99,97,107,120,128,139,155,184,201,204,214,234,236,219,199,187,177,153,130,125,128,115,110,110,108,108,101,101,99,94,82,79,75,63,49,41,26,11,2,0,0,0,,8608
535,Camden Town,Nov-16,,0,0,0,0,0,0,0,0,0,0,0,0,0,0,14,29,60,85,140,193,276,334,397,413,459,559,729,841,884,850,813,719,596,487,476,480,464,440,456,454,461,466,488,482,483,481,480,459,446,428,440,433,441,442,463,446,436,441,470,476,480,519,588,639,674,687,678,656,607,525,450,392,338,280,248,211,190,169,160,157,157,164,164,163,160,165,161,162,144,118,75,43,20,0,0,0,,31154
788,Canada Water,Nov-16,,0,0,0,0,0,0,0,0,0,0,0,0,0,12,20,31,37,53,95,180,253,267,227,185,166,171,182,187,179,167,149,131,115,111,114,113,112,116,126,128,132,141,154,161,165,166,169,169,174,186,202,221,233,238,247,270,310,357,411,442,498,598,698,779,816,872,864,799,668,595,529,462,403,392,376,348,321,318,316,303,284,282,280,268,239,226,204,180,148,127,90,50,20,0,0,0,,21528
852,Canary Wharf,Nov-16,,0,0,0,0,0,0,0,0,0,0,0,0,0,115,214,318,415,712,1172,1701,2181,2718,3441,4337,5138,6019,6885,7437,6779,5399,3665,2392,1491,1105,939,832,720,664,713,692,626,603,645,635,597,585,612,583,535,506,541,529,499,481,530,559,565,574,643,733,792,883,965,1061,1086,1115,1052,961,809,699,596,518,457,435,421,384,355,340,339,330,323,335,347,336,308,282,248,206,157,117,78,43,18,0,0,0,,96171
884,Canning Town,Nov-16,,0,0,0,0,0,0,0,0,0,0,0,0,4,5,21,38,53,75,110,150,223,306,317,249,178,159,162,152,130,118,116,109,96,88,82,82,82,88,91,95,96,104,113,117,118,119,126,131,141,159,180,186,190,215,253,276,308,357,413,451,484,557,631,657,676,672,652,557,486,408,367,317,286,271,267,251,233,222,214,203,194,196,199,189,181,177,175,155,130,103,84,63,34,8,0,0,,17731
536,Cannon Street,Nov-16,,0,0,0,0,0,0,0,0,0,0,0,0,0,0,17,21,34,61,122,175,229,257,321,386,482,507,580,635,611,449,310,217,156,128,121,113,103,101,104,109,113,116,119,116,110,110,116,117,111,114,118,122,124,139,155,184,228,265,290,332,391,421,440,450,453,435,386,309,235,191,152,126,106,97,89,85,78,77,74,71,65,64,60,53,43,39,32,24,15,9,4,1,0,0,0,0,,14523
537,Canons Park,Nov-16,,0,0,0,0,0,0,0,0,0,0,0,0,1,0,0,3,4,9,13,17,22,39,51,53,51,52,54,45,35,26,24,21,19,18,18,18,18,20,21,22,22,23,25,26,27,27,30,31,32,34,38,46,47,49,55,73,83,89,96,105,117,137,171,197,204,223,230,224,184,154,121,106,86,78,66,64,54,53,45,48,46,50,43,41,38,35,29,24,21,14,11,8,5,1,0,0,,4560
539,Chalfont & Latimer,Nov-15,,0,0,0,0,0,0,0,0,0,0,0,0,1,0,1,6,9,9,6,5,16,30,52,104,112,70,23,26,20,11,8,8,6,9,11,11,6,7,8,7,4,5,11,12,15,15,20,22,22,17,14,17,13,37,44,58,51,60,44,40,59,79,81,76,91,90,92,107,111,86,59,53,39,40,39,35,30,37,45,32,32,29,37,29,27,24,25,19,14,12,8,5,2,0,0,0,,2647
540,Chalk Farm,Nov-16,,0,0,0,0,0,0,0,0,0,0,0,0,0,1,1,3,6,11,21,27,41,71,118,132,123,130,151,164,154,139,134,127,103,70,64,64,61,54,55,57,59,58,64,67,70,68,74,75,69,65,72,76,77,77,87,90,99,111,126,126,126,138,170,194,212,225,237,235,222,197,177,162,142,120,113,105,92,81,81,79,77,76,78,72,65,59,55,49,40,29,18,8,2,0,0,0,,7428
541,Chancery Lane,Nov-16,,0,0,0,0,0,0,0,0,0,0,0,0,0,0,24,70,112,149,225,316,402,521,784,1041,1308,1604,2051,2405,2512,2224,1720,1212,852,642,576,527,450,385,394,411,420,418,429,430,416,417,437,416,362,329,340,316,282,261,274,267,257,252,272,269,259,267,314,338,334,317,291,241,185,147,115,92,75,68,63,56,49,45,44,42,39,39,38,33,27,23,22,18,15,10,7,0,0,0,0,0,,33394
718,Charing Cross,Nov-16,,0,0,0,0,0,0,0,0,0,0,0,0,0,0,2,7,12,21,42,61,77,103,149,191,224,259,336,397,402,354,316,272,220,184,180,176,160,144,150,153,154,151,157,147,137,131,144,145,139,127,133,127,121,123,141,148,155,162,181,190,210,239,276,294,292,290,283,270,222,172,125,103,88,82,74,63,57,54,50,46,46,48,49,45,42,38,33,22,14,8,7,0,0,0,0,0,,11147
543,Chesham,Nov-16,,0,0,0,0,0,0,0,0,0,0,0,0,0,0,0,1,0,0,3,2,8,2,27,24,49,46,50,17,15,10,10,6,9,4,8,4,7,4,7,3,7,5,9,3,9,6,11,7,12,7,12,9,16,9,19,11,46,42,44,39,59,41,60,46,98,72,102,61,103,63,62,30,38,28,27,13,18,16,16,11,15,9,16,10,17,9,13,6,10,5,7,4,3,1,2,0,,1730
544,Chigwell,Nov-16,,0,0,0,0,0,0,0,0,0,0,0,0,0,0,0,0,0,0,4,7,12,13,24,28,31,19,16,6,5,4,5,4,2,3,4,3,3,3,4,3,2,3,4,4,3,3,6,4,4,5,9,8,5,6,9,9,8,12,21,20,15,20,38,38,32,31,43,31,24,20,25,15,12,9,11,8,5,6,8,6,4,5,6,5,3,3,3,2,1,3,0,0,0,0,0,0,,780
545,Chiswick Park,Nov-16,,0,0,0,0,0,0,0,0,0,0,0,0,0,1,3,3,4,6,10,20,36,71,97,110,103,121,160,176,142,108,92,71,46,35,34,30,28,24,27,27,28,24,27,27,31,26,31,28,29,25,30,29,31,32,38,41,46,56,62,64,70,79,92,121,129,127,123,125,103,90,78,70,56,49,43,39,33,29,31,31,31,30,30,29,27,23,21,21,18,13,8,5,3,0,0,0,,4067
546,Chorleywood,Nov-15,,0,0,0,0,0,0,0,0,0,0,0,0,0,0,0,0,1,6,14,17,11,3,4,9,13,8,9,11,14,8,4,4,7,8,7,2,4,7,7,7,10,10,11,8,17,15,13,11,20,18,28,32,30,17,21,11,22,20,41,30,41,7,71,97,81,70,75,71,47,55,42,30,64,43,41,17,30,21,27,19,22,14,16,6,21,18,26,18,18,8,10,7,2,0,0,0,,1705
547,Clapham Common,Nov-16,,0,0,0,0,0,0,0,0,0,0,0,0,0,4,9,12,15,25,44,64,94,141,187,193,183,207,262,264,217,160,139,116,97,82,87,86,81,76,88,92,96,102,115,117,114,113,116,111,105,110,124,135,143,154,162,170,180,210,239,256,268,358,464,562,620,669,671,637,582,514,447,377,322,288,265,239,227,216,207,191,196,194,192,181,168,145,141,139,123,90,59,28,9,0,0,0,,15686
548,Clapham North,Nov-16,,0,0,0,0,0,0,0,0,0,0,0,0,0,1,3,7,16,25,42,50,61,75,100,112,109,111,132,139,125,101,91,74,59,49,51,55,53,52,53,58,58,59,63,67,67,68,73,74,71,71,75,76,80,87,102,112,122,143,168,186,207,265,324,396,448,487,470,452,420,377,320,281,256,227,207,196,195,188,178,164,156,167,171,163,142,131,128,118,97,73,54,28,8,0,0,0,,11120
549,Clapham South,Nov-16,,0,0,0,0,0,0,0,0,0,0,0,0,0,3,2,2,7,17,38,54,94,160,218,209,169,176,208,190,125,79,71,68,74,85,88,70,54,50,54,60,64,68,70,71,73,77,80,78,78,83,93,101,108,111,117,122,133,158,181,208,232,311,387,480,557,616,624,614,572,500,416,357,305,274,249,235,224,212,200,191,191,189,190,184,173,146,133,119,104,74,46,20,4,0,0,0,,13628
550,Cockfosters,Nov-16,,0,0,0,0,0,0,0,0,0,0,0,0,0,0,0,0,0,4,8,13,18,32,44,47,37,30,32,37,31,24,21,21,20,18,17,17,17,18,19,20,21,22,23,23,24,26,28,29,29,32,34,36,39,40,46,53,59,60,67,75,80,87,92,90,87,90,98,98,90,69,59,52,49,41,38,34,32,31,28,32,35,40,40,40,36,30,24,19,15,12,9,6,3,2,0,0,,2899
551,Colindale,Nov-16,,0,0,0,0,0,0,0,0,0,0,0,0,0,1,3,1,15,31,46,85,132,178,200,189,154,146,179,164,128,92,84,71,63,56,51,51,49,49,49,50,49,53,56,66,68,71,69,71,70,72,80,87,89,97,112,129,136,150,161,185,213,255,286,315,341,366,373,337,287,239,209,184,164,147,140,138,125,112,114,111,104,97,101,96,92,75,74,70,65,47,39,30,15,3,0,0,,9552
552,Colliers Wood,Nov-16,,0,0,0,0,0,0,0,0,0,0,0,0,3,6,9,9,18,30,40,42,55,84,115,110,83,70,82,78,69,60,60,56,50,46,45,46,49,48,52,57,58,61,67,71,69,72,76,78,77,80,89,99,104,107,119,133,143,167,200,232,259,299,349,390,428,435,430,395,350,306,263,222,186,168,155,146,143,138,135,125,118,112,117,116,111,102,97,88,73,59,45,28,12,0,0,0,,9974
553,Covent Garden,Nov-16,,0,0,0,0,0,0,0,0,0,0,0,0,0,0,0,23,25,47,95,126,136,151,199,229,273,326,421,517,567,543,515,493,437,383,400,410,388,361,387,408,422,431,446,445,428,417,400,388,363,360,351,353,345,351,374,384,369,379,427,463,453,479,543,610,644,650,650,648,571,426,289,221,173,141,121,107,95,83,69,71,71,75,65,56,42,31,25,29,31,19,4,0,0,0,0,0,,23248
554,Croxley,Nov-16,,0,0,0,0,0,0,0,0,0,0,0,0,0,0,0,0,1,4,7,7,7,15,21,45,61,66,49,34,17,8,6,5,5,4,4,4,4,5,6,6,5,6,7,7,7,8,9,9,9,10,11,11,10,16,20,22,22,33,40,47,48,57,54,74,74,88,80,83,67,60,47,38,33,26,22,20,15,13,14,16,14,15,15,15,12,11,10,9,8,7,5,2,1,0,0,0,,1753
555,Dagenham East,Nov-16,,0,0,0,0,0,0,0,0,0,0,0,0,0,2,3,6,7,11,13,21,29,47,56,70,82,92,80,59,42,36,36,31,25,21,20,21,21,21,23,27,29,27,27,30,33,34,36,38,41,44,52,59,60,57,69,89,101,109,120,138,142,155,175,184,185,187,177,154,130,113,89,80,66,61,51,50,46,45,43,40,34,32,31,33,29,29,24,23,19,16,12,9,5,2,0,0,,4566
556,Dagenham Heathway,Nov-16,,0,0,0,0,0,0,0,0,0,0,0,0,2,2,3,12,15,21,28,43,52,64,77,96,124,148,152,134,108,90,83,76,70,64,64,65,67,67,68,65,65,68,80,86,88,84,86,90,98,110,127,128,123,131,169,201,218,233,253,290,293,302,319,361,368,358,318,294,263,229,179,155,138,122,112,106,104,99,86,76,64,61,55,59,54,55,49,45,35,29,23,16,8,5,0,0,,9428
557,Debden,Nov-16,,0,0,0,0,0,0,0,0,0,0,0,0,0,0,8,9,12,13,19,18,27,43,77,99,104,106,155,171,133,70,45,33,30,37,43,41,31,23,22,17,20,26,32,27,29,33,35,27,30,32,35,30,38,48,59,52,60,74,94,97,98,104,131,153,160,153,142,125,103,84,64,56,46,38,33,28,27,27,28,23,24,25,26,25,26,26,22,20,15,13,10,8,4,1,0,0,,4132
558,Dollis Hill,Nov-16,,0,0,0,0,0,0,0,0,0,0,0,0,0,0,4,7,11,15,29,38,47,53,73,77,78,100,143,146,109,72,58,50,46,41,39,39,38,36,37,37,39,43,47,48,48,46,52,55,53,51,59,66,66,71,82,100,112,125,136,139,142,162,189,202,202,194,185,168,149,133,122,106,94,91,85,74,71,72,72,67,65,69,65,58,52,55,56,52,46,38,29,13,3,0,0,0,,6042
560,Ealing Broadway,Nov-16,,0,0,0,0,0,0,0,0,0,0,0,0,0,4,8,13,23,51,113,172,214,290,390,468,486,547,566,553,466,407,354,322,275,223,203,199,204,193,194,200,211,212,226,247,254,250,245,261,256,260,269,302,308,304,302,340,387,475,533,580,635,715,838,938,982,1008,1046,998,857,731,618,516,467,418,355,335,334,320,268,295,282,272,242,266,241,223,198,173,142,114,83,54,29,11,0,1,,28365
561,Ealing Common,Nov-16,,0,0,0,0,0,0,0,0,0,0,0,0,0,0,7,5,6,14,17,27,42,66,82,106,119,125,116,97,74,61,53,43,36,32,30,27,26,25,26,26,29,31,35,36,34,36,40,43,39,42,42,46,41,48,55,65,76,89,100,106,124,143,166,178,185,192,186,170,145,132,113,97,83,80,72,70,62,63,56,54,49,47,50,53,51,42,38,37,30,20,14,11,7,0,0,0,,5141
562,Earl's Court,Nov-16,,0,0,0,0,0,0,0,0,0,0,0,0,5,7,19,39,78,130,206,285,407,573,673,630,533,528,597,615,557,474,436,377,320,277,285,281,275,260,279,274,276,270,294,295,312,313,332,320,325,313,341,335,344,336,367,368,399,413,453,467,495,515,585,649,685,708,716,681,628,573,531,477,440,393,389,370,362,339,329,310,322,354,387,354,289,235,218,189,152,111,75,40,12,0,0,0,,29206
563,East Acton,Nov-15,,0,0,0,0,0,0,0,0,0,0,0,0,0,0,5,3,9,22,39,53,65,93,124,133,128,137,158,143,115,91,81,65,53,50,47,40,39,40,42,38,37,41,48,50,50,52,56,52,52,55,60,60,64,71,84,93,100,102,112,119,125,139,170,190,191,181,187,183,166,143,125,111,96,94,89,83,79,79,78,70,67,70,69,67,63,70,65,63,55,57,43,23,4,0,0,0,,6466
565,East Finchley,Nov-16,,0,0,0,0,0,0,0,0,0,0,0,0,0,1,2,5,7,11,16,39,70,104,141,165,168,151,134,113,92,79,72,68,58,52,50,47,45,47,51,55,62,62,69,72,74,73,83,86,85,86,100,116,120,121,128,139,155,194,242,259,277,328,405,445,471,494,499,475,431,380,324,265,225,198,192,173,164,158,154,154,154,153,148,141,129,117,108,92,73,54,34,19,8,4,0,0,,11615
566,East Ham,Nov-16,,0,0,0,0,0,0,0,0,0,0,0,0,2,4,15,18,31,46,67,68,83,115,161,200,223,228,227,220,204,174,158,141,127,115,121,124,125,129,134,134,134,148,166,175,166,174,186,188,181,204,243,268,267,294,333,383,397,459,540,635,669,732,847,959,999,1002,950,906,788,666,527,471,397,354,329,311,267,240,212,202,177,176,182,195,172,172,184,183,142,111,88,65,33,8,0,0,,22651
567,East Putney,Nov-16,,0,0,0,0,0,0,0,0,0,0,0,0,0,0,2,4,7,10,27,47,77,112,148,165,175,192,214,205,162,106,80,67,57,44,44,43,42,43,47,45,46,49,54,52,57,62,65,62,63,66,70,76,84,87,118,128,130,128,169,178,183,215,288,326,366,403,460,422,357,286,250,222,193,176,150,139,130,127,131,120,111,108,114,106,93,83,82,71,66,56,43,20,7,0,0,0,,9813
564,Eastcote,Nov-16,,0,0,0,0,0,0,0,0,0,0,0,0,0,0,1,2,5,6,9,15,22,32,38,40,39,39,44,44,38,28,24,23,23,24,22,23,23,26,31,32,34,35,38,35,37,38,42,39,46,52,62,57,60,60,74,82,103,110,115,126,153,177,175,205,215,227,208,208,179,141,112,95,78,60,53,51,48,43,41,38,44,40,38,32,31,27,23,23,20,14,8,6,4,2,0,0,,4717
568,Edgware,Nov-16,,0,0,0,0,0,0,0,0,0,0,0,0,1,0,0,5,12,17,20,32,50,65,77,85,91,87,91,88,82,71,63,56,50,49,54,56,52,52,57,64,65,65,67,77,85,89,90,90,89,92,100,105,111,113,126,143,159,173,188,211,226,241,262,291,305,321,325,305,254,207,175,155,132,109,101,99,90,80,76,77,75,71,73,79,72,57,50,47,40,29,21,14,8,5,0,0,,8137
774,Edgware Road (Bak),Nov-16,,0,0,0,0,0,0,0,0,0,0,0,0,0,0,0,11,16,25,50,74,108,152,204,227,272,335,412,416,355,255,197,161,139,137,136,110,80,70,77,78,76,74,85,91,90,89,91,86,78,79,82,88,86,83,81,85,88,91,100,107,112,117,120,127,128,127,120,112,100,90,81,69,61,59,56,54,54,54,52,50,53,55,58,54,50,41,39,33,24,17,12,6,0,0,0,0,,8012
569,Edgware Road (Cir),Nov-16,,0,0,0,0,0,0,0,0,0,0,0,0,1,4,10,16,22,38,60,77,104,144,226,293,362,440,546,569,487,363,278,220,170,143,140,138,122,114,108,110,110,112,114,123,122,125,129,131,121,115,112,114,117,126,127,135,136,151,156,164,165,188,208,216,229,230,222,190,164,133,124,107,97,87,83,73,71,67,64,65,65,62,56,56,51,44,37,34,26,17,14,12,7,0,0,0,,11109
570,Elephant & Castle,Nov-16,,0,0,0,0,0,0,0,0,0,0,0,0,1,8,15,22,47,99,187,329,496,603,608,532,523,658,924,1161,1236,1188,1146,1066,866,658,620,611,523,388,346,345,331,332,370,393,389,385,413,416,385,348,349,358,361,362,365,369,389,436,478,491,509,575,643,698,713,737,722,685,592,521,464,415,369,348,340,321,305,303,301,296,281,308,319,312,280,272,240,199,163,125,74,30,6,0,0,0,,35392
571,Elm Park,Nov-16,,0,0,0,0,0,0,0,0,0,0,0,0,0,0,2,4,5,7,9,12,13,17,21,29,31,30,24,21,18,18,19,19,18,17,18,18,18,20,22,22,22,23,27,30,31,31,35,38,40,43,51,58,61,72,89,112,128,140,152,172,197,205,240,262,290,267,250,190,158,126,113,92,79,69,60,57,51,48,44,40,37,35,35,36,42,37,37,32,30,20,14,7,5,3,2,0,,5017
542,Embankment,Nov-16,,0,0,0,0,0,0,0,0,0,0,0,0,1,9,28,53,83,146,221,272,328,436,636,826,979,1119,1375,1554,1598,1416,1143,806,586,500,491,455,402,395,419,427,436,450,457,435,413,415,434,413,382,380,403,401,405,431,483,537,593,653,727,788,913,1042,1189,1205,1208,1139,1054,870,675,488,353,273,242,223,197,171,161,154,149,153,159,158,143,137,137,133,106,71,45,29,15,5,0,0,0,0,,39337
572,Epping,Nov-16,,0,0,0,0,0,0,0,0,0,0,0,0,1,1,1,3,3,25,45,61,66,78,85,87,73,69,55,50,35,27,27,28,25,22,21,23,23,23,21,26,26,26,24,30,35,35,32,38,42,45,41,48,60,70,75,113,121,158,171,213,217,229,212,214,235,265,275,254,220,178,136,100,99,93,78,76,61,59,48,51,48,50,47,49,53,57,51,50,43,38,26,18,11,6,2,0,,6056
574,Euston,Nov-16,,0,0,0,0,0,0,0,0,0,0,0,0,0,7,53,138,204,267,393,543,687,814,990,1174,1310,1406,1533,1645,1611,1463,1322,1145,961,853,870,821,720,656,687,690,681,707,775,796,766,770,811,802,753,744,763,735,746,797,897,958,1091,1218,1316,1349,1400,1578,1763,1814,1712,1604,1475,1265,1073,916,812,684,609,560,552,476,424,392,381,336,334,373,390,361,320,276,219,155,111,74,50,21,6,0,0,2,,62956
575,Euston Square,Nov-16,,0,0,0,0,0,0,0,0,0,0,0,0,3,9,29,46,55,74,129,176,235,319,470,580,665,789,1069,1282,1266,1031,852,684,539,437,461,444,363,287,281,280,257,259,298,307,276,285,316,321,266,247,247,249,233,234,260,283,317,350,404,415,492,618,740,725,648,552,480,383,300,236,204,160,132,114,109,95,86,76,74,66,67,67,64,56,50,47,42,26,16,10,8,4,2,0,0,0,,25428
576,Fairlop,Nov-16,,0,0,0,0,0,0,0,0,0,0,0,0,0,0,1,1,0,3,7,7,8,12,12,20,35,38,24,12,11,9,7,7,6,6,6,6,8,8,7,7,8,8,8,10,11,12,13,16,18,17,13,16,20,23,22,27,33,36,40,46,57,59,75,80,92,85,89,83,74,54,41,39,34,27,21,20,20,19,17,15,13,13,14,13,13,12,11,9,8,5,5,3,2,0,0,0,,1787
577,Farringdon,Nov-16,,0,0,0,0,0,0,0,0,0,0,0,0,5,8,20,35,57,79,132,187,246,307,703,917,1228,1579,2113,2495,2526,2135,1667,1151,729,551,369,356,276,233,240,242,236,224,231,219,200,189,198,193,171,156,157,148,134,115,158,143,139,139,148,146,157,179,229,261,285,277,256,211,169,137,109,88,69,58,49,45,41,38,37,38,41,42,42,44,45,49,49,44,32,19,7,2,0,0,0,0,,27179
578,Finchley Central,Nov-16,,0,0,0,0,0,0,0,0,0,0,0,0,0,1,3,4,5,6,16,39,71,93,115,132,171,227,262,227,171,132,118,105,82,66,71,72,63,57,65,69,70,76,77,84,84,90,90,93,93,92,101,120,139,127,129,140,174,211,234,246,270,332,375,382,396,436,446,394,332,309,274,209,176,167,161,146,160,148,126,121,124,129,122,99,87,85,98,90,79,52,42,32,20,2,0,0,,11334
579,Finchley Road,Nov-16,,0,0,0,0,0,0,0,0,0,0,0,0,3,3,12,24,35,52,96,136,178,228,289,304,307,302,305,277,257,228,208,175,147,123,120,117,116,114,120,114,113,114,127,130,135,141,144,139,134,140,152,162,171,177,186,190,220,257,276,268,278,324,394,458,499,524,532,495,417,359,323,280,233,212,196,176,162,156,144,141,138,134,121,109,97,89,83,72,58,42,25,10,2,0,0,0,,15049
580,Finsbury Park,Aut-12,,0,0,0,0,0,0,0,0,0,0,0,4,20,36,65,102,154,206,262,315,413,531,619,636,712,762,758,631,504,472,465,426,334,333,311,313,304,326,320,360,345,364,384,452,457,459,519,541,523,381,431,514,631,688,857,943,909,881,956,1162,1170,1353,1725,2173,2249,2137,1718,1465,1328,1159,817,878,904,835,653,694,572,560,519,622,626,661,584,572,476,415,317,258,135,80,55,40,40,0,0,0,,50881
581,Fulham Broadway,Nov-16,,0,0,0,0,0,0,0,0,0,0,0,0,2,3,2,8,17,37,63,102,140,234,330,359,397,524,584,500,364,328,301,278,218,193,183,166,144,140,148,158,146,150,148,167,154,164,162,174,159,167,160,168,156,169,172,189,192,205,212,229,254,285,308,388,446,502,507,498,412,357,312,272,219,194,164,147,128,127,118,118,105,106,103,104,89,82,74,70,53,37,19,10,2,0,0,0,,15976
582,Gants Hill,Nov-16,,0,0,0,0,0,0,0,0,0,0,0,0,2,2,2,1,5,12,17,21,27,43,61,75,80,80,75,65,66,72,74,72,63,57,50,48,46,51,53,54,54,58,61,64,67,71,78,80,85,91,101,110,114,126,146,168,179,207,254,290,320,359,426,485,519,517,505,474,394,328,289,268,226,200,175,159,145,134,117,111,103,102,92,94,85,76,67,67,51,41,33,23,7,1,0,0,,10671
583,Gloucester Road,Nov-16,,0,0,0,0,0,0,0,0,0,0,0,0,2,1,10,28,44,63,102,143,187,293,421,453,411,404,497,569,553,458,418,376,312,256,278,282,250,213,215,220,213,205,218,224,221,232,253,258,239,236,246,248,246,257,274,279,292,309,331,345,349,361,396,427,449,469,468,449,413,373,324,299,274,246,222,209,202,194,195,190,192,222,251,236,186,153,130,98,68,45,25,10,0,0,0,0,,20710
584,Golders Green,Nov-16,,0,0,0,0,0,0,0,0,0,0,0,0,1,2,6,15,28,39,60,78,119,172,214,209,193,197,201,180,142,121,125,114,96,83,87,84,81,86,92,94,94,102,108,112,114,116,118,119,119,121,125,132,139,153,171,187,205,229,258,268,274,308,366,399,430,461,472,421,373,330,296,252,223,206,194,183,169,166,167,160,154,151,157,139,125,119,117,101,83,71,53,29,9,1,0,0,,13068
585,Goldhawk Road,Nov-16,,0,0,0,0,0,0,0,0,0,0,0,0,0,0,1,3,4,8,12,13,12,22,33,42,38,36,33,41,49,54,50,43,37,33,30,28,28,29,28,27,29,32,34,34,36,37,37,37,39,39,40,39,39,39,43,49,55,58,60,65,73,87,101,109,117,121,121,113,102,85,71,63,56,50,46,40,37,37,39,35,33,31,33,30,28,23,21,17,13,9,6,3,1,0,0,0,,3326
586,Goodge Street,Nov-16,,0,0,0,0,0,0,0,0,0,0,0,0,0,0,7,15,25,41,73,106,135,172,246,346,455,572,742,941,999,915,751,585,399,291,283,274,226,171,178,183,177,162,182,188,184,162,177,168,146,117,130,133,121,108,117,121,115,112,127,131,142,168,220,234,213,180,175,156,122,88,70,56,46,39,33,28,27,25,24,21,21,22,22,19,14,14,13,10,6,5,3,1,0,0,0,0,,14226
587,Grange Hill,Nov-16,,0,0,0,0,0,0,0,0,0,0,0,0,0,0,0,0,0,2,2,9,12,12,8,9,8,7,8,8,7,6,6,5,4,3,3,3,3,2,3,3,3,3,5,5,5,5,7,7,7,6,8,8,9,12,17,19,19,23,29,29,34,38,58,58,58,48,58,53,43,33,31,28,21,18,17,17,12,10,11,11,8,8,9,9,6,6,5,4,2,4,0,0,0,0,0,0,,1077
588,Great Portland Street,Nov-16,,0,0,0,0,0,0,0,0,0,0,0,0,2,3,12,21,29,51,90,133,208,302,397,462,542,667,910,1095,1089,880,681,500,365,272,250,232,200,165,158,158,154,155,163,158,150,153,165,161,146,135,139,136,126,120,126,129,126,127,133,132,138,157,181,191,197,205,197,170,132,106,90,75,64,56,50,43,40,37,34,33,34,34,32,30,29,26,22,17,14,9,6,5,0,0,0,0,,15162
590,Green Park,Nov-16,,0,0,0,0,0,0,0,0,0,0,0,0,0,42,135,226,263,363,539,748,974,1322,1746,2124,2462,2927,3636,4169,3932,3039,2240,1739,1420,1249,1283,1222,1107,999,994,972,971,963,963,888,808,769,799,778,739,736,802,764,689,675,743,722,659,651,712,712,681,722,844,939,973,975,952,834,673,521,418,318,249,204,180,159,144,133,122,115,113,125,126,112,88,75,66,56,44,41,36,21,3,0,0,0,,68477
589,Greenford,Nov-15,,0,0,0,0,0,0,0,0,0,0,0,0,0,0,14,12,24,40,42,47,53,79,87,100,81,92,96,95,71,60,54,46,40,38,38,39,38,41,45,46,42,43,47,53,56,65,70,66,60,64,75,80,83,88,104,116,124,139,161,193,239,270,260,300,352,363,305,261,217,199,178,153,114,99,93,103,95,89,85,80,70,58,61,54,57,48,55,47,44,29,23,18,13,6,0,0,,7585
591,Gunnersbury,Nov-16,,0,0,0,0,0,0,0,0,0,0,0,0,0,0,2,3,9,43,70,98,133,217,295,314,362,493,649,668,573,424,297,212,146,103,77,69,59,60,62,62,56,56,61,65,59,60,62,62,62,61,60,57,58,59,67,74,82,87,100,103,118,139,168,170,173,192,200,181,152,133,119,104,87,68,59,54,53,53,51,45,44,43,49,49,51,43,41,33,27,20,13,6,2,1,0,1,,9593
592,Hainault,Nov-16,,0,0,0,0,0,0,0,0,0,0,0,0,0,0,0,0,0,7,19,29,26,37,36,50,51,57,38,33,25,22,19,20,20,19,21,22,22,19,22,25,28,28,28,29,32,36,36,41,44,47,51,59,66,66,80,97,117,117,140,181,214,220,234,236,278,295,307,277,242,181,133,131,116,97,77,79,75,69,62,54,53,53,51,43,49,47,45,40,32,27,22,20,11,7,0,0,,5839
593,Hammersmith (Dis),Nov-15,,0,0,0,0,0,0,0,0,0,0,0,0,7,14,27,55,115,192,305,471,683,905,1127,1330,1468,1628,1875,1985,1815,1457,1150,880,648,506,449,417,379,374,401,390,387,397,440,443,440,443,463,443,414,416,444,451,443,451,486,524,570,615,656,657,676,759,898,991,1049,1073,1052,986,895,787,676,563,469,408,383,343,315,310,315,299,290,307,329,320,286,269,254,225,169,141,102,53,6,0,0,0,,46634
773,Hammersmith (H&C),Nov-16,,0,0,0,0,0,0,0,0,0,0,0,0,0,2,13,26,38,48,62,88,120,189,264,369,442,486,524,550,505,408,319,244,184,164,151,147,149,158,158,153,161,172,175,172,184,185,182,170,176,183,194,181,177,191,212,217,234,242,277,295,334,392,459,488,519,517,479,425,386,304,245,216,193,166,151,131,121,121,121,105,99,99,105,99,91,78,73,60,53,40,29,21,14,6,0,0,,16681
594,Hampstead,Nov-16,,0,0,0,0,0,0,0,0,0,0,0,0,0,2,2,6,10,13,25,42,73,101,146,166,178,183,184,159,128,113,120,113,89,64,70,73,68,63,69,66,64,63,73,74,77,75,78,75,75,78,88,102,124,132,134,118,106,95,113,113,115,118,143,145,154,155,167,166,158,143,134,123,104,89,82,75,66,62,61,58,54,53,52,48,44,42,37,33,26,20,13,7,3,0,0,0,,6933
595,Hanger Lane,Nov-16,,0,0,0,0,0,0,0,0,0,0,0,0,0,0,8,7,25,55,67,68,72,86,94,101,122,145,206,243,254,189,130,74,53,38,34,29,28,28,29,27,27,30,35,37,38,39,40,41,40,43,47,50,48,52,64,74,78,87,107,119,137,152,189,196,199,193,213,197,167,133,122,115,104,85,68,71,67,68,55,58,61,67,53,52,46,46,37,41,32,29,20,14,5,0,0,0,,6400
596,Harlesden,Nov-16,,0,0,0,0,0,0,0,0,0,0,0,0,0,10,22,36,44,60,77,83,86,105,149,162,150,146,173,163,119,77,71,65,50,39,41,42,35,28,33,35,35,38,46,47,45,46,55,55,51,48,51,50,54,57,64,78,89,84,86,91,99,104,122,111,106,107,118,98,81,71,75,69,56,46,45,43,42,41,42,41,42,36,33,26,25,23,21,18,15,9,5,5,0,0,0,0,,5046
597,Harrow & Wealdstone,Nov-16,,0,0,0,0,0,0,0,0,0,0,0,0,0,12,7,5,12,18,29,35,53,67,96,107,129,146,160,132,116,94,87,61,56,41,45,39,43,40,42,40,48,43,49,51,73,75,79,66,78,73,79,73,90,85,101,103,146,148,171,184,252,245,308,354,400,362,361,310,267,188,170,123,130,88,100,72,76,58,64,60,58,42,33,34,35,33,31,27,24,15,10,4,2,0,0,1,,7864
598,Harrow-on-the-Hill,Nov-16,,0,0,0,0,0,0,0,0,0,0,0,0,0,3,9,18,27,38,54,81,111,141,191,250,276,284,321,348,319,261,214,182,153,142,143,150,146,149,151,150,144,154,158,166,162,171,183,186,172,173,187,199,193,212,235,276,296,356,391,412,423,492,577,612,609,596,599,572,479,391,330,291,233,209,190,174,164,165,150,141,141,153,156,153,146,137,122,102,79,54,33,20,10,3,0,0,,17444
779,Hatton Cross,Nov-16,,0,0,0,0,0,0,0,0,0,0,0,0,6,9,12,17,22,42,65,82,81,98,105,118,116,143,147,138,107,88,68,48,39,31,30,29,28,27,28,29,29,30,33,38,42,44,43,43,44,49,50,47,46,51,56,62,62,71,77,88,91,101,105,103,105,115,124,108,95,84,82,75,66,58,55,52,51,49,47,46,52,51,49,43,42,42,37,29,24,22,16,14,10,7,0,0,,4808
780,Heathrow Terminals 123,Nov-16,,0,0,0,0,0,0,0,0,0,0,0,0,30,31,33,44,52,73,103,138,137,133,145,162,170,187,202,190,162,151,146,135,129,133,136,128,117,125,139,141,146,145,154,149,170,182,178,162,158,168,162,150,154,162,164,163,186,190,187,198,217,210,206,209,202,181,173,160,137,125,124,116,95,78,62,53,46,45,38,37,38,38,34,27,23,20,20,17,15,13,8,8,7,5,1,0,,9588
781,Heathrow Terminal 4,Nov-16,,0,0,0,0,0,0,0,0,0,0,0,0,7,8,13,15,11,20,35,51,49,50,49,48,38,34,32,32,31,35,33,30,30,31,33,38,40,40,40,45,43,42,38,47,49,48,44,51,47,44,44,52,48,53,45,47,40,51,53,58,52,66,73,74,63,64,64,61,53,45,41,36,30,25,21,16,12,11,9,6,6,6,5,5,4,5,4,5,4,2,0,0,0,0,0,0,,2730
783,Heathrow Terminal 5,Nov-16,,0,0,0,0,0,0,0,0,0,0,0,0,27,31,39,43,43,51,63,73,69,75,82,92,87,94,99,98,85,90,87,85,77,88,92,87,81,83,94,97,106,112,107,111,126,128,118,109,101,95,92,85,82,90,89,93,102,102,104,114,121,111,109,117,112,93,79,77,63,52,44,44,38,31,24,23,19,21,22,19,12,11,10,9,8,10,9,7,4,4,3,3,2,0,0,0,,5489
601,Hendon Central,Nov-16,,0,0,0,0,0,0,0,0,0,0,0,0,0,0,4,3,11,28,47,55,78,105,144,160,197,263,332,313,237,196,210,207,168,145,153,150,120,121,145,145,129,125,145,141,140,133,146,141,129,119,134,147,144,143,163,181,178,186,227,252,267,297,362,399,394,388,380,355,297,254,209,190,174,158,141,139,131,121,122,121,119,115,120,119,108,97,94,97,80,65,47,37,18,7,0,0,,12862
602,High Barnet,Nov-16,,0,0,0,0,0,0,0,0,0,0,0,0,0,0,0,0,2,7,12,22,36,54,74,116,145,139,109,82,69,53,46,36,34,32,33,32,29,27,29,31,32,33,35,38,41,42,43,45,49,50,53,58,61,63,71,84,93,102,117,140,153,168,185,215,237,235,225,213,188,164,150,129,99,86,82,74,69,64,63,61,58,57,60,61,60,57,54,47,39,34,26,18,10,7,4,0,,5951
605,High Street Kensington,Nov-16,,0,0,0,0,0,0,0,0,0,0,0,0,0,2,6,26,48,72,120,151,199,255,378,430,468,530,759,889,817,672,636,595,470,371,338,337,304,287,293,300,284,272,277,284,271,265,264,278,260,260,263,276,253,247,259,255,246,252,279,290,275,284,333,371,360,373,369,351,297,250,192,167,144,121,107,95,92,91,88,82,77,82,93,100,83,68,56,49,36,29,21,12,3,1,0,0,,20240
603,Highbury & Islington,Nov-16,,0,0,0,0,0,0,0,0,0,0,0,0,0,8,16,37,75,110,153,231,351,453,537,585,652,776,1015,1083,959,782,710,575,394,298,274,263,229,229,230,242,234,248,255,265,249,262,263,261,235,241,251,268,267,278,288,307,333,404,464,488,504,598,716,834,916,991,1034,1012,898,744,607,511,434,392,352,314,279,269,262,245,239,236,236,230,225,207,180,149,120,86,47,19,0,0,0,0,,31014
604,Highgate,Nov-16,,0,0,0,0,0,0,0,0,0,0,0,0,0,0,0,1,3,8,18,29,48,81,112,126,116,98,83,74,57,54,59,60,46,41,42,41,41,44,46,47,47,49,53,59,57,60,66,68,63,66,75,81,90,97,101,105,121,150,179,192,197,222,277,326,358,373,383,379,349,307,261,214,175,163,158,144,127,125,121,126,119,121,115,108,102,96,84,66,51,37,24,15,10,0,0,0,,8887
606,Hillingdon,Nov-16,,0,0,0,0,0,0,0,0,0,0,0,0,0,0,0,4,5,12,21,26,22,24,29,30,35,51,63,49,28,17,16,13,12,11,12,13,14,14,14,14,13,14,17,19,18,18,20,24,24,26,29,31,26,29,40,50,46,47,55,71,80,90,92,97,102,107,108,100,94,78,65,47,44,35,33,28,26,21,23,23,25,27,31,29,24,19,15,14,13,13,8,5,2,1,0,0,,2685
607,Holborn,Nov-16,,0,0,0,0,0,0,0,0,0,0,0,0,0,0,40,104,185,244,327,433,580,811,1200,1557,1860,2246,2847,3296,3299,2955,2593,2140,1558,1123,1098,1092,937,764,818,872,858,786,838,843,802,762,838,829,737,651,666,651,610,581,607,592,555,548,606,617,625,718,870,966,977,934,860,728,573,434,335,256,196,169,148,131,121,112,108,102,102,104,98,83,69,63,57,49,40,38,30,15,0,0,0,0,,59067
608,Holland Park,Nov-16,,0,0,0,0,0,0,0,0,0,0,0,0,1,1,3,5,11,17,27,38,85,161,217,197,153,118,111,102,95,79,79,71,54,43,46,50,46,44,45,45,45,44,48,47,46,47,51,49,46,45,50,53,57,58,62,61,61,65,73,74,70,77,87,97,107,121,126,120,107,92,82,76,66,57,52,49,42,39,39,38,36,38,41,38,31,29,26,21,16,13,7,3,0,0,0,0,,4869
609,Holloway Road,Nov-16,,0,0,0,0,0,0,0,0,0,0,0,0,0,2,4,10,13,18,29,37,43,53,76,91,111,138,209,261,269,247,283,296,240,161,131,125,111,102,98,95,97,107,123,125,123,126,148,154,134,106,100,104,109,108,109,111,121,138,160,178,190,218,227,246,285,317,309,275,238,203,193,179,157,149,142,131,120,123,118,113,99,102,100,95,87,84,81,75,66,52,33,16,4,0,0,0,,10561
610,Hornchurch,Nov-16,,0,0,0,0,0,0,0,0,0,0,0,0,0,0,0,3,3,8,12,13,16,27,34,37,41,52,52,40,29,31,31,25,18,15,16,17,15,15,18,20,20,22,25,27,25,24,25,27,31,32,36,37,38,37,46,61,69,77,89,108,114,125,147,166,177,173,164,133,108,86,72,54,44,41,35,30,28,27,25,22,21,20,19,21,23,21,18,18,22,23,17,10,4,2,0,0,,3454
611,Hounslow Central,Nov-16,,0,0,0,0,0,0,0,0,0,0,0,0,0,4,3,3,6,11,21,29,42,54,65,76,96,119,138,136,120,96,81,67,56,50,50,49,47,45,46,47,48,48,50,50,51,53,58,60,62,66,67,66,65,62,69,74,79,87,105,121,131,146,174,185,190,217,233,222,188,171,146,125,103,86,81,72,73,64,61,54,62,61,56,48,47,46,41,36,30,21,18,13,8,2,0,0,,6109
612,Hounslow East,Nov-16,,0,0,0,0,0,0,0,0,0,0,0,0,1,1,5,6,11,18,29,37,49,63,72,73,74,77,72,62,50,43,38,32,29,31,32,30,30,31,33,34,35,34,39,46,48,49,52,54,54,58,64,66,68,69,80,89,96,110,127,138,150,176,214,225,222,236,247,233,204,182,160,138,127,101,93,80,84,78,78,68,67,63,61,56,58,56,50,42,39,30,26,17,11,2,0,0,,6113
613,Hounslow West,Nov-16,,0,0,0,0,0,0,0,0,0,0,0,0,2,2,4,5,10,15,21,26,32,36,36,39,42,43,39,35,33,28,27,23,23,22,23,22,22,23,26,28,29,30,34,38,38,39,45,53,60,67,70,67,66,62,68,74,82,89,100,122,130,144,165,187,190,198,209,198,176,153,144,126,112,93,88,71,73,69,72,65,75,78,76,65,61,55,49,42,38,25,19,14,10,4,0,0,,5194
614,Hyde Park Corner,Nov-16,,0,0,0,0,0,0,0,0,0,0,0,0,0,0,7,17,28,44,65,82,144,248,322,286,243,244,306,339,326,272,232,203,172,154,157,148,132,127,137,135,124,120,120,119,113,115,124,130,121,116,118,117,113,111,114,108,109,109,113,111,107,110,125,144,143,145,143,125,100,88,74,56,49,43,35,28,23,22,23,23,20,21,22,18,15,14,12,9,6,5,4,0,0,0,0,0,,8647
615,Ickenham,Nov-16,,0,0,0,0,0,0,0,0,0,0,0,0,0,0,0,3,2,2,5,8,11,13,15,23,53,65,49,19,12,9,10,10,10,9,9,9,9,10,10,11,12,14,14,14,15,14,13,15,17,17,18,21,23,26,31,34,33,36,41,52,61,72,74,76,81,85,83,75,67,52,41,33,28,21,21,19,17,15,15,15,15,16,17,17,14,14,11,9,8,7,4,3,2,1,0,0,,1935
616,Kennington,Nov-16,,0,0,0,0,0,0,0,0,0,0,0,0,0,3,3,7,12,20,31,48,65,83,97,98,89,89,127,147,138,107,104,94,78,62,57,53,47,46,50,51,52,54,58,60,61,61,65,65,66,64,67,67,74,81,88,90,98,114,128,135,148,174,208,244,264,280,280,271,253,227,197,168,156,144,141,135,128,122,123,126,123,121,120,116,104,101,92,78,61,48,27,11,0,0,0,0,,8145
617,Kensal Green,Nov-16,,0,0,0,0,0,0,0,0,0,0,0,0,0,0,2,3,5,5,12,17,25,39,51,49,39,52,68,61,40,34,37,32,25,21,22,24,22,22,22,22,23,24,26,27,29,29,30,30,30,29,34,38,41,44,51,56,56,61,71,83,85,94,110,127,133,134,144,146,132,109,99,89,79,69,68,63,61,51,53,54,49,48,52,53,40,39,39,38,29,21,12,6,0,0,0,0,,3889
618,Kensington (Olympia),Aut-11,,0,0,0,0,0,0,0,0,0,0,0,0,0,0,0,0,0,0,0,0,9,11,13,27,26,17,18,37,22,24,13,29,29,43,30,31,28,31,31,34,0,0,75,63,35,21,23,39,23,7,26,52,36,22,21,35,15,20,10,32,37,50,20,14,23,25,18,24,40,28,21,28,20,19,18,24,7,9,24,25,17,7,16,7,14,18,24,0,0,0,0,0,0,0,0,0,,1635
619,Kentish Town,Nov-16,,0,0,0,0,0,0,0,0,0,0,0,0,0,1,3,10,19,40,62,86,105,151,200,245,276,333,403,429,388,318,273,221,167,125,116,112,106,99,101,99,100,100,112,116,120,115,123,116,111,99,110,114,122,127,143,141,147,158,184,189,207,233,286,322,354,381,396,373,324,286,258,225,192,170,155,139,127,125,120,117,108,108,106,101,93,88,89,84,67,44,24,13,0,0,0,0,,12750
620,Kenton,Nov-16,,0,0,0,0,0,0,0,0,0,0,0,0,0,3,3,8,11,13,11,24,36,44,52,82,124,136,103,65,50,43,32,26,25,25,22,22,25,26,20,18,20,24,22,24,27,33,27,26,26,30,26,27,34,45,43,50,63,71,58,73,100,122,102,132,143,146,109,107,92,73,49,38,38,39,30,26,24,26,17,17,19,23,18,14,11,13,13,10,9,7,4,0,0,0,0,0,,3369
621,Kew Gardens,Nov-16,,0,0,0,0,0,0,0,0,0,0,0,0,0,0,2,1,2,11,23,42,58,84,95,92,83,92,107,109,98,89,86,81,68,62,59,60,57,57,56,57,52,54,55,52,51,53,57,54,55,50,59,60,72,63,66,73,101,124,141,144,148,155,176,202,205,215,213,206,179,165,134,111,98,86,65,58,48,46,48,50,48,46,55,59,58,50,43,37,28,22,12,6,3,0,0,0,,6142
622,Kilburn,Nov-16,,0,0,0,0,0,0,0,0,0,0,0,0,1,1,7,18,38,55,78,105,126,129,127,129,139,148,147,131,109,93,92,93,83,74,77,78,72,71,80,84,81,84,91,91,88,91,97,100,99,101,114,123,132,147,168,187,203,228,248,269,290,340,384,419,427,447,447,431,380,337,302,272,240,227,220,212,196,188,184,182,174,176,181,174,158,149,142,125,112,103,74,30,2,0,0,0,,12852
623,Kilburn Park,Nov-16,,0,0,0,0,0,0,0,0,0,0,0,0,0,2,2,5,7,12,17,33,49,66,75,75,79,82,81,71,66,58,51,48,44,38,36,34,34,34,38,38,39,41,44,44,46,47,51,48,48,48,60,60,59,59,71,76,79,86,97,100,101,116,137,149,159,165,170,155,130,110,101,96,83,80,73,71,68,67,65,63,60,61,63,61,56,53,49,43,36,26,17,10,0,0,0,0,,5072
625,King's Cross St. Pancras,Nov-16,,0,0,0,0,0,0,0,0,0,0,0,0,13,38,137,289,408,554,840,1172,1506,1778,2119,2327,2491,2795,3271,3553,3534,3309,3017,2505,2038,1701,1648,1554,1441,1372,1404,1406,1383,1407,1479,1514,1534,1602,1671,1688,1635,1642,1696,1740,1807,1941,2120,2242,2477,2747,2919,3059,3337,3815,4021,4059,3927,3761,3365,2919,2457,2081,1775,1530,1288,1151,1081,1026,987,931,912,887,894,979,1074,1040,877,714,606,490,384,276,193,94,15,0,0,0,,139469
624,Kingsbury,Nov-16,,0,0,0,0,0,0,0,0,0,0,0,0,0,1,1,8,14,19,22,29,33,40,77,153,192,160,97,70,57,54,49,46,43,43,45,48,48,49,50,50,48,50,52,55,57,60,61,59,61,70,84,87,89,93,110,123,133,147,195,226,249,273,353,376,403,411,416,354,272,192,158,140,117,91,92,77,73,62,63,55,60,53,51,43,39,34,33,32,25,21,15,11,6,0,0,0,,8008
626,Knightsbridge,Nov-16,,0,0,0,0,0,0,0,0,0,0,0,0,0,0,10,30,51,82,126,160,216,275,683,606,516,538,694,774,733,685,690,644,557,523,555,568,532,532,543,570,580,587,539,476,412,405,412,413,387,402,428,435,414,404,409,423,420,413,420,434,411,381,403,440,444,425,413,370,311,255,215,195,88,80,64,58,51,43,38,34,32,36,39,34,24,20,18,14,11,7,4,1,0,0,0,0,,25665
627,Ladbroke Grove,Nov-16,,0,0,0,0,0,0,0,0,0,0,0,0,0,0,2,6,12,22,31,43,67,104,149,162,174,204,266,278,240,197,191,177,132,101,94,94,82,79,81,82,77,73,83,87,88,87,95,93,86,84,94,99,104,110,113,107,116,134,145,141,138,145,174,192,207,214,216,200,180,161,141,120,105,94,90,76,74,74,70,62,58,60,57,51,47,44,43,34,27,20,14,7,2,0,0,0,,8283
628,Lambeth North,Nov-15,,0,0,0,0,0,0,0,0,0,0,0,0,0,0,0,0,0,0,0,0,0,0,0,0,0,0,0,0,0,0,0,0,0,0,0,0,0,0,0,0,0,0,0,0,0,0,0,0,0,0,0,0,0,0,0,0,0,0,0,0,0,0,0,0,0,0,0,0,0,0,0,0,0,0,0,0,0,0,0,0,0,0,0,0,0,0,0,0,0,0,0,0,0,0,0,0,,0
629,Lancaster Gate,Nov-16,,0,0,0,0,0,0,0,0,0,0,0,0,0,0,0,10,24,43,53,63,90,153,214,209,168,175,210,207,159,138,134,117,84,74,78,80,70,70,75,73,69,75,85,87,84,92,101,102,100,106,121,124,127,131,144,147,164,184,201,214,249,295,329,335,333,328,315,288,248,209,185,168,148,135,127,120,114,110,106,105,107,119,130,123,104,98,95,74,48,31,18,6,0,0,0,0,,10429
630,Latimer Road,Nov-16,,0,0,0,0,0,0,0,0,0,0,0,0,0,0,1,4,7,10,16,23,33,51,76,93,115,144,205,238,223,167,125,92,62,49,42,41,36,35,34,33,32,32,35,35,34,35,40,40,37,38,43,41,44,47,51,51,55,64,70,72,66,70,91,97,92,86,101,100,88,70,66,60,48,37,38,36,30,25,24,23,23,22,20,19,20,21,18,15,12,9,5,3,2,0,0,0,,4288
631,Leicester Square,Nov-16,,0,0,0,0,0,0,0,0,0,0,0,0,0,0,24,53,74,96,176,247,285,318,446,558,679,810,1071,1273,1309,1157,1036,909,767,663,710,716,672,636,693,722,740,746,781,774,746,725,738,725,667,617,606,607,594,594,638,660,650,675,778,848,891,988,1180,1326,1406,1418,1411,1364,1174,907,667,547,450,402,373,345,305,282,270,270,261,251,237,213,185,164,144,121,99,78,47,18,3,0,0,0,,47806
632,Leyton,Nov-16,,0,0,0,0,0,0,0,0,0,0,0,0,1,3,7,18,43,59,71,84,115,149,175,183,166,158,148,138,123,119,116,107,99,95,95,97,100,105,109,111,116,127,141,146,150,154,162,166,168,182,211,225,230,252,291,331,375,449,527,595,666,772,857,901,907,904,846,761,657,591,527,460,381,348,343,335,307,287,275,261,245,237,243,245,228,240,241,225,174,150,112,59,14,0,0,0,,21591
633,Leytonstone,Nov-16,,0,0,0,0,0,0,0,0,0,0,0,0,2,4,5,11,20,38,56,70,86,120,160,183,193,234,253,220,157,128,122,125,119,99,83,83,91,98,99,95,94,98,108,118,126,130,141,146,142,144,168,195,195,211,243,272,276,328,392,448,482,547,610,636,643,655,694,646,554,448,413,362,310,271,265,257,235,220,206,201,192,196,190,183,172,166,165,138,115,91,82,46,15,0,0,0,,17335
634,Liverpool Street,Nov-16,,0,0,0,0,0,0,0,0,0,0,0,0,6,5,25,57,92,132,223,341,1444,1710,2143,2749,3242,4007,4591,4882,4416,3586,2649,1906,1441,1168,1157,1120,1025,932,991,1025,1037,1042,1118,1104,1089,1105,1178,1155,1124,1123,1205,1223,1308,1401,1538,1607,1847,2120,2338,2476,2752,3051,3354,3557,3605,3431,3063,2537,1984,1637,1405,1207,1056,973,902,821,176,171,169,174,189,201,202,187,162,140,113,83,58,42,24,8,0,0,0,0,,112637
635,London Bridge,Nov-16,,0,0,0,0,0,0,0,0,0,0,0,0,0,27,87,167,237,385,613,843,1036,1275,1723,2169,2724,3197,4003,4642,4796,4008,3105,2309,1750,1354,1283,1225,1104,988,1031,1066,1087,1090,1156,1154,1139,1146,1201,1160,1080,1032,1063,1054,1070,1102,1176,1212,1348,1502,1727,1835,2082,2327,2620,2669,2645,2524,2359,2021,1678,1394,1221,1017,879,780,734,666,620,598,583,561,566,566,549,523,506,475,425,335,234,145,82,31,8,0,0,0,,105904
636,Loughton,Nov-16,,0,0,0,0,0,0,0,0,0,0,0,0,0,1,1,2,7,12,13,17,21,33,40,61,99,115,102,73,57,38,33,32,28,25,24,27,27,27,28,29,28,30,33,36,35,37,36,42,42,45,47,56,54,61,68,82,87,109,131,148,157,180,217,240,262,264,256,238,213,167,131,119,109,85,68,63,60,54,51,54,51,46,44,52,47,47,37,39,26,24,15,14,5,2,0,0,,5616
637,Maida Vale,Nov-16,,0,0,0,0,0,0,0,0,0,0,0,0,1,1,1,3,4,9,14,28,51,94,127,121,93,79,77,68,54,45,43,43,40,35,35,35,35,33,33,32,32,33,37,38,38,41,44,43,41,41,45,47,45,49,57,62,60,66,75,78,84,102,126,141,155,171,192,192,175,151,135,119,102,92,81,77,73,72,68,65,64,62,61,59,53,44,37,30,25,17,11,5,0,0,0,0,,5047
638,Manor House,Nov-16,,0,0,0,0,0,0,0,0,0,0,0,0,0,3,4,5,12,19,33,51,91,125,146,132,127,128,136,117,96,83,78,65,60,61,61,59,60,63,68,72,71,79,85,86,87,96,101,98,100,112,136,140,147,153,161,167,188,214,243,274,315,341,381,411,444,484,509,479,417,378,340,297,268,258,250,237,220,218,224,220,200,208,221,213,191,192,186,170,145,123,87,45,12,0,0,0,,13377
639,Mansion House,Nov-16,,0,0,0,0,0,0,0,0,0,0,0,0,0,0,17,21,32,57,113,163,218,286,424,564,704,775,902,963,860,583,374,262,195,154,144,131,113,100,109,112,116,112,109,101,95,91,94,91,83,80,82,79,74,73,73,69,69,70,71,68,68,76,90,101,99,95,85,68,47,35,27,22,18,14,13,11,11,9,8,11,12,11,9,9,8,7,6,5,3,2,2,1,0,0,0,0,,11059
640,Marble Arch,Nov-16,,0,0,0,0,0,0,0,0,0,0,0,0,0,0,2,32,70,110,158,201,257,340,465,510,524,548,672,733,680,552,478,419,341,303,312,316,291,277,285,291,288,286,293,281,255,257,277,279,267,264,273,265,258,270,291,287,274,284,298,299,305,321,348,360,373,377,368,326,274,226,202,179,152,130,121,112,100,100,99,91,88,94,96,80,66,57,50,39,29,21,11,4,0,0,0,0,,19912
641,Marylebone,Nov-16,,0,0,0,0,0,0,0,0,0,0,0,0,0,0,6,21,37,46,88,142,188,228,296,360,428,475,529,558,530,425,325,252,202,172,172,162,155,141,141,137,146,153,162,165,170,183,198,200,196,205,225,231,252,277,305,330,383,446,490,509,535,646,739,755,681,645,599,523,432,363,318,275,249,230,213,193,179,176,178,173,186,199,212,186,155,121,105,72,38,12,7,3,0,0,0,0,,20840
642,Mile End,Nov-16,,0,0,0,0,0,0,0,0,0,0,0,0,6,17,22,26,39,55,80,108,160,233,289,297,294,362,501,552,473,377,434,439,353,261,310,330,274,219,260,282,251,222,258,277,251,239,273,276,235,215,250,261,259,261,283,286,305,341,379,387,411,460,534,590,621,653,688,651,551,476,441,397,356,336,316,305,292,285,269,259,249,248,249,245,227,226,219,197,157,123,94,52,22,0,0,0,,23761
643,Mill Hill East,Aut-14,,0,0,0,0,0,0,0,0,0,0,0,0,0,0,1,2,3,1,4,31,36,64,64,76,40,37,26,42,34,27,14,16,14,15,15,18,18,13,9,12,15,16,15,18,15,13,13,15,14,14,18,8,20,27,36,25,30,52,70,59,53,36,47,50,68,87,101,62,15,24,39,33,28,28,28,25,20,21,17,12,7,17,19,20,18,15,12,14,15,11,5,1,0,0,0,0,,2073
646,Moor Park,Nov-16,,0,0,0,0,0,0,0,0,0,0,0,0,0,0,0,1,2,2,4,11,19,23,39,87,111,83,40,25,21,13,9,7,6,5,5,5,5,4,4,4,5,5,6,6,6,7,8,9,8,8,8,9,9,17,32,39,31,27,28,30,30,34,39,45,50,44,42,43,48,42,36,30,24,19,16,13,11,10,10,11,11,11,10,11,10,8,7,5,4,2,2,1,1,0,0,0,,1513
645,Moorgate,Nov-13,,0,0,0,0,0,0,0,0,0,0,0,2,37,59,114,175,258,401,658,920,1186,1570,2221,2939,3456,3890,4425,4684,4118,3015,2102,1478,1018,735,675,619,524,472,492,507,492,444,449,444,432,397,400,400,362,325,321,322,285,274,285,301,300,311,321,334,366,428,517,571,567,527,485,397,290,206,137,110,91,71,63,60,55,51,47,48,47,48,52,53,47,40,34,24,16,15,11,7,0,0,0,0,,55430
647,Morden,Nov-16,,0,0,0,0,0,0,0,0,0,0,0,0,4,3,3,0,16,51,69,80,102,138,156,157,156,159,179,167,141,109,106,94,83,72,77,79,82,78,81,83,83,87,92,101,110,116,123,125,132,139,156,161,163,171,201,230,251,296,370,424,456,486,568,601,652,634,609,518,471,407,352,287,259,232,210,192,185,186,174,165,150,148,163,175,169,157,146,139,114,93,69,52,27,6,0,0,,15308
648,Mornington Crescent,Nov-16,,0,0,0,0,0,0,0,0,0,0,0,0,0,0,2,7,12,25,45,68,89,106,129,164,223,312,428,505,470,366,262,187,120,84,72,67,58,51,50,47,45,46,53,59,61,58,58,58,52,46,48,49,48,47,50,50,50,50,59,64,65,73,93,104,113,113,117,115,114,94,80,71,62,53,48,41,33,29,29,29,28,29,30,30,28,26,25,21,17,13,8,5,0,0,0,0,,6736
649,Neasden,Nov-16,,0,0,0,0,0,0,0,0,0,0,0,0,0,1,3,7,12,18,27,35,42,52,67,76,82,88,97,92,77,62,55,48,39,32,32,32,32,32,34,35,34,36,38,40,43,45,48,47,47,50,57,62,63,72,81,98,108,119,140,154,155,174,209,224,216,210,205,185,148,112,96,89,78,74,70,65,58,56,56,50,48,45,46,43,41,39,39,39,42,38,30,16,6,0,0,0,,5593
650,Newbury Park,Nov-16,,0,0,0,0,0,0,0,0,0,0,0,0,0,0,1,1,3,13,20,27,26,40,57,88,102,96,76,62,52,41,37,33,27,24,27,29,27,28,31,34,36,40,40,44,45,47,52,59,62,62,68,82,89,100,113,137,156,180,206,221,255,278,315,335,362,354,354,342,283,220,184,180,149,127,116,114,105,93,88,79,75,66,65,69,70,58,51,51,44,29,23,15,9,0,0,0,,7799
653,North Acton,Nov-16,,0,0,0,0,0,0,0,0,0,0,0,0,0,5,14,11,36,75,111,122,148,189,233,276,297,374,462,487,382,269,191,151,114,89,78,68,63,62,64,58,56,68,81,79,73,77,92,90,79,77,83,80,73,86,101,110,113,140,165,176,170,197,224,227,226,242,251,225,192,166,152,143,125,120,116,105,95,103,105,98,90,87,84,79,75,62,64,58,56,42,33,17,5,0,0,0,,10362
654,North Ealing,Nov-16,,0,0,0,0,0,0,0,0,0,0,0,0,0,0,0,2,2,2,4,6,8,14,25,33,52,77,74,40,13,10,10,9,7,6,6,7,6,6,6,6,5,6,7,9,8,9,8,9,9,11,12,12,12,14,17,18,18,22,26,30,31,33,33,37,41,48,50,41,35,31,29,22,20,20,18,14,12,13,13,13,14,13,15,14,13,10,10,9,7,5,2,1,1,0,0,0,,1361
789,North Greenwich,Nov-16,,0,0,0,0,0,0,0,0,0,0,0,0,9,34,54,71,95,152,254,374,491,571,588,501,413,401,449,471,451,441,472,453,373,309,320,331,348,368,393,353,315,304,326,321,323,334,345,340,329,344,377,392,394,423,486,535,594,699,846,934,997,1172,1382,1440,1438,1482,1513,1380,1175,1001,854,736,608,554,500,448,389,368,356,332,319,321,314,304,293,282,265,235,193,144,108,64,28,1,0,0,,39497
656,North Harrow,Nov-16,,0,0,0,0,0,0,0,0,0,0,0,0,0,0,0,4,3,4,6,7,11,18,25,27,26,27,28,25,20,14,12,11,11,11,13,14,13,12,14,14,14,14,16,18,18,19,21,24,24,21,27,30,34,35,48,60,76,83,89,86,95,104,123,137,161,162,157,142,137,114,96,74,56,43,41,38,34,33,33,31,30,33,41,41,34,22,18,17,14,11,7,5,1,0,0,0,,3212
659,North Wembley,Nov-16,,0,0,0,0,0,0,0,0,0,0,0,0,0,0,3,3,4,8,12,23,32,45,50,58,59,53,38,28,27,26,21,17,16,17,13,13,15,17,15,15,15,17,16,18,17,20,19,22,22,25,24,25,24,35,44,51,55,63,60,55,70,89,94,90,106,107,97,89,91,77,58,52,51,46,35,32,31,30,27,23,21,20,20,20,20,17,15,15,15,10,4,0,0,0,0,0,,2727
655,Northfields,Nov-16,,0,0,0,0,0,0,0,0,0,0,0,0,0,2,3,4,7,12,19,27,40,57,76,87,108,125,121,94,66,45,36,32,26,23,24,24,23,23,23,23,24,28,33,34,36,35,38,43,46,47,52,57,62,73,81,87,91,101,117,127,141,175,195,195,196,218,212,212,204,190,155,132,114,103,89,87,84,87,86,86,74,75,79,82,77,75,65,62,46,36,25,21,12,0,0,0,,6052
657,Northolt,Nov-16,,0,0,0,0,0,0,0,0,0,0,0,0,1,1,1,3,16,18,24,30,46,52,69,80,96,90,76,51,42,35,35,33,31,30,30,29,30,30,31,34,38,42,41,45,46,52,56,67,71,76,75,84,87,102,100,128,155,193,200,236,265,298,314,343,349,360,352,329,282,239,194,159,146,133,120,109,98,94,90,91,80,78,69,64,63,60,60,53,49,34,24,15,15,0,0,0,,7967
660,Northwick Park,Nov-16,,0,0,0,0,0,0,0,0,0,0,0,0,1,1,1,5,9,15,27,49,67,83,110,138,165,184,231,222,174,129,147,158,138,114,107,113,101,78,66,64,61,61,70,78,78,83,97,103,89,77,71,73,70,72,82,96,104,109,125,141,155,174,209,232,240,251,253,237,193,159,135,115,89,74,74,69,66,64,63,56,54,48,46,45,45,44,44,40,33,27,20,12,6,0,0,0,,7809
661,Northwood,Nov-16,,0,0,0,0,0,0,0,0,0,0,0,0,0,0,1,2,6,9,16,20,30,45,59,119,166,153,81,46,38,31,26,22,19,18,19,20,19,21,22,22,22,25,25,26,27,30,32,33,34,35,40,44,45,54,76,87,85,73,85,86,99,95,113,128,142,145,140,139,128,109,92,85,74,56,49,45,37,36,34,35,38,40,36,32,30,25,22,20,18,14,9,5,2,0,0,0,,4066
662,Northwood Hills,Nov-16,,0,0,0,0,0,0,0,0,0,0,0,0,0,0,0,4,5,6,9,11,15,21,32,58,76,70,42,23,17,16,16,16,19,20,20,18,15,14,14,13,14,17,20,20,21,21,24,25,26,27,32,35,33,31,54,74,79,59,70,83,101,93,101,105,126,129,127,119,106,86,67,62,46,40,40,38,32,30,29,28,28,27,24,24,23,21,17,16,15,12,9,4,1,0,0,0,,3061
663,Notting Hill Gate,Nov-16,,0,0,0,0,0,0,0,0,0,0,0,0,2,1,8,25,56,89,134,207,388,644,763,648,488,473,557,584,541,491,495,463,379,318,312,318,283,264,266,273,261,258,274,285,274,271,277,274,254,254,278,288,282,279,296,289,290,315,341,353,344,388,435,499,526,584,592,567,495,445,376,329,286,255,226,207,198,181,173,164,160,158,153,137,126,122,123,109,91,67,44,19,3,0,0,0,,23745
664,Oakwood,Nov-16,,0,0,0,0,0,0,0,0,0,0,0,0,0,0,0,0,2,7,11,16,16,20,25,38,51,54,50,50,61,67,64,54,43,36,39,43,42,40,37,36,35,35,38,41,40,38,40,42,42,43,45,49,52,53,63,67,69,68,79,91,97,106,113,123,123,131,145,144,126,101,93,81,74,60,58,56,53,48,44,47,52,56,56,57,56,47,40,35,28,21,18,13,7,3,0,0,,4244
665,Old Street,Nov-16,,0,0,0,0,0,0,0,0,0,0,0,0,0,0,12,36,55,87,188,317,458,617,822,986,1194,1429,1809,2101,2201,1974,1652,1288,963,714,584,506,430,381,386,381,379,391,420,419,408,410,424,404,375,355,376,354,338,330,363,370,378,392,419,440,455,517,601,701,742,778,799,763,662,569,506,431,358,318,297,277,252,235,230,220,216,220,223,215,197,178,165,136,102,67,35,9,0,0,0,0,,40790
667,Osterley,Nov-16,,0,0,0,0,0,0,0,0,0,0,0,0,0,0,1,1,6,13,20,20,21,27,37,42,50,66,81,79,62,46,36,28,20,18,16,15,15,17,16,16,16,18,19,21,22,22,22,26,27,28,30,33,32,34,40,45,47,57,70,81,93,107,113,122,130,150,148,143,126,116,97,80,70,59,53,51,48,44,41,43,39,40,37,37,37,35,30,25,21,14,13,9,6,1,0,0,,3637
668,Oval,Nov-16,,0,0,0,0,0,0,0,0,0,0,0,0,0,2,3,10,19,29,40,55,80,117,156,178,181,188,243,287,278,223,187,155,116,88,78,77,74,69,70,69,70,71,76,78,80,82,89,89,85,83,91,94,97,100,108,108,116,131,150,157,164,186,230,264,280,290,296,277,244,218,193,174,158,151,143,140,134,132,127,120,117,119,114,113,108,105,91,79,65,51,29,12,0,0,0,0,,9951
669,Oxford Circus,Nov-16,,0,0,0,0,0,0,0,0,0,0,0,0,0,7,116,231,304,421,743,959,1112,1392,2042,2629,3182,3790,4900,5818,5948,5241,4447,3637,2849,2370,2335,2282,2085,1929,2024,2032,1977,1931,2037,1986,1903,1822,1876,1789,1672,1550,1590,1586,1549,1539,1616,1610,1575,1611,1701,1683,1694,1833,2111,2287,2301,2206,2028,1715,1351,1056,853,677,547,447,388,323,263,224,206,182,163,156,155,138,115,98,90,78,58,57,47,30,0,0,0,0,,123305
670,Paddington,Nov-16,,0,0,0,0,0,0,0,0,0,0,0,0,7,7,43,100,182,281,460,625,821,1040,1340,1557,1685,1765,1920,2004,1918,1628,1323,1058,852,744,727,733,675,662,656,665,649,674,716,760,768,806,842,843,806,860,919,944,958,1085,1211,1295,1338,1491,1629,1767,1936,2107,2236,2292,2330,2218,2046,1777,1480,1229,1057,922,809,728,644,600,578,562,508,484,488,549,568,538,463,420,376,309,208,119,58,19,2,0,0,0,,76499
671,Park Royal,Nov-16,,0,0,0,0,0,0,0,0,0,0,0,0,0,1,10,15,22,29,46,63,72,92,122,135,141,156,166,153,123,95,67,56,42,33,31,26,23,22,25,23,21,21,24,25,25,27,27,25,25,23,26,25,24,26,33,36,38,41,43,46,47,64,72,78,67,69,66,60,49,41,40,36,31,25,20,18,18,18,17,17,15,12,12,12,12,11,10,9,6,4,3,1,1,0,0,0,,3331
672,Parsons Green,Nov-16,,0,0,0,0,0,0,0,0,0,0,0,0,0,1,1,4,9,17,36,60,88,172,273,307,298,316,344,307,237,177,154,137,109,91,82,75,67,67,68,67,65,69,74,84,84,92,93,96,84,84,92,102,102,102,111,117,126,134,157,167,182,204,235,292,334,385,414,406,347,291,252,208,180,154,132,119,109,104,101,99,88,86,83,77,68,61,50,43,37,27,13,6,2,0,0,0,,10788
673,Perivale,Nov-16,,0,0,0,0,0,0,0,0,0,0,0,0,0,0,4,4,13,22,27,32,37,44,48,50,46,50,63,58,46,32,31,26,22,18,18,17,17,18,20,19,20,22,26,25,26,28,33,33,32,32,40,42,39,41,54,66,74,84,96,99,120,130,161,162,170,157,159,131,116,99,85,69,62,49,48,48,41,33,36,36,32,30,29,29,24,21,20,22,17,15,10,7,3,0,0,0,,3865
674,Piccadilly Circus,Nov-16,,0,0,0,0,0,0,0,0,0,0,0,0,0,0,20,54,89,133,234,313,404,521,731,881,999,1185,1640,2046,2096,1798,1500,1216,978,836,863,864,802,754,794,840,851,844,864,864,823,774,792,803,756,709,728,735,713,695,745,765,755,762,843,896,912,984,1140,1300,1366,1416,1436,1392,1173,915,697,568,477,413,360,317,279,255,238,221,208,212,216,204,180,166,155,138,102,67,32,10,0,0,0,0,,55857
776,Pimlico,Nov-16,,0,0,0,0,0,0,0,0,0,0,0,0,0,2,8,17,25,44,71,108,149,252,393,544,630,658,718,757,739,625,553,447,341,261,243,228,197,172,166,168,165,164,169,171,168,179,194,193,175,169,177,180,179,179,186,192,196,198,206,211,210,232,272,304,316,322,324,309,281,249,227,211,192,182,167,153,144,150,149,142,141,145,145,133,116,98,86,73,56,37,18,4,0,0,0,0,,17755
675,Pinner,Nov-16,,0,0,0,0,0,0,0,0,0,0,0,0,0,0,2,4,5,4,7,13,20,23,26,30,37,41,44,39,31,23,23,21,19,17,18,19,18,20,23,25,24,25,27,28,29,31,36,38,38,36,42,49,55,47,103,136,159,149,151,131,138,159,197,236,246,258,255,269,237,201,153,132,106,83,67,54,51,51,52,48,50,51,46,44,43,37,28,25,24,17,11,5,3,0,0,0,,5263
676,Plaistow,Nov-16,,0,0,0,0,0,0,0,0,0,0,0,0,5,7,10,10,16,22,30,37,46,66,90,109,116,132,139,118,87,72,70,63,59,53,48,45,46,47,51,51,52,55,59,61,60,66,68,69,67,76,97,111,112,112,127,142,158,187,223,248,264,278,308,323,309,291,298,287,241,195,176,158,138,126,123,118,108,99,94,90,88,87,91,84,75,73,76,74,65,53,39,23,10,0,0,0,,8657
677,Preston Road,Nov-16,,0,0,0,0,0,0,0,0,0,0,0,0,0,0,1,6,10,13,13,16,17,24,35,44,46,50,48,37,24,21,23,26,25,22,21,22,23,24,25,27,27,30,32,37,38,41,41,43,42,49,59,69,67,67,71,87,98,117,138,148,149,171,210,225,232,237,241,216,175,144,126,107,81,76,74,66,58,54,51,48,48,41,41,38,37,33,37,35,32,25,18,10,4,0,0,0,,5084
678,Putney Bridge,Nov-16,,0,0,0,0,0,0,0,0,0,0,0,0,1,1,1,3,6,11,25,38,64,105,154,170,176,198,274,300,263,180,139,103,84,69,62,57,58,62,64,62,61,61,69,68,72,75,80,71,74,79,82,80,88,89,101,105,120,128,152,147,154,160,198,234,267,282,307,291,250,200,173,145,132,113,107,93,89,82,91,82,78,74,82,74,70,55,55,44,38,27,19,9,4,1,0,0,,8612
680,Queen's Park,Nov-16,,0,0,0,0,0,0,0,0,0,0,0,0,0,1,3,7,11,12,18,21,34,58,94,106,106,114,137,137,125,109,104,88,72,55,58,58,56,49,53,55,55,53,58,60,64,63,66,67,72,71,77,81,87,86,95,104,124,137,151,150,162,184,226,257,283,298,320,307,276,227,201,179,175,155,143,129,126,118,115,110,104,107,105,100,90,86,76,67,53,43,30,23,0,0,0,0,,8337
679,Queensbury,Nov-16,,0,0,0,0,0,0,0,0,0,0,0,0,0,0,0,5,10,17,17,21,32,41,42,36,39,47,53,44,33,28,26,23,22,24,26,28,25,28,29,33,31,35,38,41,40,43,47,48,47,48,57,62,69,72,85,101,126,152,186,216,273,300,370,408,448,444,456,428,343,251,177,147,113,94,90,89,78,70,64,63,62,58,51,46,42,38,35,30,24,18,15,10,7,0,0,0,,7415
681,Queensway,Nov-16,,0,0,0,0,0,0,0,0,0,0,0,0,0,0,0,5,22,43,61,72,93,125,163,156,139,152,197,193,165,157,173,161,125,108,118,124,110,100,108,116,117,115,127,132,130,127,136,143,138,145,162,169,164,166,177,177,184,197,215,225,229,251,278,303,324,353,361,337,301,272,251,230,207,187,182,175,170,159,158,155,156,177,193,180,148,130,126,111,89,62,38,18,5,2,0,0,,12450
682,Ravenscourt Park,Nov-16,,0,0,0,0,0,0,0,0,0,0,0,0,0,0,3,5,7,9,18,25,38,61,113,204,280,262,212,171,152,123,119,102,73,50,40,37,34,31,33,32,29,30,35,38,35,38,41,40,38,38,42,45,51,57,55,56,59,72,74,75,68,81,101,116,116,120,122,118,102,88,75,71,61,51,47,45,43,43,43,42,40,40,42,41,35,30,29,26,17,10,7,7,0,0,0,0,,5059
683,Rayners Lane,Nov-16,,0,0,0,0,0,0,0,0,0,0,0,0,0,0,5,5,8,9,15,20,32,54,71,73,71,77,100,102,89,65,56,47,40,35,33,37,37,40,45,47,43,43,50,54,55,56,60,62,63,68,75,81,85,96,105,111,122,146,165,187,208,234,263,285,299,327,327,304,243,206,164,147,118,95,84,75,76,68,67,60,62,58,55,51,53,59,63,62,58,58,57,45,24,8,0,0,,7303
684,Redbridge,Nov-16,,0,0,0,0,0,0,0,0,0,0,0,0,1,2,2,2,16,23,27,18,16,14,19,22,22,22,22,20,19,18,16,14,15,16,15,16,17,19,21,22,22,24,28,28,29,29,33,33,35,39,47,51,51,58,75,85,85,102,116,128,135,157,173,183,198,197,195,178,161,136,123,105,88,78,77,67,60,57,53,49,48,49,44,45,46,42,36,33,27,19,15,10,4,0,0,0,,4442
685,Regent's Park,Nov-16,,0,0,0,0,0,0,0,0,0,0,0,0,0,0,0,4,6,14,29,45,78,120,153,172,195,231,281,315,297,247,210,178,144,122,120,110,97,89,94,89,82,77,80,82,84,82,83,82,79,72,74,73,68,63,66,64,61,61,64,61,59,60,69,70,68,66,63,53,43,39,36,28,20,16,15,14,14,14,13,13,15,18,18,14,11,9,8,7,5,4,2,0,0,0,0,0,,5782
686,Richmond,Aut-14,,0,0,0,0,0,0,0,0,0,0,0,0,0,0,1,5,16,30,53,71,71,220,224,247,123,220,214,211,114,144,158,120,89,104,73,44,87,107,121,103,113,52,37,76,117,90,121,92,116,93,187,165,195,140,198,179,293,205,193,195,409,418,442,352,354,324,417,248,204,185,307,251,152,83,104,137,117,109,139,122,94,85,148,142,110,94,92,56,59,67,62,47,34,0,0,0,,11791
687,Rickmansworth,Nov-16,,0,0,0,0,0,0,0,0,0,0,0,0,0,0,0,4,6,8,7,17,27,31,67,135,242,230,164,70,58,33,37,27,25,16,16,15,15,12,14,16,19,18,20,18,22,20,23,24,27,23,28,30,31,26,46,62,68,63,68,77,88,94,92,129,144,169,158,159,133,124,101,82,70,55,44,39,37,31,36,30,38,30,37,30,36,25,28,19,23,14,11,4,4,2,0,0,,4121
688,Roding Valley,Aut-16,,0,0,0,0,0,0,0,0,0,0,0,0,0,0,0,0,0,1,2,2,3,2,2,1,2,3,5,2,2,3,3,0,3,5,5,0,0,2,3,5,4,3,7,4,3,4,8,0,0,2,6,0,38,58,50,5,7,29,29,9,9,50,47,35,31,42,14,11,17,19,6,1,0,6,13,10,6,5,7,6,7,7,6,3,3,4,7,5,2,0,0,0,0,0,0,0,,701
690,Royal Oak,Nov-16,,0,0,0,0,0,0,0,0,0,0,0,0,0,1,2,6,9,14,20,28,41,60,81,84,81,92,112,118,100,83,66,57,43,37,34,34,30,32,35,36,33,32,34,38,39,38,37,38,37,39,42,44,41,44,50,55,53,63,67,69,66,80,97,111,119,124,129,123,114,97,88,78,68,57,50,45,41,41,38,35,34,32,29,27,27,24,19,16,15,12,8,3,1,0,0,0,,4077
691,Ruislip,Nov-16,,0,0,0,0,0,0,0,0,0,0,0,0,0,0,0,3,4,7,12,16,19,25,29,29,29,31,32,29,24,20,20,21,21,21,23,27,28,27,29,31,30,29,31,33,36,34,34,35,42,45,48,49,51,53,56,63,78,84,83,83,93,106,110,115,120,118,109,100,93,72,61,53,48,36,30,27,26,22,20,22,22,23,20,22,17,16,10,12,11,9,4,4,3,2,0,0,,3110
692,Ruislip Gardens,Nov-16,,0,0,0,0,0,0,0,0,0,0,0,0,0,0,0,1,2,3,7,11,12,14,22,25,23,17,14,10,9,8,6,6,6,6,5,5,5,6,6,7,6,7,7,8,7,9,10,12,12,13,15,17,15,15,20,24,31,37,45,44,48,51,60,70,72,84,82,73,50,44,36,31,28,26,26,22,19,15,18,20,21,18,15,15,14,14,9,10,7,5,3,3,2,0,0,0,,1601
693,Ruislip Manor,Nov-16,,0,0,0,0,0,0,0,0,0,0,0,0,0,1,1,2,3,5,7,11,17,22,31,45,85,96,70,30,21,18,16,16,15,13,14,15,16,16,19,22,23,23,23,22,25,27,30,27,31,33,38,37,40,42,51,60,77,81,81,83,91,111,124,142,138,132,122,120,106,77,61,54,47,36,30,29,29,25,24,26,26,25,22,24,22,21,15,15,11,8,5,5,3,1,0,0,,3208
694,Russell Square,Nov-16,,0,0,0,0,0,0,0,0,0,0,0,0,0,3,12,23,34,44,68,103,179,265,330,332,336,393,524,636,660,589,521,483,441,386,378,378,321,251,237,247,244,245,273,291,278,264,274,278,250,237,242,252,237,222,226,235,227,227,250,276,271,295,335,350,326,304,280,238,212,200,178,150,126,121,118,121,116,114,110,112,124,151,159,136,108,97,96,86,67,40,18,6,0,0,0,0,,18367
698,Seven Sisters,Nov-16,,0,0,0,0,0,0,0,0,0,0,0,0,2,3,11,25,42,64,95,116,136,185,234,246,249,282,318,304,271,237,218,192,172,162,160,152,147,150,158,160,172,185,200,208,213,213,220,223,224,249,270,299,330,363,374,402,463,530,602,680,750,857,959,1010,977,978,953,876,750,660,577,497,439,420,412,382,354,359,363,338,323,339,354,324,299,296,301,280,251,217,163,79,18,0,0,0,,27066
700,Shepherd's Bush (Cen),Nov-16,,0,0,0,0,0,0,0,0,0,0,0,0,0,1,8,39,85,161,287,367,407,438,513,522,502,494,573,594,596,576,577,473,357,297,305,312,301,304,324,327,314,312,328,354,358,363,365,364,349,344,348,348,348,361,384,405,426,481,540,590,607,724,834,916,978,1049,1013,906,792,700,604,528,444,391,349,322,298,289,277,267,238,248,256,248,206,194,187,171,144,117,84,39,11,0,0,0,,31853
775,Shepherd's Bush (H&C),Nov-16,,0,0,0,0,0,0,0,0,0,0,0,0,1,0,2,5,6,10,16,20,20,33,43,50,45,50,57,70,76,73,69,63,55,46,48,48,50,52,52,51,53,58,63,63,69,69,68,64,66,66,68,65,67,72,79,86,92,99,99,114,123,140,157,180,179,185,186,177,150,136,117,98,80,75,73,72,63,55,53,53,52,48,46,43,42,40,36,31,25,17,11,6,4,0,0,0,,5344
702,Sloane Square,Nov-16,,0,0,0,0,0,0,0,0,0,0,0,0,2,0,17,35,55,110,200,293,408,623,810,849,747,693,735,749,702,650,659,593,483,392,401,388,364,340,357,338,330,336,352,328,310,310,325,312,303,291,313,320,332,330,341,330,331,357,391,394,394,437,497,568,627,667,648,609,521,417,323,261,218,192,178,159,139,125,120,117,105,102,103,98,81,69,58,47,35,24,13,3,0,0,0,0,,26584
703,Snaresbrook,Nov-16,,0,0,0,0,0,0,0,0,0,0,0,0,0,0,0,0,3,5,6,9,16,22,37,54,64,58,55,49,50,54,63,52,37,26,19,17,15,16,17,17,20,21,23,24,27,28,31,30,30,28,33,40,49,49,49,51,56,67,78,89,97,110,124,142,153,154,162,165,148,115,98,88,76,65,57,52,48,46,43,40,39,39,37,35,32,31,25,25,19,19,12,7,2,0,0,0,,3889
704,South Ealing,Nov-16,,0,0,0,0,0,0,0,0,0,0,0,0,0,2,4,5,6,10,16,20,28,39,53,55,63,87,118,115,88,67,69,63,48,38,43,42,38,36,39,35,35,38,45,48,48,45,49,53,53,44,51,62,68,68,72,73,78,85,98,104,118,143,159,170,176,191,191,193,174,151,126,110,93,83,74,70,68,64,63,64,61,63,65,64,62,60,54,47,39,32,25,16,9,0,0,0,,5522
707,South Harrow,Nov-16,,0,0,0,0,0,0,0,0,0,0,0,0,0,1,1,4,6,12,16,18,20,27,35,52,64,70,63,55,41,29,26,23,25,22,21,19,21,24,23,25,25,28,26,30,31,32,34,37,42,42,46,46,51,52,62,71,73,75,92,109,124,130,147,161,182,180,165,147,122,99,85,85,66,51,49,48,42,38,38,35,32,30,27,31,32,31,24,25,22,19,12,7,3,2,1,1,,4040
708,South Kensington,Nov-16,,0,0,0,0,0,0,0,0,0,0,0,0,3,0,29,68,100,131,209,324,473,710,920,1030,1222,1467,1768,1785,1709,1480,1481,1361,1192,1024,1084,1061,941,819,818,799,750,720,742,725,681,696,747,732,655,621,643,640,617,622,640,619,582,567,582,590,590,632,737,840,898,962,990,928,780,627,505,407,330,279,244,222,198,190,184,176,170,184,193,180,148,136,126,117,93,63,31,11,0,0,0,0,,49350
709,South Kenton,Aut-15,,0,0,0,0,0,0,0,0,0,0,0,0,0,0,0,1,1,2,3,4,9,12,14,27,63,66,39,12,13,9,9,10,10,7,10,12,13,16,16,12,8,14,14,18,21,19,10,8,19,27,29,38,39,35,31,57,56,40,33,46,68,66,77,88,93,74,64,59,48,39,37,28,23,20,18,20,22,0,0,0,29,34,36,30,26,23,18,14,9,6,3,1,0,0,0,0,,2025
710,South Ruislip,Nov-15,,0,0,0,0,0,0,0,0,0,0,0,0,0,0,0,3,6,7,11,16,20,22,34,39,43,42,45,43,34,23,18,14,12,12,13,11,10,11,12,11,11,14,16,17,15,17,19,18,16,23,28,29,22,28,33,39,38,50,65,71,78,78,96,103,113,105,112,111,97,73,58,50,44,38,36,34,28,29,30,28,24,27,22,24,23,24,18,19,15,13,10,8,5,0,0,0,,2654
711,South Wimbledon,Nov-16,,0,0,0,0,0,0,0,0,0,0,0,0,1,1,1,0,9,30,50,62,85,126,158,159,145,138,153,147,128,96,84,71,57,46,44,46,45,46,48,46,43,45,48,51,49,50,51,54,57,62,67,67,67,65,70,73,83,92,114,130,150,165,201,224,257,264,269,239,216,184,159,129,114,107,95,82,78,80,78,72,66,68,71,71,65,63,57,51,44,36,27,19,9,2,0,0,,7172
712,South Woodford,Nov-14,,0,0,0,0,0,0,0,0,0,0,0,0,0,0,0,5,14,22,26,26,37,58,77,86,84,90,108,103,79,57,57,50,42,36,38,40,43,44,48,54,55,54,56,62,67,65,66,67,75,77,91,104,113,109,115,125,144,180,215,231,242,280,347,407,421,410,410,405,350,283,236,211,182,155,134,125,114,107,106,105,97,80,92,95,89,74,75,62,53,50,39,23,17,0,0,0,,9271
705,Southfields,Nov-15,,0,0,0,0,0,0,0,0,0,0,0,0,0,0,0,3,5,10,16,37,60,100,145,176,175,148,114,76,61,58,58,51,48,45,43,42,42,43,46,52,54,58,60,61,63,66,68,67,70,73,78,82,91,100,131,150,152,156,186,205,195,224,285,339,374,416,429,390,342,305,259,224,189,165,140,138,125,116,117,117,112,114,121,115,95,87,79,77,59,49,39,29,13,2,0,0,,9505
706,Southgate,Nov-16,,0,0,0,0,0,0,0,0,0,0,0,0,1,1,1,0,5,12,15,23,35,64,83,91,81,88,118,147,138,107,83,74,64,58,57,57,56,56,56,57,57,58,67,65,71,75,82,81,81,87,96,115,118,126,131,138,143,154,177,202,225,259,292,330,338,331,350,349,307,238,221,192,159,134,126,116,105,99,95,93,106,104,98,90,89,75,68,61,51,43,34,22,10,3,0,0,,8965
784,Southwark,Nov-16,,0,0,0,0,0,0,0,0,0,0,0,0,0,19,41,68,93,148,253,343,462,593,791,885,998,1127,1433,1670,1683,1402,1076,775,523,367,324,303,266,242,247,240,238,250,273,265,259,264,284,280,261,244,249,247,239,249,276,321,361,390,427,497,582,658,745,754,711,640,571,463,362,296,245,209,177,164,155,144,130,127,125,120,116,122,119,106,93,84,73,57,39,24,15,9,3,0,0,0,,30484
695,St. James's Park,Nov-16,,0,0,0,0,0,0,0,0,0,0,0,0,2,1,16,43,65,101,186,293,403,455,787,955,1124,1240,1531,1783,1840,1634,1414,1100,791,545,464,421,358,301,291,286,280,272,287,285,277,280,307,300,270,247,249,235,207,188,199,202,194,194,205,202,195,207,223,243,253,245,217,184,149,118,66,63,64,69,64,61,58,55,58,58,55,53,52,44,37,34,29,21,16,11,5,1,0,0,0,0,,26318
696,St. John's Wood,Nov-16,,0,0,0,0,0,0,0,0,0,0,0,0,0,1,11,23,44,79,141,200,286,409,506,458,342,290,323,319,268,221,210,185,148,123,126,123,114,115,123,122,119,117,124,121,114,115,127,125,120,122,137,143,142,134,137,135,141,157,176,179,174,192,224,251,265,274,281,274,248,219,211,192,162,132,124,112,106,102,95,90,89,87,84,74,71,65,61,53,41,26,13,6,0,0,0,0,,12393
697,St. Paul's,Nov-16,,0,0,0,0,0,0,0,0,0,0,0,0,0,0,19,71,136,212,330,456,538,663,962,1195,1381,1551,1825,1956,1873,1547,1173,885,685,547,531,500,443,375,388,396,401,391,396,389,383,394,415,400,355,337,341,330,303,291,295,284,259,242,265,267,256,257,294,321,325,323,298,246,192,159,137,104,74,60,56,50,45,42,40,36,37,39,42,34,27,20,21,16,12,8,7,0,0,0,0,0,,30954
713,Stamford Brook,Nov-16,,0,0,0,0,0,0,0,0,0,0,0,0,0,0,2,3,5,5,8,11,23,44,70,75,66,65,92,109,98,75,59,47,34,28,25,26,26,24,24,28,31,30,29,29,29,28,33,35,34,34,37,37,37,39,43,50,55,65,76,84,83,89,112,140,151,152,146,139,128,116,97,85,73,65,58,56,52,50,50,49,45,43,45,43,39,34,33,27,20,14,10,6,2,0,0,0,,4159
714,Stanmore,Nov-16,,0,0,0,0,0,0,0,0,0,0,0,0,1,1,3,9,16,22,28,42,71,86,98,102,102,91,93,89,71,56,49,43,41,37,32,26,26,27,29,30,31,34,36,39,41,40,41,44,44,45,54,64,68,67,75,111,137,129,115,128,152,159,185,218,252,261,256,245,226,194,164,137,118,92,82,74,70,64,62,62,66,69,67,68,71,69,57,46,35,26,17,14,8,3,0,0,,6353
715,Stepney Green,Nov-16,,0,0,0,0,0,0,0,0,0,0,0,0,0,8,17,21,27,36,57,71,86,103,136,156,177,202,237,243,222,189,184,178,152,120,119,118,107,96,109,111,101,89,102,106,101,95,109,111,105,94,103,109,115,119,127,127,129,141,158,160,169,188,217,244,251,256,254,237,207,187,173,149,140,138,133,116,105,102,99,90,83,81,86,83,77,76,80,70,55,39,27,11,4,0,0,0,,9810
716,Stockwell,Nov-16,,0,0,0,0,0,0,0,0,0,0,0,0,1,2,11,21,25,31,46,58,75,105,142,146,141,139,166,167,153,124,122,109,92,78,80,79,78,76,78,77,84,91,102,105,108,111,118,116,116,121,133,138,148,163,177,182,200,235,265,275,315,398,476,546,593,630,629,595,512,458,416,362,306,294,278,256,239,238,234,224,221,229,225,206,189,177,164,142,117,94,68,34,8,0,0,0,,15283
717,Stonebridge Park,Nov-16,,0,0,0,0,0,0,0,0,0,0,0,0,0,0,5,14,26,40,41,34,33,44,60,61,70,85,97,82,62,46,40,32,26,21,21,20,19,19,21,19,17,19,23,23,26,30,33,30,31,31,34,33,40,44,59,70,83,90,102,106,111,121,143,146,138,131,135,123,102,79,68,57,54,48,48,42,39,38,39,34,32,30,30,28,29,26,24,19,18,12,10,11,0,0,0,0,,3927
719,Stratford,Nov-16,,0,0,0,0,0,0,0,0,0,0,0,0,11,32,86,127,178,294,466,583,682,791,962,1063,1135,1242,1448,1467,1327,1199,1225,1220,1130,1089,1081,1117,1037,1073,1106,1180,1176,1229,1266,1290,1264,1298,1310,1311,1211,1229,1232,1256,1235,1379,1489,1553,1612,1836,2018,2172,2319,2633,2942,3131,3035,2950,2825,2526,2002,1619,1402,1212,1005,880,828,737,646,603,585,535,488,496,513,503,481,462,435,387,327,287,235,164,76,26,5,0,,92017
720,Sudbury Hill,Nov-16,,0,0,0,0,0,0,0,0,0,0,0,0,0,2,2,3,4,5,9,13,20,30,42,53,58,56,47,40,29,19,14,15,15,13,12,13,14,15,16,18,17,18,19,21,24,26,28,29,32,32,35,39,42,39,57,79,87,70,71,80,100,119,141,147,147,143,135,125,104,81,61,55,49,45,43,38,33,29,27,23,22,22,19,21,20,19,17,17,14,12,9,6,2,2,0,0,,3269
721,Sudbury Town,Nov-16,,0,0,0,0,0,0,0,0,0,0,0,0,0,0,1,3,6,6,9,13,20,26,32,30,25,22,22,24,23,18,15,15,15,12,13,13,13,12,14,14,13,15,18,20,21,21,24,27,28,25,28,31,32,29,51,68,75,64,75,89,103,112,118,126,129,130,118,104,88,77,65,58,53,47,37,33,36,35,30,23,22,24,24,23,21,23,22,18,12,10,8,6,2,1,1,0,,2909
723,Swiss Cottage,Nov-16,,0,0,0,0,0,0,0,0,0,0,0,0,2,3,10,15,20,24,47,81,131,196,251,259,257,255,260,242,221,192,193,188,157,117,112,107,94,82,90,94,93,93,102,108,106,112,123,125,112,107,120,129,130,128,144,154,164,179,198,203,208,238,275,306,323,351,373,360,306,252,224,199,172,154,139,126,116,116,117,116,112,111,111,104,91,82,74,62,49,35,21,10,0,0,0,0,,11663
724,Temple,Nov-16,,0,0,0,0,0,0,0,0,0,0,0,0,0,1,6,15,22,41,81,125,182,239,325,382,454,533,741,893,901,744,662,554,416,287,298,294,240,188,221,236,212,183,213,218,188,163,198,199,162,130,148,149,127,113,135,138,122,107,126,132,135,148,186,209,205,187,174,148,114,82,61,44,33,30,30,30,27,26,29,31,27,22,22,21,17,14,13,12,8,5,3,2,0,0,0,0,,14339
725,Theydon Bois,Nov-16,,0,0,0,0,0,0,0,0,0,0,0,0,0,0,0,0,0,4,6,7,7,11,12,10,6,6,8,9,7,5,5,6,5,4,4,5,5,4,5,6,7,7,7,7,8,9,8,9,11,12,11,16,22,26,30,31,31,30,36,37,41,46,53,55,58,59,62,60,49,35,29,29,24,20,17,15,13,13,12,10,10,9,10,10,11,10,11,9,9,7,5,2,1,1,0,0,,1307
726,Tooting Bec,Nov-16,,0,0,0,0,0,0,0,0,0,0,0,0,1,1,2,1,4,16,33,43,60,91,126,126,112,118,136,129,104,86,77,71,61,55,55,58,55,53,54,56,58,60,67,73,73,76,81,80,77,81,86,90,96,103,112,131,141,156,181,209,236,286,350,417,489,542,548,509,457,410,360,313,268,234,213,203,194,179,175,169,163,160,166,164,153,139,131,118,100,78,51,25,9,0,0,0,,11824
727,Tooting Broadway,Nov-16,,0,0,0,0,0,0,0,0,0,0,0,0,4,7,7,2,18,57,95,131,185,246,324,379,404,410,474,471,407,317,285,246,207,181,174,172,165,161,163,167,171,178,192,200,201,209,225,227,216,218,231,242,240,250,283,310,326,359,422,470,505,570,676,796,902,937,913,834,732,630,537,462,388,343,316,298,285,272,277,271,250,238,253,246,230,214,213,189,161,124,91,57,24,3,0,0,,24266
728,Tottenham Court Road,Nov-16,,0,0,0,0,0,0,0,0,0,0,0,0,0,0,33,74,132,207,355,493,651,820,1040,1142,1247,1470,2036,2491,2644,2408,2123,1679,1244,973,963,905,781,703,772,795,810,811,876,853,813,774,818,787,730,681,719,702,670,662,710,707,692,709,773,766,791,901,1103,1218,1261,1250,1216,1109,916,702,542,438,359,301,276,247,214,188,179,169,158,148,143,132,121,112,112,105,85,64,36,14,0,0,0,0,,57854
729,Tottenham Hale,Nov-16,,0,0,0,0,0,0,0,0,0,0,0,0,0,1,19,47,75,89,128,140,161,169,219,216,236,210,210,172,168,151,152,133,123,117,116,108,113,118,124,120,130,138,149,157,159,171,180,186,182,199,204,217,241,278,305,341,399,466,518,551,608,683,744,741,700,678,645,570,483,420,365,307,275,253,245,232,212,214,221,215,206,216,227,214,181,150,126,103,75,50,36,20,12,0,0,0,,19233
730,Totteridge & Whetstone,Nov-16,,0,0,0,0,0,0,0,0,0,0,0,0,0,0,0,1,1,3,7,11,24,38,46,39,35,34,49,54,48,32,27,23,18,13,14,14,13,14,16,15,15,17,21,22,23,23,25,26,27,30,33,36,36,41,46,53,56,68,79,88,96,104,117,134,149,147,152,148,127,105,94,81,63,55,52,48,45,40,39,39,40,36,35,35,33,30,27,25,20,16,12,8,3,2,0,0,,3511
731,Tower Hill,Nov-16,,0,0,0,0,0,0,0,0,0,0,0,0,0,4,12,24,46,88,157,221,282,386,503,581,682,900,1122,1241,1186,1031,827,689,577,532,494,485,432,417,386,389,375,382,370,362,343,343,354,370,344,360,378,398,395,436,456,473,530,616,674,702,756,843,932,980,940,874,762,633,489,421,350,299,257,245,234,228,65,50,46,48,47,51,48,47,44,42,35,25,15,7,3,2,0,0,0,0,,32173
733,Tufnell Park,Nov-16,,0,0,0,0,0,0,0,0,0,0,0,0,0,0,2,4,5,5,10,18,25,39,56,64,62,64,65,58,48,44,42,39,34,31,29,28,28,28,30,30,32,34,37,36,38,43,46,45,43,46,52,55,58,60,66,72,83,96,107,112,119,144,166,183,189,207,212,206,185,172,160,139,112,98,99,100,88,81,76,79,76,79,77,73,69,64,57,46,38,28,20,8,3,0,0,0,,5502
734,Turnham Green,Nov-16,,0,0,0,0,0,0,0,0,0,0,0,0,0,2,2,5,12,23,31,42,72,110,162,183,183,155,162,162,151,123,108,95,73,61,55,55,50,53,61,66,64,64,70,71,72,72,79,74,77,78,82,81,88,96,104,119,141,171,181,188,194,202,232,274,311,326,335,327,287,246,196,179,154,137,113,108,96,91,90,94,90,91,101,107,98,86,76,59,41,30,24,13,4,0,0,0,,9041
735,Turnpike Lane,Nov-16,,0,0,0,0,0,0,0,0,0,0,0,0,0,4,3,4,10,21,39,47,59,82,105,106,97,104,115,113,100,94,96,91,86,83,81,84,88,90,96,100,102,110,122,122,121,129,141,143,145,153,172,181,198,222,244,260,280,322,369,396,467,540,602,583,569,601,632,598,508,441,386,345,318,287,271,256,245,229,234,226,215,210,238,235,213,204,205,189,167,138,105,61,28,0,0,0,,16476
736,Upminster,Aut-10,,0,0,0,0,0,0,0,0,0,0,0,0,0,2,0,13,23,36,27,34,33,49,61,90,148,157,113,52,45,34,41,48,48,34,32,42,49,60,50,42,35,54,58,54,42,59,72,80,56,59,87,129,119,108,99,94,130,159,236,287,309,347,438,644,624,456,386,405,304,178,217,170,103,101,97,84,74,82,70,70,83,110,82,68,57,80,57,86,51,31,7,18,11,0,0,0,,9280
737,Upminster Bridge,Nov-16,,0,0,0,0,0,0,0,0,0,0,0,0,0,0,0,3,5,6,4,5,6,9,12,34,109,142,100,32,36,54,51,33,29,41,42,26,14,21,24,18,10,11,12,12,13,13,12,12,16,15,12,11,12,14,17,24,30,35,37,42,44,47,57,71,78,78,73,58,41,35,31,24,16,16,13,12,10,11,10,10,9,9,7,7,8,10,7,6,5,4,3,2,2,1,0,0,,2031
738,Upney,Nov-16,,0,0,0,0,0,0,0,0,0,0,0,0,2,0,0,4,8,9,12,16,23,28,35,46,58,61,59,51,43,33,28,21,19,18,20,20,20,20,23,24,25,25,29,31,31,33,36,37,36,40,48,57,56,56,67,81,88,100,123,132,130,146,176,191,189,188,169,152,132,117,89,75,62,53,48,50,46,41,36,34,32,27,23,22,26,25,23,22,19,14,10,8,5,3,0,0,,4215
739,Upton Park,Nov-16,,0,0,0,0,0,0,0,0,0,0,0,0,1,1,6,10,18,24,36,47,63,102,137,153,147,150,146,129,110,98,100,102,100,94,96,104,104,105,107,114,114,118,121,124,125,135,145,147,145,163,193,211,204,212,234,259,275,320,369,415,443,509,575,630,616,602,577,551,467,389,327,295,249,236,221,210,177,159,144,139,131,126,129,125,123,120,127,114,99,81,71,45,23,0,0,0,,15263
740,Uxbridge,Nov-16,,0,0,0,0,0,0,0,0,0,0,0,0,0,0,0,12,29,64,86,125,179,228,256,292,372,525,657,667,497,359,307,275,237,215,232,190,172,163,182,163,148,145,160,158,147,143,149,144,135,136,142,128,122,127,194,220,190,156,179,197,207,228,242,235,240,240,260,246,226,189,174,145,127,108,95,85,80,78,73,72,72,76,70,67,66,62,54,45,42,37,29,21,13,8,2,1,,13619
777,Vauxhall,Nov-16,,0,0,0,0,0,0,0,0,0,0,0,0,0,5,42,121,255,490,819,1132,1377,1481,1439,1293,1196,1169,1202,1179,1077,928,779,603,440,350,327,320,305,292,293,289,300,322,335,343,349,357,374,366,349,355,387,390,407,438,458,472,548,642,718,751,869,1026,1174,1266,1330,1374,1310,1200,1033,914,778,692,630,590,546,510,497,495,476,448,454,475,477,439,401,344,290,228,160,102,51,18,0,0,0,0,,48461
741,Victoria,Nov-16,,0,0,0,0,0,0,0,0,0,0,0,0,5,28,136,282,408,562,847,1166,1547,2008,2450,2552,2486,2504,2832,2998,2797,2358,2066,1775,1470,1288,1272,1232,1191,1144,1185,1196,1259,1274,1329,1313,1350,1381,1441,1409,1424,1452,1527,1545,1658,1777,1938,2077,2382,2637,2803,2810,2985,3298,3635,3751,3685,3514,3228,2859,2476,2132,1824,1572,1455,1381,1301,1197,1200,1196,1135,1047,1099,1194,1190,1049,883,739,580,413,275,163,72,14,0,1,0,0,,129114
742,Walthamstow Central,Aut-16,,0,0,0,0,0,0,0,0,0,0,0,0,0,4,10,26,42,62,97,123,167,194,207,196,234,271,257,185,158,148,320,386,501,391,301,121,144,165,176,171,182,193,198,210,221,246,259,253,269,433,548,484,373,431,625,795,874,920,945,910,787,914,1212,1596,1744,1809,1836,1845,1643,1267,998,838,695,509,421,399,430,423,376,288,265,308,335,282,254,173,227,281,360,259,217,143,90,0,0,0,,37650
743,Wanstead,Nov-16,,0,0,0,0,0,0,0,0,0,0,0,0,0,0,2,1,4,5,11,13,18,25,37,45,59,69,64,43,32,30,32,31,27,23,23,22,21,23,28,27,27,29,34,34,35,37,39,40,38,39,46,54,54,56,65,71,69,82,105,116,125,144,183,201,211,197,197,181,156,124,114,99,79,67,65,58,54,50,49,47,48,49,46,43,44,41,38,30,27,16,11,5,3,0,0,0,,4587
745,Warren Street,Nov-16,,0,0,0,0,0,0,0,0,0,0,0,0,0,8,33,62,79,113,216,335,448,611,948,1289,1560,1721,1977,2236,2283,2009,1651,1274,897,639,615,579,481,378,389,393,372,344,375,387,378,369,405,395,343,291,297,294,272,256,269,270,252,245,271,284,288,318,384,405,378,337,328,296,250,211,200,167,124,97,93,86,83,79,74,70,71,75,74,68,59,53,47,40,32,26,16,7,0,0,0,0,,34429
746,Warwick Avenue,Nov-16,,0,0,0,0,0,0,0,0,0,0,0,0,0,0,3,6,6,20,34,58,82,126,149,147,126,126,139,136,115,92,85,83,72,59,50,49,43,43,48,52,51,53,56,58,55,56,61,64,59,57,61,66,68,72,77,81,89,95,101,99,103,116,141,164,185,200,213,214,200,172,153,141,129,112,102,96,90,87,85,80,77,76,75,72,64,56,49,43,33,24,15,7,2,0,0,0,,6704
747,Waterloo,Nov-16,,0,0,0,0,0,0,0,0,0,0,0,0,0,29,87,228,346,581,835,1133,1354,1615,1871,2078,2275,2447,2698,2718,2475,2070,1851,1611,1318,1092,1076,1071,1011,971,1037,1074,1107,1163,1247,1265,1273,1296,1341,1325,1308,1338,1433,1496,1601,1751,1948,2194,2698,3174,3769,4520,6051,7372,8407,8632,8653,8042,7085,5783,4652,3768,3025,2441,2097,1872,1672,1511,1455,1381,1256,1149,1262,1363,1348,1227,1118,1078,930,664,381,203,91,33,5,0,0,0,,170206
748,Watford,Nov-16,,0,0,0,0,0,0,0,0,0,0,0,0,0,0,0,0,6,8,12,17,15,31,52,93,125,126,83,47,36,33,24,18,17,20,18,15,14,14,14,14,15,13,15,16,17,17,18,18,19,18,20,21,21,22,38,51,52,45,48,61,57,76,74,91,92,114,110,102,94,85,77,61,54,40,34,33,32,28,25,26,24,23,20,21,21,17,14,12,12,10,7,4,2,0,0,0,,2889
751,Wembley Central,Nov-16,,0,0,0,0,0,0,0,0,0,0,0,0,3,7,8,13,23,34,38,53,69,82,102,116,110,105,118,140,137,120,93,91,90,86,75,81,82,84,77,82,78,86,82,97,91,96,86,98,91,106,103,115,108,135,159,195,190,198,191,209,239,296,323,327,367,370,326,276,264,223,165,141,127,111,95,88,75,68,65,54,51,54,58,48,51,50,44,36,35,23,8,3,0,0,1,3,,9098
752,Wembley Park,Nov-16,,0,0,0,0,0,0,0,0,0,0,0,0,0,7,15,32,48,86,133,184,220,297,359,447,554,590,530,444,391,326,286,248,201,182,174,167,160,162,166,163,163,174,182,192,200,216,215,206,195,210,231,235,238,274,297,325,342,373,401,470,533,582,631,671,691,706,692,694,697,696,599,452,328,268,245,227,213,195,178,169,159,152,153,147,134,124,122,115,97,81,61,42,18,4,0,0,,22587
753,West Acton,Nov-16,,0,0,0,0,0,0,0,0,0,0,0,0,0,0,1,1,3,5,11,13,15,22,34,43,61,74,69,43,25,17,14,13,13,13,12,14,15,15,14,15,16,17,16,17,19,22,24,26,27,31,32,39,40,42,35,41,44,50,46,49,55,61,68,73,81,95,102,90,76,72,68,55,51,47,41,36,40,41,33,34,30,30,34,34,29,22,24,17,18,14,13,7,5,0,0,0,,2704
755,West Brompton,Nov-16,,0,0,0,0,0,0,0,0,0,0,0,0,1,0,0,9,28,54,112,257,347,411,480,495,535,510,402,333,284,291,262,198,131,102,95,77,69,71,75,72,65,70,75,77,71,78,86,87,71,66,68,97,100,104,104,102,109,126,134,140,148,178,189,203,212,252,256,218,162,140,119,102,84,80,77,75,66,70,64,62,58,63,63,62,51,45,35,27,17,14,9,5,0,0,0,0,,10737
756,West Finchley,Nov-16,,0,0,0,0,0,0,0,0,0,0,0,0,0,0,1,1,1,2,2,4,6,9,15,17,16,16,72,16,12,11,12,12,11,9,9,10,9,8,9,10,12,12,12,13,14,16,18,71,17,17,22,29,32,34,36,38,39,44,51,58,67,76,91,104,112,121,126,118,104,93,82,66,56,48,46,42,38,32,32,33,34,32,32,32,29,26,23,21,19,17,12,7,5,0,0,0,,2661
757,West Ham,Nov-16,,0,0,0,0,0,0,0,0,0,0,0,0,9,12,16,19,26,38,47,50,53,64,79,85,83,86,87,74,55,48,44,38,34,33,32,32,33,36,39,39,40,44,49,49,48,49,52,51,51,54,66,73,79,77,77,78,90,108,124,137,154,180,206,212,205,200,205,186,156,124,112,100,92,83,84,79,70,63,66,64,61,61,65,59,54,48,47,42,38,29,22,16,9,4,0,0,,5883
758,West Hampstead,Nov-16,,0,0,0,0,0,0,0,0,0,0,0,0,0,1,9,23,80,162,276,318,313,275,272,265,262,263,256,224,193,169,150,124,108,102,97,91,81,78,79,81,83,88,96,98,100,106,108,108,108,117,121,127,140,153,165,184,232,280,315,333,374,444,512,569,616,643,634,578,502,449,406,349,293,274,249,225,208,203,199,200,205,205,192,172,163,150,135,118,103,79,47,22,0,0,0,0,,16932
759,West Harrow,Nov-16,,0,0,0,0,0,0,0,0,0,0,0,0,0,0,2,3,4,4,5,9,11,15,20,25,25,24,21,16,11,8,8,9,9,9,7,7,8,10,10,11,16,18,18,14,13,14,19,17,18,20,23,21,24,29,35,38,43,51,63,85,85,105,112,115,109,121,120,93,94,85,63,48,55,49,37,37,38,28,18,12,15,20,22,26,24,19,18,17,16,12,8,5,0,0,0,0,,2496
760,West Kensington,Nov-16,,0,0,0,0,0,0,0,0,0,0,0,0,0,0,1,2,4,9,16,27,45,71,102,125,132,141,185,219,224,200,179,140,93,63,60,67,61,56,58,58,54,56,61,64,65,65,67,69,69,62,63,62,63,66,81,92,97,102,115,121,130,143,176,196,222,233,237,218,206,180,161,145,135,117,112,107,102,103,99,93,87,94,104,106,91,74,69,58,44,30,21,11,3,0,0,0,,7739
762,West Ruislip,Nov-16,,0,0,0,0,0,0,0,0,0,0,0,0,0,0,0,1,3,8,11,16,15,19,22,30,30,35,35,28,21,18,18,17,16,13,10,12,11,13,12,13,12,11,14,14,17,17,17,14,19,18,20,20,24,26,34,34,46,48,64,65,77,79,84,103,109,113,107,121,100,85,60,57,47,40,40,35,29,25,25,22,24,26,28,24,26,18,18,16,17,12,11,7,5,1,0,0,,2552
754,Westbourne Park,Nov-16,,0,0,0,0,0,0,0,0,0,0,0,0,1,0,1,5,7,11,22,32,51,73,104,108,108,124,181,206,178,141,131,119,88,69,58,56,48,49,48,50,48,50,54,55,57,58,62,62,59,57,58,60,60,68,73,78,83,96,107,112,109,115,144,161,176,176,178,170,162,139,115,99,89,83,75,64,64,67,62,55,53,55,52,53,50,45,39,32,26,18,12,5,2,0,0,0,,6171
761,Westminster,Nov-16,,0,0,0,0,0,0,0,0,0,0,0,0,0,13,44,75,99,158,252,350,447,623,864,1079,1271,1517,1866,2067,2104,1941,1798,1562,1298,1053,938,843,727,667,670,655,628,611,615,594,574,580,604,587,548,523,519,508,490,489,494,474,436,423,432,423,429,460,496,499,506,494,464,402,332,255,201,168,143,128,117,106,99,97,96,92,85,81,77,67,58,52,47,37,28,20,16,8,2,0,0,0,,41695
764,White City,Nov-16,,0,0,0,0,0,0,0,0,0,0,0,0,3,2,8,22,27,74,174,287,343,413,450,431,376,396,471,597,736,864,895,796,593,391,260,196,158,123,107,101,94,91,94,95,93,94,94,93,88,87,89,89,86,85,92,95,102,112,122,132,154,188,211,214,220,230,237,213,186,165,147,121,97,88,79,74,73,75,71,64,60,63,67,62,52,45,47,43,39,34,25,11,2,0,0,0,,14678
763,Whitechapel,Nov-16,,0,0,0,0,0,0,0,0,0,0,0,0,0,25,37,68,101,160,234,328,418,523,620,649,634,685,867,953,839,675,612,561,456,377,354,341,317,277,278,264,264,247,272,269,286,286,318,300,292,263,283,277,276,261,266,258,258,262,279,284,303,329,382,417,428,422,417,382,344,322,310,250,199,161,151,128,122,118,118,104,96,94,100,95,94,90,89,76,64,48,35,17,5,0,0,0,,23464
765,Willesden Green,Nov-16,,0,0,0,0,0,0,0,0,0,0,0,0,0,0,6,8,13,22,32,44,53,75,94,101,91,99,109,103,85,80,85,82,74,67,67,68,66,71,77,82,81,86,95,98,97,100,108,108,106,112,130,146,147,151,170,192,219,258,294,313,330,373,422,478,505,520,522,492,424,370,342,306,268,248,236,223,212,207,205,203,195,193,193,193,180,170,157,150,133,113,78,36,7,0,0,0,,13449
766,Willesden Junction,Aut-09,,0,0,0,0,0,0,0,0,0,0,0,0,0,9,16,18,17,23,49,63,72,93,109,154,178,209,206,197,151,101,99,86,78,47,52,41,55,55,65,64,68,59,67,65,74,82,109,99,76,68,81,84,71,79,92,95,117,137,147,140,165,200,206,221,215,237,217,201,143,150,158,136,78,70,95,105,80,59,77,88,83,68,72,55,44,43,61,51,46,29,24,8,7,0,0,0,,7609
767,Wimbledon,Aut-16,,0,0,0,0,0,0,0,0,0,0,0,0,0,7,8,25,45,73,103,202,236,268,321,382,304,274,323,304,213,152,126,109,105,97,102,103,125,137,136,121,133,153,137,154,182,201,150,209,255,254,178,243,267,284,305,383,419,557,622,679,686,820,883,923,876,864,851,666,603,518,419,398,414,322,152,194,130,125,138,158,115,89,80,102,110,97,84,78,81,65,42,31,28,0,0,0,,21308
768,Wimbledon Park,Nov-16,,0,0,0,0,0,0,0,0,0,0,0,0,0,0,2,2,2,5,9,15,20,36,53,59,49,42,43,43,37,28,24,24,22,19,17,18,18,17,17,19,20,22,23,25,24,25,26,27,26,25,26,26,28,31,36,42,50,56,63,67,68,71,83,92,104,111,115,108,97,84,72,61,49,40,35,32,29,29,29,28,25,24,23,22,20,18,16,13,9,6,5,4,2,0,0,0,,2832
770,Wood Green,Nov-16,,0,0,0,0,0,0,0,0,0,0,0,0,2,4,6,6,16,28,45,62,87,118,153,175,195,217,255,262,258,240,233,204,174,147,135,124,123,126,137,140,140,144,163,173,177,176,189,188,184,186,213,228,237,246,273,294,316,348,402,455,513,574,636,663,627,646,654,614,498,440,393,342,302,284,274,257,231,222,217,213,202,205,223,218,192,190,198,183,149,125,104,68,29,3,0,0,,19093
599,Wood Lane,Nov-16,,0,0,0,0,0,0,0,0,0,0,0,0,0,1,4,6,12,19,42,65,81,98,113,119,115,125,137,159,176,185,165,128,90,74,72,74,74,72,71,68,70,74,81,82,84,79,74,68,66,67,69,65,65,69,77,85,92,96,105,128,152,168,184,185,180,172,153,121,97,89,74,62,51,42,34,31,31,29,26,22,22,21,22,19,18,15,13,10,7,6,4,2,1,0,0,0,,6004
769,Woodford,Nov-16,,0,0,0,0,0,0,0,0,0,0,0,0,0,0,1,0,4,11,18,22,36,57,75,77,94,94,82,51,45,39,40,34,32,33,37,37,40,40,44,47,49,54,60,63,64,67,70,72,76,84,97,107,108,115,133,145,162,187,234,255,283,307,350,382,411,400,387,350,303,245,211,189,165,148,131,123,104,97,97,97,94,86,82,79,90,79,78,60,54,34,25,15,14,0,0,0,,8862
771,Woodside Park,Nov-14,,0,0,0,0,0,0,0,0,0,0,0,0,2,3,4,3,3,2,3,5,10,16,24,35,48,56,54,43,28,22,25,23,13,9,12,18,18,16,19,25,23,19,22,31,38,36,36,35,37,36,37,38,41,43,61,71,91,84,111,120,128,159,194,232,241,228,190,182,162,110,77,75,67,67,59,59,66,73,62,50,49,53,53,49,41,32,26,22,15,8,2,1,1,0,0,0,,4382
,Total,,,0,0,0,0,0,0,0,0,0,0,0,6,345,1102,3288,6432,10255,16289,26195,36597,48924,63396,82296,95025,105131,117986,138862,149275,141285,119030,100147,81428,64029,52475,50664,48681,44348,41348,42935,43522,43183,43530,46131,46593,45848,46052,48290,47880,45527,44928,47801,48985,49309,51122,56126,59731,64026,70056,77919,83565,90948,103083,117853,127506,130982,130988,126534,114574,97593,82080,69852,59965,51500,45785,41979,38827,35291,33743,32547,31119,30312,30966,31301,29710,26858,24485,22439,19399,15581,11703,8061,4522,1820,254,21,10,,4618089
