COUNTS -  2016               - Saturday - Exits,,,,,,,,,,,,,,,,,,,,,,,,2016,Saturday,Exits,,,,,,,,,,,,,,,,,,,,,,,,,,,,,,,,,,,,,,,,,,,,,,,,,,,,,,,,,,,,,,,,,,,,,,,,,,,
,,,,,,,,,,,,,,,,,,,,,,,,,,,,,,,,,,,,,,,,,,,,,,,,,,,,,,,,,,,,,,,,,,,,,,,,,,,,,,,,,,,,,,,,,,,,,,,,,,,,,
(C) Copyright, London Underground Limited,2017,,,,,,,,,,,,,,,,,,,,,,,,,,,,,,,,,,,,,,,,,,,,,,,,,,,,,,,,,,,,,,,,,,,,,,,,,,,,,,,,,,,,,,,,,,,,,,,,,,,
,,,,,,,,,,,,,,,,,,,,,,,,,,,,,,,,,,,,,,,,,,,,,,,,,,,,,,,,,,,,,,,,,,,,,,,,,,,,,,,,,,,,,,,,,,,,,,,,,,,,,
Counts by Station and quarter Hour,,,,,,,,,,,,,,,,,,,,,,,,,,,,,,,,,,,,,,,,,,,,,,,,,,,,,,,,,,,,,,,,,,,,,,,,,,,,,,,,,,,,,,,,,,,,,,,,,,,,,
,,,,,,,,,,,,,,,,,,,,,,,,,,,,,,,,,,,,,,,,,,,,,,,,,,,,,,,,,,,,,,,,,,,,,,,,,,,,,,,,,,,,,,,,,,,,,,,,,,,,,
nlc, Station, Date, Note,0200-0215, 0215-0230, 0230-0245, 0245-0300, 0300-0315, 0315-0330, 0330-0345, 0345-0400, 0400-0415, 0415-0430, 0430-0445, 0445-0500, 0500-0515, 0515-0530, 0530-0545, 0545-0600, 0600-0615, 0615-0630, 0630-0645, 0645-0700, 0700-0715, 0715-0730, 0730-0745, 0745-0800, 0800-0815, 0815-0830, 0830-0845, 0845-0900, 0900-0915, 0915-0930, 0930-0945, 0945-1000, 1000-1015, 1015-1030, 1030-1045, 1045-1100, 1100-1115, 1115-1130, 1130-1145, 1145-1200, 1200-1215, 1215-1230, 1230-1245, 1245-1300, 1300-1315, 1315-1330, 1330-1345, 1345-1400, 1400-1415, 1415-1430, 1430-1445, 1445-1500, 1500-1515, 1515-1530, 1530-1545, 1545-1600, 1600-1615, 1615-1630, 1630-1645, 1645-1700, 1700-1715, 1715-1730, 1730-1745, 1745-1800, 1800-1815, 1815-1830, 1830-1845, 1845-1900, 1900-1915, 1915-1930, 1930-1945, 1945-2000, 2000-2015, 2015-2030, 2030-2045, 2045-2100, 2100-2115, 2115-2130, 2130-2145, 2145-2200, 2200-2215, 2215-2230, 2230-2245, 2245-2300, 2300-2315, 2315-2330, 2330-2345, 2345-2400, 0000-0015, 0015-0030, 0030-0045, 0045-0100, 0100-0115, 0115-0130, 0130-0145, 0145-0200, , Total
,,,,,,,,,,,,,,,,,,,,,,,,,,,,,,,,,,,,,,,,,,,,,,,,,,,,,,,,,,,,,,,,,,,,,,,,,,,,,,,,,,,,,,,,,,,,,,,,,,,,,
500,Acton Town,Nov-16,,0,0,0,0,0,0,0,0,0,0,0,0,0,3,8,11,14,22,30,36,43,60,71,67,50,42,45,50,51,50,51,51,49,51,53,60,64,67,66,73,78,82,80,94,101,102,98,104,102,98,102,105,104,110,111,111,104,118,118,125,122,138,133,140,130,139,135,144,134,128,119,120,115,114,114,111,107,100,96,93,97,92,96,112,112,103,89,95,84,86,83,70,34,8,0,0,,6878
502,Aldgate,Nov-16,,0,0,0,0,0,0,0,0,0,0,0,0,2,1,1,5,7,14,24,35,47,63,77,71,53,39,43,44,49,56,66,61,55,54,69,78,77,69,80,89,84,76,84,89,97,93,98,101,107,94,90,87,87,83,90,92,93,91,100,101,103,99,111,112,120,126,138,131,113,102,103,99,91,73,77,74,78,68,70,63,70,73,79,71,68,56,61,54,40,22,17,0,0,0,0,0,,5728
503,Aldgate East,Nov-16,,0,0,0,0,0,0,0,0,0,0,0,0,0,3,4,8,10,19,34,45,55,75,89,82,63,58,67,76,79,96,123,137,119,120,138,163,162,161,162,170,170,181,197,203,197,209,221,215,207,206,221,217,212,202,200,199,221,244,253,265,259,255,252,287,299,310,312,318,309,283,263,238,225,225,214,199,179,172,166,162,152,155,161,171,164,151,140,140,135,116,99,67,34,0,0,0,,13170
505,Alperton,Nov-16,,0,0,0,0,0,0,0,0,0,0,0,0,0,1,3,6,8,13,19,24,21,24,30,33,26,20,28,36,40,29,34,36,36,31,36,36,38,35,40,44,47,47,51,50,58,58,72,69,76,71,80,77,71,67,74,79,76,64,64,62,70,69,73,67,70,64,72,67,67,57,55,51,51,48,37,35,38,38,36,34,33,34,38,37,39,43,45,43,38,37,29,18,5,4,3,0,,3585
506,Amersham,Nov-16,,0,0,0,0,0,0,0,0,0,0,0,0,0,0,1,1,2,2,4,3,4,6,9,9,9,10,13,14,13,12,12,12,13,15,14,14,14,16,18,20,18,20,19,20,20,21,21,22,20,19,14,22,25,28,20,26,25,29,28,39,37,41,37,46,42,51,44,51,40,47,36,43,33,35,24,28,24,28,22,25,22,22,18,29,28,35,30,41,32,38,23,19,14,0,0,0,,1801
507,Angel,Nov-16,,0,0,0,0,0,0,0,0,0,0,0,0,0,0,3,9,19,26,38,45,63,95,128,123,100,109,169,210,229,260,333,362,335,312,337,367,354,339,358,391,389,393,419,436,417,414,423,461,439,405,375,390,365,353,361,383,376,389,411,445,446,469,495,546,558,572,604,664,664,605,541,510,475,452,399,352,294,274,247,244,229,221,212,218,206,202,191,184,173,150,102,43,12,0,0,0,,24712
508,Archway,Nov-16,,0,0,0,0,0,0,0,0,0,0,0,0,1,2,3,4,11,15,23,32,49,56,64,57,50,48,60,61,56,57,72,76,74,70,77,79,81,81,90,97,100,103,114,120,121,128,135,138,128,129,133,139,136,138,141,153,158,167,178,187,191,202,215,214,213,219,219,209,205,207,194,170,162,166,154,141,135,135,130,130,130,147,158,163,157,160,158,153,143,127,106,82,47,24,11,11,,9580
509,Arnos Grove,Nov-15,,0,0,0,0,0,0,0,0,0,0,0,0,1,1,1,1,5,11,15,18,27,35,37,35,33,34,33,33,35,38,40,34,30,29,35,36,41,44,46,45,48,53,61,65,68,73,78,84,82,79,77,82,83,86,91,91,90,101,108,111,121,142,149,134,129,130,132,123,114,103,105,119,108,86,78,81,75,68,70,75,72,74,81,89,86,84,82,82,81,75,64,47,23,4,0,0,,5470
510,Arsenal,Nov-16,,0,0,0,0,0,0,0,0,0,0,0,0,0,1,0,0,2,3,3,4,5,7,11,12,10,8,11,16,19,22,27,34,42,44,44,43,48,48,50,48,48,46,52,56,60,53,55,55,57,56,59,59,61,60,63,63,67,62,60,64,71,75,77,82,81,77,72,71,64,64,55,51,50,51,45,43,42,40,38,41,43,44,45,48,48,46,45,43,39,37,31,18,4,1,0,0,,3400
511,Baker Street,Nov-16,,0,0,0,0,0,0,0,0,0,0,0,0,9,12,20,30,38,56,89,113,135,183,248,261,249,278,390,466,510,555,655,690,660,622,655,662,643,616,659,672,678,651,667,677,663,637,658,661,623,592,599,590,568,553,543,523,499,481,476,465,446,439,446,448,434,410,382,370,368,340,309,287,271,245,223,197,177,172,165,151,145,157,166,169,161,159,151,133,105,86,77,62,43,28,18,11,,29931
512,Balham,Nov-16,,0,0,0,0,0,0,0,0,0,0,0,0,3,3,5,7,14,24,38,52,72,89,101,92,87,89,110,112,113,110,127,132,134,133,149,160,169,172,187,198,207,209,222,229,228,231,242,245,236,233,234,239,242,243,254,267,278,298,306,330,346,366,367,357,346,333,352,339,323,301,296,284,265,250,231,215,201,191,186,175,185,206,217,226,217,220,215,225,201,186,152,108,55,30,17,13,,15852
513,Bank & Monument,Nov-16,,0,0,0,0,0,0,0,0,0,0,0,0,12,11,17,28,44,76,121,178,217,298,383,392,330,284,322,359,376,421,503,554,559,585,618,632,611,626,652,678,692,711,720,694,672,659,667,639,622,604,608,596,585,582,588,575,563,577,591,586,601,660,720,720,694,685,657,590,541,538,506,476,426,402,361,340,309,292,267,260,264,275,281,283,266,242,215,193,158,129,108,97,80,60,43,19,,35176
501,Barbican,Nov-16,,0,0,0,0,0,0,0,0,0,0,0,0,0,1,3,6,13,18,24,29,45,63,74,66,58,72,88,91,89,104,121,123,107,101,111,116,106,105,111,122,123,136,145,153,139,134,130,132,127,126,126,130,125,122,122,122,126,129,132,130,133,136,140,145,156,167,176,174,161,142,118,99,81,76,67,67,60,58,56,58,58,59,56,53,47,46,42,39,35,29,18,8,0,0,0,0,,7336
514,Barking,Nov-16,,0,0,0,0,0,0,0,0,0,0,0,0,9,8,20,30,47,62,87,95,99,106,120,119,118,120,138,144,138,140,154,157,146,142,141,142,149,155,161,174,179,194,211,225,237,276,305,312,293,293,290,285,258,282,287,294,298,326,339,336,330,306,333,333,331,330,345,334,322,312,298,270,252,237,230,222,230,222,197,193,186,179,174,179,145,142,155,150,147,134,118,77,54,25,0,0,,16133
515,Barkingside,Nov-16,,0,0,0,0,0,0,0,0,0,0,0,0,0,2,2,1,1,3,5,5,5,5,8,9,8,7,8,10,11,11,9,8,8,8,8,8,7,9,10,10,10,12,16,16,17,20,25,26,26,27,29,30,30,27,25,25,28,31,33,36,37,37,40,45,39,33,28,32,32,30,23,22,25,24,20,19,22,26,24,18,13,15,17,17,16,16,15,14,14,12,12,7,7,7,8,4,,1445
516,Barons Court,Nov-16,,0,0,0,0,0,0,0,0,0,0,0,0,0,1,1,3,5,8,14,21,25,34,50,54,47,40,48,52,52,51,57,62,63,62,66,71,70,65,67,70,74,75,76,77,81,88,90,88,88,92,95,93,91,89,95,98,101,103,112,120,124,120,122,126,130,123,120,117,113,104,98,91,83,77,76,77,72,74,80,84,78,76,84,88,88,79,82,78,82,78,70,36,9,0,0,0,,5924
517,Bayswater,Nov-16,,0,0,0,0,0,0,0,0,0,0,0,0,1,2,2,3,5,8,9,9,8,10,15,19,20,22,24,29,34,41,48,55,58,62,66,68,65,73,81,88,92,98,98,95,95,100,109,113,110,106,111,116,118,113,113,116,116,122,121,119,123,137,157,163,172,177,169,153,155,161,148,141,139,130,120,112,101,98,103,96,86,85,97,100,91,79,74,64,46,35,24,13,2,1,0,0,,6658
518,Becontree,Nov-16,,0,0,0,0,0,0,0,0,0,0,0,0,2,0,0,4,6,8,8,13,16,17,16,14,12,11,13,17,25,28,25,21,21,21,25,28,28,26,31,34,38,38,43,45,48,57,70,70,64,65,74,73,68,66,70,77,73,79,81,83,85,85,94,93,96,81,75,71,73,70,65,62,61,53,52,52,55,49,44,42,41,40,37,36,40,41,41,33,30,25,24,17,13,10,0,0,,3538
519,Belsize Park,Nov-16,,0,0,0,0,0,0,0,0,0,0,0,0,1,1,1,3,6,8,13,23,36,55,74,71,55,53,66,69,63,62,71,72,62,57,61,65,64,65,67,70,69,73,77,80,79,80,86,87,86,87,90,91,81,85,85,90,90,101,107,109,106,114,122,132,130,126,115,120,123,124,116,105,89,79,78,75,69,62,64,66,64,64,69,75,72,69,64,66,64,62,50,31,12,6,5,4,,5839
787,Bermondsey,Nov-16,,0,0,0,0,0,0,0,0,0,0,0,0,4,13,23,29,35,54,72,87,106,125,121,93,70,71,85,89,85,85,100,111,113,111,124,137,143,143,159,178,189,190,203,216,217,217,227,231,219,207,209,212,209,208,218,218,209,222,236,247,253,271,292,303,302,284,276,253,236,228,221,207,183,180,173,164,145,151,154,148,140,145,154,152,156,153,166,162,151,126,113,80,55,36,35,27,,13145
520,Bethnal Green,Nov-16,,0,0,0,0,0,0,0,0,0,0,0,0,19,19,20,26,39,58,77,97,124,147,154,134,114,112,130,127,128,133,170,187,185,172,193,214,217,219,245,258,260,254,271,285,295,299,302,310,300,301,308,317,314,312,327,335,346,361,382,384,388,405,437,453,455,478,499,491,445,443,445,424,387,374,359,328,307,300,296,276,264,269,283,271,274,289,297,273,266,234,220,189,158,131,101,59,,21549
521,Blackfriars,Nov-16,,0,0,0,0,0,0,0,0,0,0,0,0,1,4,10,15,17,23,39,54,69,85,95,84,68,64,69,68,67,75,98,115,129,134,144,143,141,145,160,169,162,161,184,209,196,166,159,170,170,168,165,176,175,177,176,180,183,195,224,226,219,201,201,210,198,177,169,170,151,127,128,117,101,89,94,87,74,64,63,62,59,67,76,77,63,59,52,43,33,24,15,10,0,0,0,0,,9187
522,Blackhorse Road,Nov-16,,0,0,0,0,0,0,0,0,0,0,0,0,8,7,8,7,13,21,28,27,29,39,46,39,28,29,34,38,36,38,40,43,40,42,44,47,50,56,62,62,67,74,85,91,104,127,149,147,128,122,127,134,134,141,146,156,158,164,170,178,194,219,232,223,210,209,211,208,192,174,174,173,163,150,143,136,128,120,118,125,126,126,129,134,138,150,146,136,128,113,95,86,79,56,41,41,,8789
524,Bond Street,Nov-16,,0,0,0,0,0,0,0,0,0,0,0,0,7,10,26,47,68,121,204,235,229,280,380,406,386,402,516,573,590,620,771,823,805,801,921,969,973,995,1090,1144,1172,1191,1247,1254,1211,1173,1223,1247,1231,1166,1172,1184,1195,1169,1145,1097,1050,1027,1013,966,918,875,857,827,774,720,674,621,557,490,452,415,370,302,257,222,196,173,161,146,135,128,125,114,100,90,84,73,60,51,45,40,34,34,24,14,,48683
525,Borough,Nov-16,,0,0,0,0,0,0,0,0,0,0,0,0,0,0,1,3,4,7,12,17,21,24,31,32,32,40,59,72,80,81,88,89,88,80,85,86,90,92,103,109,112,109,113,117,120,115,115,116,116,106,108,109,105,97,95,92,89,91,91,92,99,105,112,113,117,118,116,112,113,109,107,99,94,85,88,81,75,72,81,76,72,71,80,79,79,74,73,69,62,51,37,24,0,0,0,0,,6277
526,Boston Manor,Nov-16,,0,0,0,0,0,0,0,0,0,0,0,0,0,0,1,0,3,8,10,10,12,17,17,18,17,17,17,17,16,17,19,17,14,14,16,15,16,17,17,17,18,20,23,23,26,30,33,30,32,33,34,32,33,34,34,32,33,37,38,38,39,47,50,52,51,50,47,47,46,41,41,40,39,36,32,29,29,29,31,33,34,34,36,36,38,40,36,27,23,23,20,18,11,4,0,0,,2161
527,Bounds Green,Nov-16,,0,0,0,0,0,0,0,0,0,0,0,0,1,1,2,2,6,10,16,19,26,37,44,41,37,36,39,41,41,40,42,42,38,42,48,49,47,50,56,61,65,70,78,76,87,99,104,100,104,103,101,102,106,110,120,122,126,137,142,154,156,182,182,180,174,179,180,167,159,149,150,140,138,126,109,95,105,98,93,88,99,109,110,121,126,127,110,111,107,102,90,68,36,12,1,0,,7199
528,Bow Road,Nov-16,,0,0,0,0,0,0,0,0,0,0,0,0,0,3,4,6,9,13,16,20,22,25,27,24,17,15,27,43,55,51,44,36,32,30,31,34,33,39,42,45,49,55,64,71,80,84,80,81,88,86,75,66,68,66,71,72,78,86,95,103,101,106,105,124,123,114,104,116,113,104,97,96,81,85,88,90,72,78,78,81,69,86,87,98,90,91,86,97,102,90,71,48,32,0,0,0,,5264
529,Brent Cross,Nov-16,,0,0,0,0,0,0,0,0,0,0,0,0,1,1,1,2,5,6,8,9,10,10,13,16,15,16,23,26,25,23,24,23,21,21,25,28,27,27,32,34,34,34,34,33,35,39,45,46,47,43,42,42,44,45,47,47,47,49,52,52,49,53,53,52,47,43,43,44,42,38,36,34,31,29,31,30,27,28,30,29,28,28,36,43,43,34,36,38,38,31,25,19,11,5,1,3,,2517
778,Brixton,Nov-16,,0,0,0,0,0,0,0,0,0,0,0,0,38,33,36,46,49,62,84,110,149,181,180,152,128,148,189,207,194,198,224,233,227,229,258,293,305,316,341,361,380,401,431,446,482,506,539,538,536,527,541,561,582,599,610,624,636,682,751,786,803,832,912,956,969,968,993,1021,1018,1014,1007,1003,922,866,817,772,685,642,636,623,601,607,640,676,660,669,659,674,642,612,471,412,305,331,214,147,,41908
530,Bromley-by-Bow,Nov-15,,0,0,0,0,0,0,0,0,0,0,0,0,3,7,9,10,11,14,18,24,23,26,28,25,15,12,14,16,18,25,29,29,25,24,23,28,28,30,30,30,26,32,37,41,36,41,43,44,39,45,43,42,42,52,51,49,48,57,57,58,61,70,73,73,76,83,86,81,81,81,78,66,59,55,56,54,52,52,49,46,46,52,58,59,55,53,51,53,55,51,44,30,18,0,0,0,,3414
531,Buckhurst Hill,Nov-16,,0,0,0,0,0,0,0,0,0,0,0,0,2,2,1,1,2,3,6,8,8,10,12,12,9,11,14,15,13,12,15,15,14,14,15,16,18,17,17,17,21,27,30,28,27,29,30,26,27,29,31,31,30,32,34,36,40,42,43,43,42,48,59,60,49,49,49,48,43,43,40,40,38,33,29,26,25,26,25,24,23,24,26,27,26,27,29,28,23,24,24,20,15,12,9,9,,2077
532,Burnt Oak,Nov-16,,0,0,0,0,0,0,0,0,0,0,0,0,0,1,2,2,5,8,11,14,17,21,24,24,23,21,24,26,28,26,30,31,31,31,36,36,34,34,41,45,48,51,56,60,69,89,107,110,96,88,83,85,83,80,85,92,91,85,95,102,101,96,99,96,92,91,90,83,81,78,71,62,58,58,56,55,49,48,47,50,48,46,48,47,49,44,44,46,49,48,47,37,23,11,6,3,,4338
534,Caledonian Road,Nov-16,,0,0,0,0,0,0,0,0,0,0,0,0,0,0,5,8,12,18,27,32,38,44,46,41,37,36,38,37,35,35,41,45,45,43,45,46,46,48,54,56,54,55,64,75,76,69,72,79,85,82,87,87,85,84,88,90,90,94,104,114,124,123,126,127,125,128,133,132,120,118,108,103,98,105,95,93,85,89,82,84,80,79,83,86,85,76,86,87,89,79,59,26,4,0,0,0,,5709
535,Camden Town,Nov-16,,0,0,0,0,0,0,0,0,0,0,0,0,3,4,7,13,27,43,61,80,107,131,145,134,120,129,170,205,241,307,416,528,607,670,785,857,889,897,973,1006,1035,1058,1094,1108,1097,1088,1079,1084,1061,1060,1066,1053,1006,991,967,908,856,847,820,764,730,722,714,691,691,689,688,658,630,603,607,598,579,548,514,478,440,422,402,388,366,376,388,393,389,388,369,332,284,239,182,111,48,21,16,8,,45299
788,Canada Water,Nov-16,,0,0,0,0,0,0,0,0,0,0,0,0,10,18,24,28,30,38,58,95,118,113,89,69,56,67,91,102,96,96,114,127,127,127,144,155,163,168,190,202,215,218,238,258,268,274,288,293,293,295,310,308,320,327,341,352,368,389,404,423,439,476,523,527,515,501,506,465,422,386,375,357,335,320,309,295,271,258,253,240,233,245,262,260,255,252,259,256,246,246,249,191,129,95,78,41,,19967
852,Canary Wharf,Nov-16,,0,0,0,0,0,0,0,0,0,0,0,0,20,36,53,66,78,133,202,261,325,388,406,340,258,231,258,270,259,294,370,391,373,363,403,422,440,469,520,538,537,554,581,587,574,583,619,635,635,644,679,680,650,622,625,629,643,665,682,682,710,746,775,771,757,730,734,711,687,653,635,602,549,514,474,448,414,405,392,380,389,408,428,433,428,412,381,346,288,252,202,164,102,89,69,60,,37211
884,Canning Town,Nov-16,,0,0,0,0,0,0,0,0,0,0,0,0,16,18,24,27,33,42,57,70,92,125,134,107,74,64,74,78,77,74,83,88,89,88,94,101,102,106,114,124,132,140,154,169,193,224,244,233,215,212,215,212,207,209,223,232,242,250,261,265,266,275,286,290,279,278,284,281,259,251,247,238,217,211,212,209,196,182,183,181,176,178,185,189,195,210,215,205,185,178,161,146,112,91,56,38,,13752
536,Cannon Street,Nov-16,,0,0,0,0,0,0,0,0,0,0,0,0,0,0,3,2,3,7,13,19,27,36,45,42,33,26,27,27,27,31,35,37,43,45,53,53,54,56,62,63,66,68,84,93,102,102,111,104,88,77,72,68,66,63,69,67,71,70,81,82,83,85,97,104,100,96,93,87,78,69,67,66,64,57,53,49,46,45,45,49,55,57,60,62,58,51,47,43,33,24,13,4,0,0,0,0,,4413
537,Canons Park,Nov-16,,0,0,0,0,0,0,0,0,0,0,0,0,2,1,2,3,4,4,7,10,14,20,23,21,18,18,19,20,20,24,25,25,20,19,19,21,18,21,22,26,25,31,29,41,46,55,53,66,71,81,71,61,45,46,43,51,51,56,53,60,61,69,69,73,70,70,65,69,66,64,54,55,48,48,42,43,36,36,30,35,34,38,34,37,38,40,37,36,29,22,21,23,17,11,11,12,,3024
539,Chalfont & Latimer,Nov-15,,0,0,0,0,0,0,0,0,0,0,0,0,0,0,4,2,0,0,0,1,3,4,5,7,6,4,4,5,3,3,9,7,13,14,14,17,16,11,11,9,8,8,7,8,9,12,12,15,15,12,11,12,11,14,13,18,19,19,20,28,27,19,21,27,26,22,22,21,19,20,20,16,16,14,13,7,5,11,12,10,4,10,12,15,8,12,18,24,13,7,8,10,0,0,0,0,,932
540,Chalk Farm,Nov-16,,0,0,0,0,0,0,0,0,0,0,0,0,1,1,1,3,4,7,11,13,15,25,43,45,35,27,43,53,57,60,74,77,69,59,66,74,74,75,88,92,83,82,92,101,106,103,104,103,102,99,104,104,99,100,105,105,102,111,114,115,117,129,136,139,144,159,161,173,169,164,148,148,139,132,124,110,89,76,76,73,74,75,82,80,76,75,74,72,63,60,47,30,12,5,3,2,,6662
541,Chancery Lane,Nov-16,,0,0,0,0,0,0,0,0,0,0,0,0,4,3,10,22,32,36,51,66,90,121,151,136,104,88,111,127,137,141,169,173,156,136,141,144,134,134,143,151,149,150,156,154,146,151,163,161,147,146,151,148,137,125,131,133,131,122,127,129,125,121,127,135,134,130,139,144,136,125,127,120,117,111,109,93,81,71,65,59,57,54,54,51,47,40,35,28,27,24,23,17,15,11,10,6,,8536
718,Charing Cross,Nov-16,,0,0,0,0,0,0,0,0,0,0,0,0,0,0,2,4,6,9,13,16,17,23,30,30,27,30,39,47,64,85,112,129,137,146,169,186,187,194,209,229,237,239,246,255,261,258,255,276,274,248,212,206,189,177,177,178,177,180,191,195,186,180,189,194,195,191,196,215,219,186,144,117,101,98,98,87,73,62,57,57,57,54,50,53,59,61,56,48,40,32,18,7,0,0,0,0,,9951
543,Chesham,Nov-16,,0,0,0,0,0,0,0,0,0,0,0,0,0,0,0,0,0,0,0,3,3,2,7,6,8,4,7,4,8,4,9,7,10,5,9,6,12,7,12,5,13,11,15,8,12,8,11,7,13,13,16,6,9,10,14,6,14,15,19,12,14,13,18,15,21,16,22,14,22,14,22,11,20,12,18,8,14,6,13,9,15,8,12,10,13,9,13,11,15,12,14,6,7,11,0,0,,828
544,Chigwell,Nov-16,,0,0,0,0,0,0,0,0,0,0,0,0,0,0,0,0,1,0,2,3,2,5,9,10,4,4,6,8,5,3,5,6,4,3,5,5,3,3,4,4,3,4,5,5,4,4,4,4,5,4,4,3,4,5,6,5,4,5,7,7,6,6,6,7,7,6,6,6,5,4,5,5,3,3,6,5,3,3,5,3,3,3,5,4,3,2,3,1,2,4,0,0,0,0,0,0,,326
545,Chiswick Park,Nov-16,,0,0,0,0,0,0,0,0,0,0,0,0,0,0,1,1,2,2,4,6,11,19,28,27,23,19,23,23,23,21,24,22,23,20,23,21,23,22,26,25,24,25,26,29,31,34,33,33,29,31,34,35,32,30,30,30,31,32,37,42,41,38,45,50,51,45,41,42,41,37,31,36,34,29,27,29,29,25,24,23,24,23,22,21,19,18,19,20,19,18,15,13,8,2,0,0,,2049
546,Chorleywood,Nov-15,,0,0,0,0,0,0,0,0,0,0,0,0,0,0,0,0,1,3,6,8,5,1,2,3,3,1,5,6,6,4,2,2,2,3,4,1,3,4,4,4,5,5,6,6,10,9,7,5,10,9,14,14,13,7,9,5,9,7,18,15,20,4,32,45,38,33,36,33,22,25,19,15,30,20,18,8,13,10,12,9,11,7,9,3,10,9,14,9,9,4,6,3,0,0,0,0,,802
547,Clapham Common,Nov-16,,0,0,0,0,0,0,0,0,0,0,0,0,1,3,5,6,9,15,22,25,37,54,71,69,62,66,85,95,94,101,125,135,131,121,129,137,139,135,148,160,164,166,175,180,183,190,195,193,192,194,199,194,193,199,210,214,223,233,250,264,276,283,291,301,306,310,311,314,300,302,293,284,260,271,263,238,211,205,209,194,183,191,207,212,211,207,208,206,201,180,150,96,52,26,14,6,,13963
548,Clapham North,Nov-16,,0,0,0,0,0,0,0,0,0,0,0,0,1,2,2,4,9,15,20,22,22,25,31,34,32,32,43,51,53,44,51,54,56,54,62,68,71,74,81,88,90,92,105,111,111,109,119,123,122,120,124,130,129,134,138,144,149,158,167,184,199,209,212,215,219,210,210,219,229,207,204,208,208,205,198,186,173,171,160,149,149,165,169,164,158,168,173,157,146,141,122,71,32,18,11,7,,9502
549,Clapham South,Nov-16,,0,0,0,0,0,0,0,0,0,0,0,0,2,3,3,3,5,10,18,23,37,61,75,63,45,41,51,59,65,64,76,80,82,72,85,89,88,83,92,98,99,103,109,115,120,123,127,123,123,124,129,124,127,129,137,138,152,164,175,181,198,214,223,215,212,208,215,208,190,179,178,178,162,154,142,131,125,123,124,120,119,131,150,157,139,132,138,141,129,114,96,63,35,19,12,9,,9178
550,Cockfosters,Nov-16,,0,0,0,0,0,0,0,0,0,0,0,0,0,0,0,0,0,4,5,8,13,18,22,22,19,17,19,20,21,20,23,23,22,20,20,21,25,27,31,27,30,28,33,33,34,34,37,38,38,37,39,39,37,34,36,44,48,49,50,49,61,72,85,84,90,83,76,72,63,55,47,48,49,54,53,43,37,36,36,34,30,31,32,34,40,41,42,33,29,21,22,18,14,5,3,0,,2787
551,Colindale,Nov-16,,0,0,0,0,0,0,0,0,0,0,0,0,2,2,2,1,6,13,19,23,29,44,53,48,35,39,48,50,42,39,40,43,43,43,42,46,46,49,49,53,50,53,56,63,72,86,94,92,83,79,81,87,93,97,98,95,95,100,104,109,110,112,119,121,126,131,136,133,129,120,109,102,97,102,100,96,91,94,86,85,84,85,84,84,82,87,97,93,85,78,80,64,38,15,10,9,,5910
552,Colliers Wood,Nov-16,,0,0,0,0,0,0,0,0,0,0,0,0,4,3,4,3,8,20,30,30,33,46,59,53,42,37,43,44,45,42,47,50,56,56,58,61,66,71,76,80,87,93,100,102,109,120,133,130,117,118,126,133,130,132,125,129,133,144,152,150,151,155,165,166,157,151,151,153,141,134,130,122,116,110,110,102,100,97,97,90,90,98,108,108,107,105,112,117,115,103,92,74,44,19,9,9,,7538
553,Covent Garden,Nov-16,,0,0,0,0,0,0,0,0,0,0,0,0,0,0,5,7,10,18,38,48,49,65,98,102,77,77,137,187,202,232,346,430,446,454,553,627,651,695,798,881,909,938,960,965,957,930,942,963,965,891,839,815,808,781,772,786,800,756,747,816,861,830,811,855,858,849,835,844,812,708,588,507,487,415,378,341,307,235,194,168,148,120,120,110,95,65,59,51,37,15,1,0,0,0,0,0,,37277
554,Croxley,Nov-16,,0,0,0,0,0,0,0,0,0,0,0,0,0,0,0,0,1,1,3,4,4,4,4,4,4,5,5,7,6,5,3,4,4,3,3,4,4,5,6,7,6,6,8,8,7,7,8,7,7,6,8,8,8,9,9,9,9,11,12,13,17,20,19,17,19,21,19,19,18,18,15,14,14,15,11,9,9,10,9,7,9,11,11,11,12,14,13,15,14,12,9,8,0,0,0,0,,705
555,Dagenham East,Nov-16,,0,0,0,0,0,0,0,0,0,0,0,0,0,0,1,3,4,8,8,10,14,20,22,19,16,16,17,19,21,24,25,21,19,20,21,22,23,27,30,36,36,37,42,45,41,44,59,71,75,66,66,64,59,45,47,49,46,49,57,67,68,71,66,69,67,62,59,63,57,52,53,53,46,40,40,40,42,37,31,29,31,31,26,27,24,30,34,31,23,20,18,12,9,6,2,0,,2900
556,Dagenham Heathway,Nov-16,,0,0,0,0,0,0,0,0,0,0,0,0,2,2,1,7,11,17,18,27,31,38,37,40,38,43,52,57,57,57,60,64,65,62,60,66,71,71,71,77,79,74,81,94,106,111,130,131,116,94,109,127,123,110,118,123,122,121,132,135,144,134,126,129,136,132,126,130,122,108,106,110,103,84,88,87,94,88,80,66,65,62,58,57,55,67,72,65,52,44,36,25,21,12,5,0,,6327
557,Debden,Nov-15,,0,0,0,0,0,0,0,0,0,0,0,0,0,0,3,3,3,4,6,6,9,13,17,15,13,11,12,10,11,14,17,15,16,17,20,15,13,16,22,20,18,19,26,27,28,25,26,28,32,25,26,25,31,30,35,32,33,34,35,37,41,48,49,45,39,38,35,37,39,35,31,29,29,25,25,21,21,23,22,18,18,21,18,19,25,29,26,25,25,20,17,16,15,7,4,0,,1828
558,Dollis Hill,Nov-16,,0,0,0,0,0,0,0,0,0,0,0,0,3,3,5,7,9,9,14,17,21,22,28,26,22,20,22,21,20,22,26,28,27,26,28,29,32,34,36,36,41,46,49,47,53,59,66,65,62,59,64,67,69,67,67,69,73,77,82,81,88,90,94,86,91,97,103,94,82,74,71,71,72,68,62,58,57,55,53,53,54,58,51,52,56,67,63,59,56,59,54,36,27,20,17,10,,4114
560,Ealing Broadway,Nov-16,,0,0,0,0,0,0,0,0,0,0,0,0,31,19,21,25,31,34,50,78,104,127,127,126,123,124,128,140,147,145,148,157,165,160,174,186,194,179,193,207,224,226,256,253,288,314,359,346,351,313,302,307,331,333,351,344,357,382,399,389,402,416,426,476,505,470,428,439,441,404,370,353,342,304,283,280,280,244,222,245,244,231,223,258,256,255,239,231,207,196,195,180,178,120,112,129,,20352
561,Ealing Common,Nov-16,,0,0,0,0,0,0,0,0,0,0,0,0,0,0,3,2,4,6,8,10,15,22,23,20,18,20,23,29,32,28,25,23,21,18,20,21,22,24,26,25,27,29,32,33,36,36,43,46,46,42,46,43,44,42,46,44,47,47,53,51,56,61,62,62,66,68,66,62,59,56,52,46,44,45,46,43,42,40,40,40,35,38,39,44,46,46,43,41,38,29,25,21,13,5,0,0,,2840
562,Earl's Court,Nov-16,,0,0,0,0,0,0,0,0,0,0,0,0,5,6,16,27,53,79,105,126,179,247,290,248,185,159,182,189,187,197,240,288,293,283,310,331,311,290,302,302,288,309,357,384,375,362,421,381,385,355,399,362,377,364,371,368,397,390,408,427,483,474,489,508,495,439,398,437,496,485,455,453,427,361,350,366,346,336,310,305,310,386,423,391,320,267,261,244,223,226,217,159,63,20,2,0,,24835
563,East Acton,Nov-15,,0,0,0,0,0,0,0,0,0,0,0,0,0,0,2,1,6,12,16,20,28,33,35,32,29,30,34,31,27,24,27,25,27,27,29,29,32,32,32,33,38,44,51,55,60,60,61,60,58,60,61,60,58,58,62,69,79,79,75,71,73,79,84,83,78,88,96,93,84,83,76,67,65,67,62,57,55,53,51,50,53,55,60,61,61,63,59,60,60,74,64,36,9,0,0,0,,4031
565,East Finchley,Nov-15,,0,0,0,0,0,0,0,0,0,0,0,0,0,3,2,3,6,9,11,18,26,35,40,39,33,34,40,40,38,36,38,39,40,40,44,49,50,50,56,61,61,61,70,79,89,94,97,97,95,95,103,110,113,120,128,132,136,143,143,151,162,174,184,193,193,192,188,173,154,154,146,140,124,120,115,114,103,95,96,96,93,110,126,140,130,130,127,130,122,124,97,63,25,11,0,0,,7341
566,East Ham,Nov-16,,0,0,0,0,0,0,0,0,0,0,0,0,1,2,10,12,22,28,42,44,51,65,85,87,74,76,94,101,96,99,110,115,114,115,130,135,134,134,152,164,173,187,210,237,255,309,366,370,307,289,308,307,285,289,304,301,303,332,355,357,350,338,353,338,347,355,364,340,317,301,285,282,256,228,228,214,195,180,175,160,150,154,155,157,162,172,170,177,163,150,114,94,51,28,0,0,,15639
567,East Putney,Nov-16,,0,0,0,0,0,0,0,0,0,0,0,0,0,1,2,2,3,4,8,13,26,36,43,40,35,31,40,43,40,36,43,46,48,46,54,56,59,56,65,70,80,86,88,89,92,90,97,96,102,96,101,93,93,94,95,100,109,116,115,128,141,149,150,157,159,150,136,132,130,129,134,129,112,90,85,81,83,78,80,76,71,69,80,89,89,86,84,74,61,64,69,51,21,7,0,0,,6202
564,Eastcote,Nov-16,,0,0,0,0,0,0,0,0,0,0,0,0,0,0,0,2,2,4,5,6,10,13,19,18,16,14,17,16,15,17,22,19,18,17,21,20,24,26,28,28,32,33,37,35,36,35,41,41,46,46,48,40,46,47,55,49,57,55,60,56,61,64,71,71,68,62,63,58,52,45,44,40,40,39,40,34,33,26,30,27,28,27,33,32,31,33,34,29,27,27,24,21,14,5,0,0,,2625
568,Edgware,Nov-16,,0,0,0,0,0,0,0,0,0,0,0,0,2,2,2,3,4,10,12,15,20,27,27,26,24,29,35,38,38,43,44,44,42,42,41,45,49,54,55,57,56,63,70,76,80,87,93,97,98,92,88,83,81,80,91,95,96,97,105,109,112,109,111,115,111,108,111,109,95,89,88,85,81,73,70,70,66,56,55,53,58,59,65,65,71,67,63,64,61,56,51,43,32,19,12,4,,5124
774,Edgware Road (Bak),Nov-16,,0,0,0,0,0,0,0,0,0,0,0,0,0,0,0,6,9,16,22,27,32,46,58,50,33,28,38,47,50,52,61,69,71,65,65,64,62,60,69,73,68,67,72,79,74,74,82,91,92,88,89,92,94,92,86,87,94,98,97,99,99,99,100,104,101,97,98,100,99,94,89,83,82,83,79,77,75,71,68,68,69,75,83,79,67,61,61,56,42,35,25,15,0,0,0,0,,5322
569,Edgware Road (Cir),Nov-16,,0,0,0,0,0,0,0,0,0,0,0,0,0,2,4,7,9,14,20,21,23,31,38,34,33,41,58,62,63,67,89,92,83,79,92,96,92,93,98,106,105,104,104,108,108,106,110,115,116,114,115,120,114,115,116,113,106,109,118,117,117,120,128,124,122,120,123,116,111,108,105,103,92,87,84,83,72,68,67,64,60,56,51,52,54,54,45,44,36,33,27,24,17,0,0,0,,6247
570,Elephant & Castle,Nov-16,,0,0,0,0,0,0,0,0,0,0,0,0,0,4,8,13,31,53,85,133,192,216,190,139,108,120,157,174,165,169,212,254,261,263,270,276,261,257,264,277,285,290,297,314,343,361,368,369,357,357,370,388,372,368,369,376,364,362,386,409,420,424,441,451,447,440,448,457,451,441,424,401,373,370,360,344,317,320,323,319,318,339,342,360,371,394,390,378,355,331,256,133,39,4,0,0,,23638
571,Elm Park,Nov-16,,0,0,0,0,0,0,0,0,0,0,0,0,0,0,1,3,3,5,6,8,7,9,13,16,15,12,12,14,14,16,18,19,17,18,18,19,20,22,23,28,30,32,33,36,33,35,41,48,45,35,39,46,47,39,43,45,49,51,53,56,56,62,70,89,81,70,63,68,65,56,52,45,48,48,46,40,37,39,38,35,32,32,34,37,41,42,45,41,34,29,27,21,15,12,9,0,,2751
542,Embankment,Nov-16,,0,0,0,0,0,0,0,0,0,0,0,0,6,6,13,23,33,52,70,77,86,117,143,132,112,117,149,171,197,238,310,360,384,396,454,508,528,553,600,621,612,631,663,673,675,687,693,709,700,674,624,604,573,572,570,575,570,593,620,632,636,665,674,674,651,629,613,643,626,529,431,379,358,320,280,237,218,204,194,175,158,156,167,169,154,140,125,102,76,59,55,41,25,11,8,4,,29692
572,Epping,Nov-16,,0,0,0,0,0,0,0,0,0,0,0,0,0,2,3,3,2,2,9,12,12,11,13,16,16,18,15,21,21,26,24,26,23,24,26,33,31,25,19,25,30,36,41,38,31,34,44,46,43,43,44,49,49,45,51,57,60,67,71,79,88,92,103,127,130,106,99,103,97,89,76,67,65,67,57,56,51,49,44,49,49,51,47,50,49,59,54,57,45,45,27,24,22,29,0,0,,3639
574,Euston,Nov-16,,0,0,0,0,0,0,0,0,0,0,0,0,21,26,52,101,142,219,308,392,430,505,576,608,636,731,844,850,830,855,905,869,854,882,932,886,856,839,854,837,852,875,866,829,803,821,837,810,771,757,781,782,794,810,847,861,889,913,929,951,1037,1182,1319,1319,1224,1129,1069,1003,913,840,767,733,686,634,576,519,478,450,424,395,415,478,530,506,467,456,446,384,260,160,111,90,73,68,59,29,,54847
575,Euston Square,Nov-16,,0,0,0,0,0,0,0,0,0,0,0,0,1,3,8,13,20,32,48,58,70,87,107,111,108,112,140,153,164,176,185,169,169,175,178,173,162,165,176,174,167,160,162,157,161,168,164,164,159,147,140,142,138,135,133,130,123,125,128,131,127,129,139,147,142,138,129,114,109,112,121,106,91,74,70,60,50,46,44,43,41,42,38,38,39,43,46,37,26,16,11,7,2,0,0,0,,8448
576,Fairlop,Nov-16,,0,0,0,0,0,0,0,0,0,0,0,0,0,1,1,0,0,2,2,3,3,5,5,5,4,6,8,12,11,11,11,13,13,12,11,12,13,15,14,15,20,22,26,30,33,28,27,26,25,23,23,21,20,16,13,15,21,21,18,20,21,26,31,33,26,26,26,28,26,21,17,18,18,15,14,13,15,14,14,11,10,10,12,12,10,8,10,11,11,9,8,5,4,4,4,3,,1200
577,Farringdon,Nov-16,,0,0,0,0,0,0,0,0,0,0,0,0,0,1,1,5,11,13,18,25,34,46,60,58,45,42,48,53,55,70,86,92,84,80,89,92,90,88,96,106,108,106,106,110,108,105,103,98,95,91,94,92,89,76,81,80,79,74,92,97,96,91,107,114,121,127,136,139,137,131,123,121,115,106,90,78,66,61,53,44,35,38,41,42,34,31,27,22,16,15,13,7,0,0,0,0,,5749
578,Finchley Central,Nov-16,,0,0,0,0,0,0,0,0,0,0,0,0,0,1,1,2,3,4,10,18,23,20,20,25,26,33,35,35,30,41,54,60,53,43,42,46,48,53,45,52,64,68,61,70,73,67,69,80,96,103,81,74,85,86,100,108,110,107,129,138,140,128,150,171,164,140,168,158,138,113,135,128,125,105,98,101,87,83,91,102,116,126,132,113,98,93,96,96,87,75,69,51,22,9,5,4,,6309
579,Finchley Road,Nov-16,,0,0,0,0,0,0,0,0,0,0,0,0,6,6,10,16,21,27,40,53,68,90,100,84,68,74,93,96,91,90,111,122,116,103,112,116,118,111,127,133,139,141,148,150,152,161,175,180,175,169,173,175,174,175,182,193,194,205,219,232,233,247,250,252,243,236,223,213,201,191,180,164,148,139,127,116,107,105,102,96,94,97,99,96,101,102,102,86,77,71,62,40,30,27,25,20,,10416
580,Finsbury Park,Aut-07,,0,0,0,0,0,0,0,0,0,0,0,0,1,7,19,32,48,63,77,112,137,171,184,193,190,206,206,220,259,308,343,374,373,366,381,428,486,522,545,512,522,536,542,542,581,594,592,607,678,702,665,652,710,721,729,750,842,798,856,813,863,843,844,718,792,899,901,786,749,701,616,557,523,460,460,421,454,392,390,353,370,337,322,341,409,458,454,420,412,402,312,149,25,0,0,0,,37328
581,Fulham Broadway,Nov-16,,0,0,0,0,0,0,0,0,0,0,0,0,3,3,2,4,9,20,29,50,62,97,113,115,88,100,110,122,117,133,168,187,158,131,125,132,117,131,142,162,168,190,183,175,159,169,175,188,180,187,192,182,171,179,175,173,174,196,190,197,200,219,217,204,202,219,206,195,194,221,197,184,159,158,136,127,114,114,101,104,94,102,100,105,90,87,82,76,70,59,53,31,17,0,0,0,,10670
582,Gants Hill,Nov-16,,0,0,0,0,0,0,0,0,0,0,0,0,7,7,7,9,10,13,12,19,23,26,31,37,37,35,38,41,40,43,48,53,51,45,44,45,47,51,57,59,57,67,81,89,85,94,116,131,118,120,136,146,128,120,123,131,139,149,169,176,180,175,202,205,213,187,197,192,186,164,164,169,149,139,137,142,129,129,119,108,106,111,107,105,99,97,96,104,83,76,61,63,32,34,30,41,,7841
583,Gloucester Road,Nov-16,,0,0,0,0,0,0,0,0,0,0,0,0,2,1,8,17,28,41,65,84,94,128,170,166,132,124,150,154,145,146,169,175,157,147,172,187,181,173,190,202,202,209,215,217,207,239,287,297,264,247,265,271,264,261,265,285,310,320,321,323,338,336,346,351,356,347,347,343,328,306,293,276,251,227,217,212,204,201,199,195,192,213,248,245,209,173,156,138,114,101,71,35,2,0,0,0,,16247
584,Golders Green,Nov-16,,0,0,0,0,0,0,0,0,0,0,0,0,1,2,4,9,14,21,28,38,54,67,73,66,56,60,73,75,71,73,83,83,76,70,70,71,72,75,80,80,81,87,96,105,109,111,111,115,116,121,119,117,114,120,127,140,140,142,148,156,161,169,175,178,180,182,185,185,171,151,138,132,127,125,118,116,120,124,118,117,120,120,118,121,124,132,134,126,121,124,111,79,42,18,9,13,,8404
585,Goldhawk Road,Nov-16,,0,0,0,0,0,0,0,0,0,0,0,0,0,0,0,1,1,1,1,2,4,9,13,13,10,8,11,13,16,17,18,20,22,23,24,24,24,24,28,30,31,30,34,39,41,41,39,39,39,39,38,40,39,36,36,36,35,37,45,51,47,47,47,47,41,44,46,45,42,42,38,32,29,28,22,24,28,26,21,20,22,21,20,19,19,18,18,17,17,17,14,8,4,0,0,0,,2052
586,Goodge Street,Nov-16,,0,0,0,0,0,0,0,0,0,0,0,0,1,1,2,6,9,12,19,26,28,30,51,62,60,56,76,86,95,105,133,139,124,104,119,132,125,110,124,137,137,133,140,145,142,142,143,145,141,135,134,128,118,115,122,116,107,100,105,106,107,101,110,120,120,111,115,116,116,110,107,96,87,78,67,54,45,40,36,33,33,34,34,30,26,24,21,18,16,14,9,4,2,2,3,0,,6565
587,Grange Hill,Nov-16,,0,0,0,0,0,0,0,0,0,0,0,0,0,0,0,1,0,0,0,6,8,8,4,5,5,4,3,4,4,3,3,4,4,3,3,2,3,3,4,3,4,3,4,4,5,4,6,7,8,7,10,10,8,6,7,7,9,7,7,10,13,12,10,12,12,12,10,11,9,9,9,11,8,8,7,8,5,5,6,6,4,4,5,7,5,4,5,4,3,4,0,0,0,0,0,0,,448
588,Great Portland Street,Nov-16,,0,0,0,0,0,0,0,0,0,0,0,0,1,1,3,6,8,11,19,32,51,70,78,69,55,54,76,85,79,68,73,75,73,68,68,71,71,73,78,75,73,74,80,80,75,73,74,76,69,71,71,74,70,70,69,67,62,64,66,64,64,67,69,71,73,72,71,73,77,77,70,62,58,55,52,47,46,42,42,43,45,44,41,41,38,37,34,29,23,18,15,10,5,1,0,0,,4525
590,Green Park,Nov-16,,0,0,0,0,0,0,0,0,0,0,0,0,22,44,71,84,92,148,214,258,283,361,441,425,356,374,480,546,588,665,809,892,948,1052,1225,1318,1290,1252,1235,1228,1191,1175,1174,1171,1136,1111,1158,1218,1190,1147,1159,1162,1114,1082,1099,1064,991,947,970,963,916,881,862,853,817,760,735,723,702,643,598,514,449,406,365,302,255,234,214,202,201,218,217,196,164,145,140,129,116,96,91,98,94,85,50,22,,52416
589,Greenford,Nov-15,,0,0,0,0,0,0,0,0,0,0,0,0,0,0,7,6,14,24,30,26,25,29,32,32,30,27,27,30,30,23,28,31,31,26,31,35,37,36,42,47,49,50,49,56,62,84,97,106,100,99,94,97,104,103,97,106,111,116,115,113,106,121,130,137,124,118,107,121,114,99,88,90,77,68,74,77,65,50,56,60,63,54,63,55,57,52,62,53,54,50,43,32,21,13,0,0,,5098
591,Gunnersbury,Nov-16,,0,0,0,0,0,0,0,0,0,0,0,0,0,0,0,1,1,9,18,30,38,54,55,54,48,56,55,48,39,40,40,37,33,34,36,38,35,34,35,40,41,44,44,54,53,60,57,64,58,63,56,56,47,54,54,62,56,64,62,67,73,87,85,86,85,85,72,71,65,66,57,56,56,57,50,44,40,43,41,38,31,34,44,50,47,41,47,47,41,28,17,11,6,5,0,0,,3730
592,Hainault,Nov-16,,0,0,0,0,0,0,0,0,0,0,0,0,7,6,4,2,3,8,12,13,12,16,17,19,17,18,16,16,15,18,19,20,17,18,19,24,26,27,24,25,28,31,31,41,46,56,58,60,59,72,78,73,69,67,65,70,80,86,74,77,80,98,99,107,95,92,88,90,87,79,78,71,71,63,64,57,56,50,49,42,46,46,43,42,44,44,44,51,44,42,39,32,26,27,19,5,,3769
593,Hammersmith (Dis),Nov-16,,0,0,0,0,0,0,0,0,0,0,0,0,2,3,12,31,56,84,115,167,237,305,335,292,243,242,291,308,303,309,338,346,334,324,336,348,363,371,397,421,436,441,450,466,465,485,503,512,493,482,478,467,444,444,465,458,451,479,519,524,544,590,635,651,665,669,667,662,660,639,583,502,413,363,337,326,290,290,282,275,256,275,310,324,310,307,338,312,266,208,188,105,36,0,0,0,,29653
773,Hammersmith (H&C),Nov-16,,0,0,0,0,0,0,0,0,0,0,0,0,0,2,8,10,14,19,28,36,47,55,63,63,64,72,89,94,88,95,114,124,120,122,124,143,147,165,184,206,192,192,208,194,192,195,207,209,220,211,203,189,197,187,213,216,233,222,238,240,238,260,263,247,236,234,217,207,211,192,146,130,132,127,103,95,94,86,81,70,75,75,80,77,81,73,66,55,52,51,44,34,22,10,0,0,,10618
594,Hampstead,Nov-16,,0,0,0,0,0,0,0,0,0,0,0,0,1,2,2,3,5,7,13,22,30,38,50,48,39,43,66,76,74,74,99,106,90,68,77,88,94,91,106,112,111,105,111,114,117,120,120,119,116,115,116,114,110,106,107,106,103,98,98,102,107,109,106,109,107,103,95,95,93,85,77,68,64,60,57,50,45,42,40,40,42,43,46,50,49,43,40,39,35,31,27,20,10,4,3,3,,5769
595,Hanger Lane,Nov-16,,0,0,0,0,0,0,0,0,0,0,0,0,0,0,2,2,14,25,32,26,32,39,39,31,23,29,28,31,29,30,31,34,32,28,24,23,23,25,26,29,34,37,36,29,35,49,63,59,56,47,52,60,67,60,65,64,70,76,84,79,79,78,78,83,79,78,79,77,76,74,66,59,65,64,56,60,54,55,50,55,51,53,47,48,54,65,48,50,47,53,38,28,7,0,0,0,,3763
596,Harlesden,Nov-16,,0,0,0,0,0,0,0,0,0,0,0,0,0,0,16,15,25,37,35,30,31,37,46,48,34,23,27,30,28,24,24,22,22,21,25,26,26,21,25,25,28,26,32,33,36,38,44,45,44,43,46,43,42,40,42,45,49,45,49,53,55,53,57,58,53,55,58,55,45,44,48,45,38,35,40,37,32,28,29,29,30,30,29,24,23,21,21,22,23,14,8,9,0,0,0,0,,2694
597,Harrow & Wealdstone,Nov-16,,0,0,0,0,0,0,0,0,0,0,0,0,0,8,5,3,7,8,10,12,20,28,35,31,33,35,41,36,35,31,32,30,31,27,29,34,40,38,41,40,47,45,48,46,60,62,80,83,91,75,78,73,84,76,85,87,105,95,98,93,112,106,121,122,132,107,118,112,123,101,98,74,69,60,73,73,62,43,40,42,43,38,32,30,38,45,44,35,28,24,17,10,0,0,0,0,,4403
598,Harrow-on-the-Hill,Nov-16,,0,0,0,0,0,0,0,0,0,0,0,0,0,3,7,12,17,23,30,34,43,51,61,59,57,66,88,99,98,108,125,128,110,115,131,144,143,151,160,171,178,185,193,204,211,229,251,265,240,228,228,234,224,226,221,209,205,222,228,225,225,234,227,224,215,219,199,203,189,189,170,170,154,152,146,136,123,123,116,107,107,116,118,114,109,115,126,129,106,86,86,72,42,0,0,0,,11487
779,Hatton Cross,Nov-16,,0,0,0,0,0,0,0,0,0,0,0,0,4,6,10,10,13,25,36,37,33,32,30,25,27,28,26,24,22,27,27,27,22,22,22,25,26,27,29,31,33,35,38,43,45,47,46,45,49,53,52,48,48,53,52,55,55,54,51,54,58,62,64,73,87,91,78,74,76,75,61,62,68,74,64,66,64,61,49,52,58,62,55,53,54,56,55,49,38,34,32,33,26,17,5,0,,3615
780,Heathrow Terminals 123,Nov-16,,0,0,0,0,0,0,0,0,0,0,0,0,22,25,26,40,44,74,95,121,117,142,150,142,136,154,157,146,151,168,184,173,164,157,159,151,146,147,158,166,165,163,171,174,190,210,202,171,151,155,155,147,153,154,161,158,174,159,155,146,170,189,194,194,203,191,162,148,144,139,121,110,93,94,79,65,55,50,46,44,49,53,53,57,57,63,67,67,57,41,24,15,15,12,5,0,,9955
781,Heathrow Terminal 4,Nov-16,,0,0,0,0,0,0,0,0,0,0,0,0,6,10,15,15,9,20,36,48,46,47,46,45,51,53,46,40,39,39,37,42,42,37,36,43,45,52,52,59,55,63,58,72,66,67,60,66,57,60,58,67,63,64,52,57,56,64,57,61,69,87,81,82,84,96,83,75,59,62,48,43,35,36,26,21,16,12,8,9,9,11,12,13,14,16,15,12,7,3,1,0,0,0,0,0,,3424
783,Heathrow Terminal 5,Nov-16,,0,0,0,0,0,0,0,0,0,0,0,0,22,27,33,42,34,51,68,79,62,70,83,89,80,80,82,76,79,80,88,80,86,77,81,79,83,90,102,95,97,102,122,113,123,131,133,111,93,89,91,92,90,89,94,106,108,100,87,95,101,109,95,85,76,72,60,59,58,57,52,46,38,39,37,29,27,25,25,18,17,16,15,12,10,10,13,11,8,6,5,4,3,3,0,0,,5305
601,Hendon Central,Nov-16,,0,0,0,0,0,0,0,0,0,0,0,0,1,2,3,2,6,17,29,34,37,43,47,44,36,39,52,53,48,51,60,59,53,52,53,53,50,55,58,60,59,66,74,79,81,88,99,104,99,94,96,100,97,96,102,108,109,113,127,135,137,129,131,136,137,140,141,135,124,124,123,116,113,107,103,101,101,97,92,92,93,96,100,105,107,107,100,104,111,104,81,60,42,21,10,5,,6648
602,High Barnet,Nov-16,,0,0,0,0,0,0,0,0,0,0,0,0,1,1,1,1,1,4,8,12,15,17,17,18,18,16,15,18,20,20,21,22,21,18,20,21,23,24,26,27,28,29,31,30,32,34,37,38,38,37,38,41,44,45,43,45,53,57,58,60,64,69,74,82,84,83,80,75,66,64,61,57,48,52,52,49,42,41,40,40,44,44,46,45,46,47,48,45,41,43,39,32,26,18,10,5,,3046
605,High Street Kensington,Nov-16,,0,0,0,0,0,0,0,0,0,0,0,0,1,2,4,12,23,31,49,58,68,80,124,134,120,119,156,186,173,188,214,245,227,228,251,283,295,286,310,314,340,325,319,315,324,325,336,346,336,303,320,324,335,300,295,290,280,269,268,267,254,245,246,248,261,270,252,220,205,201,168,154,153,153,125,106,103,107,104,88,88,89,105,110,105,84,75,63,58,58,52,33,16,9,0,0,,15006
603,Highbury & Islington,Nov-16,,0,0,0,0,0,0,0,0,0,0,0,0,16,15,21,27,40,57,77,114,137,173,167,167,142,184,218,240,213,235,269,292,261,255,261,282,261,286,312,357,342,361,395,430,387,372,373,401,357,369,354,384,343,361,368,395,375,425,454,504,491,543,553,618,609,636,597,627,594,602,548,553,503,470,397,356,325,306,287,273,249,238,249,262,253,260,272,278,276,267,219,163,125,124,96,61,,26109
604,Highgate,Nov-16,,0,0,0,0,0,0,0,0,0,0,0,0,0,1,0,1,3,6,7,10,15,27,38,40,31,25,27,33,33,36,38,40,39,40,44,47,46,47,51,60,62,68,69,73,73,80,85,87,85,83,83,86,87,90,97,103,102,109,119,124,127,140,149,149,151,156,148,138,132,126,111,101,101,95,82,72,72,75,72,74,75,81,87,90,90,86,83,84,83,75,51,39,23,15,6,6,,5795
606,Hillingdon,Nov-16,,0,0,0,0,0,0,0,0,0,0,0,0,0,0,0,0,3,4,5,6,8,12,12,10,7,9,11,14,11,11,12,14,12,12,14,15,12,12,14,18,15,16,14,17,18,21,20,20,21,22,20,22,25,23,21,23,27,32,31,32,32,35,38,49,55,53,46,42,38,40,35,35,24,26,25,27,20,22,23,20,16,18,24,23,20,21,29,30,27,20,15,12,9,5,1,0,,1653
607,Holborn,Nov-16,,0,0,0,0,0,0,0,0,0,0,0,0,8,9,23,46,75,91,120,147,168,213,268,265,230,259,333,375,382,465,642,755,708,641,656,663,628,638,696,750,766,759,787,827,829,810,865,905,864,771,733,700,682,661,655,626,600,603,609,600,580,585,633,645,611,590,616,608,554,499,457,414,375,336,303,269,242,223,211,202,186,179,179,175,154,142,136,138,139,119,89,59,51,40,27,10,,35682
608,Holland Park,Nov-16,,0,0,0,0,0,0,0,0,0,0,0,0,2,2,4,4,7,8,12,14,25,52,79,75,49,33,40,41,35,29,51,62,58,49,56,54,48,43,51,57,60,59,64,67,63,62,66,68,65,64,69,74,72,67,67,69,73,72,66,63,67,66,65,64,61,54,53,53,51,45,43,40,38,32,33,30,29,25,25,25,28,32,35,34,32,30,29,25,24,24,21,17,15,16,13,13,,3657
609,Holloway Road,Nov-16,,0,0,0,0,0,0,0,0,0,0,0,0,0,2,1,2,4,9,15,21,27,40,51,45,35,40,58,58,61,75,90,87,82,82,96,104,99,81,82,88,91,94,98,96,93,88,89,95,101,97,100,102,100,96,104,105,107,113,126,133,139,134,132,136,140,136,127,135,134,138,134,138,131,131,116,109,103,114,105,99,93,91,95,100,101,86,86,88,83,73,61,34,9,2,0,0,,6996
610,Hornchurch,Nov-16,,0,0,0,0,0,0,0,0,0,0,0,0,0,0,1,1,1,5,10,9,9,13,21,18,14,12,16,17,14,11,13,13,13,14,16,15,16,18,20,22,23,25,26,28,29,30,32,35,34,31,33,35,32,28,34,34,34,33,37,42,45,48,46,58,59,56,52,55,56,49,47,43,47,47,42,33,29,28,29,27,28,27,26,23,25,28,30,27,25,22,18,16,12,8,4,0,,2182
611,Hounslow Central,Nov-16,,0,0,0,0,0,0,0,0,0,0,0,0,0,1,2,2,5,7,11,12,21,25,28,25,29,29,37,34,33,29,33,29,26,27,32,30,33,36,39,34,39,42,47,48,58,61,70,75,82,82,81,76,69,69,73,75,73,70,72,70,74,70,72,74,81,76,76,75,80,75,76,66,66,63,63,62,65,63,55,57,63,66,61,54,49,51,54,47,40,33,30,28,23,10,0,0,,3979
612,Hounslow East,Nov-16,,0,0,0,0,0,0,0,0,0,0,0,0,1,2,3,3,6,12,18,21,26,28,33,35,37,36,35,32,31,32,33,33,30,28,29,33,34,38,38,42,45,51,58,64,71,73,78,76,76,73,75,74,71,73,83,85,76,66,78,86,86,79,89,97,102,97,91,83,86,83,90,87,92,80,77,71,71,62,54,54,55,58,59,57,54,61,64,55,44,37,39,39,31,11,0,0,,4456
613,Hounslow West,Nov-16,,0,0,0,0,0,0,0,0,0,0,0,0,2,2,3,3,8,14,19,17,17,21,24,24,23,24,24,24,25,26,30,29,27,27,29,28,28,30,34,33,35,36,43,46,48,48,56,62,76,82,79,68,67,65,63,65,64,68,67,70,73,82,82,81,92,91,86,82,91,92,90,79,80,87,83,76,71,70,65,73,78,80,72,68,66,71,72,59,46,36,37,33,29,15,3,0,,4194
614,Hyde Park Corner,Nov-16,,0,0,0,0,0,0,0,0,0,0,0,0,0,0,3,6,10,21,34,37,56,102,135,109,66,54,64,67,71,84,102,116,124,133,151,162,157,155,172,187,179,176,180,186,174,171,174,186,182,178,173,176,164,164,173,182,165,153,149,143,130,123,124,117,121,106,97,85,89,80,78,72,61,51,47,41,35,34,32,30,30,35,36,33,25,21,20,21,18,15,8,4,0,0,0,0,,7625
615,Ickenham,Nov-16,,0,0,0,0,0,0,0,0,0,0,0,0,0,0,2,2,2,1,2,4,5,5,5,6,6,7,7,5,5,7,8,8,7,8,9,10,10,11,11,13,14,15,16,16,17,18,18,17,15,15,16,18,18,18,20,20,21,23,22,22,24,24,26,31,34,29,27,25,22,23,22,22,18,20,18,16,13,12,12,12,12,15,15,14,12,14,18,17,15,11,10,7,5,3,0,0,,1123
616,Kennington,Nov-16,,0,0,0,0,0,0,0,0,0,0,0,0,2,4,3,5,9,14,15,15,15,21,30,30,25,23,31,34,30,31,36,40,36,37,42,50,49,48,55,63,65,64,67,69,74,79,84,82,82,84,90,90,89,92,99,104,106,110,117,125,131,132,137,144,145,138,136,135,133,131,130,125,118,116,111,105,99,98,96,92,96,99,102,102,107,113,109,104,98,98,90,61,30,16,16,11,,6269
617,Kensal Green,Nov-16,,0,0,0,0,0,0,0,0,0,0,0,0,0,0,2,2,4,4,8,10,14,20,26,19,12,13,21,21,18,15,20,22,22,22,26,28,30,31,33,33,31,30,34,38,39,41,44,41,40,41,44,44,41,42,49,54,50,43,45,53,62,63,64,64,63,64,68,70,64,61,60,55,49,47,48,47,42,38,41,40,36,37,45,46,40,39,46,51,46,32,22,18,0,0,0,0,,2888
618,Kensington (Olympia),Aut-11,,0,0,0,0,0,0,0,0,0,0,0,0,0,0,0,0,0,1,4,8,9,9,15,20,11,9,20,38,20,25,78,79,52,88,201,211,136,152,248,322,308,0,0,425,21,163,315,423,181,167,225,370,197,139,148,270,155,107,95,149,64,50,85,137,74,51,46,59,21,24,29,31,11,17,24,26,6,11,15,13,20,28,28,17,27,25,21,14,0,0,0,0,0,0,0,0,,6588
619,Kentish Town,Nov-16,,0,0,0,0,0,0,0,0,0,0,0,0,1,1,3,6,10,17,24,27,28,35,47,48,40,34,48,56,59,55,64,70,74,69,73,77,79,78,88,94,101,106,119,123,129,128,131,126,120,112,120,122,122,113,122,131,136,136,148,157,169,170,183,195,217,221,226,225,227,213,210,194,181,157,143,132,120,114,104,100,94,104,110,106,102,103,106,97,85,72,60,41,18,10,6,6,,8428
620,Kenton,Nov-16,,0,0,0,0,0,0,0,0,0,0,0,0,1,1,2,4,4,6,8,17,21,29,28,23,20,26,26,27,28,25,15,12,13,18,17,15,16,19,16,16,20,26,23,26,30,37,33,42,47,45,31,33,40,47,38,41,43,51,33,41,50,60,39,44,47,52,34,42,48,53,35,30,30,34,31,31,29,25,18,16,16,17,17,18,17,19,19,17,11,7,5,0,0,0,0,0,,2091
621,Kew Gardens,Nov-16,,0,0,0,0,0,0,0,0,0,0,0,0,0,0,1,1,1,2,7,12,19,27,30,28,25,31,42,42,36,40,55,62,73,84,103,112,126,125,134,134,130,134,137,140,130,137,131,126,120,119,108,98,88,86,85,87,88,100,102,103,103,117,123,125,125,121,104,94,90,89,79,80,65,51,41,42,36,32,28,25,28,30,38,37,41,39,43,35,30,25,19,15,8,6,0,0,,5565
622,Kilburn,Nov-16,,0,0,0,0,0,0,0,0,0,0,0,0,7,8,11,17,25,36,44,54,57,54,50,48,42,41,51,54,52,51,59,61,57,57,69,71,72,70,79,82,86,91,99,106,113,133,146,138,125,124,130,132,135,142,147,152,151,164,178,191,190,199,198,206,208,215,206,198,188,185,181,172,163,158,158,150,137,130,134,138,137,145,150,152,144,155,162,161,152,159,130,95,58,61,39,24,,9500
623,Kilburn Park,Nov-16,,0,0,0,0,0,0,0,0,0,0,0,0,0,2,1,4,6,9,10,16,20,30,39,39,31,28,37,42,39,34,39,39,39,36,40,44,47,43,48,52,51,48,52,53,56,58,61,55,55,57,64,64,65,65,71,69,68,68,74,79,76,77,83,88,85,87,88,79,75,77,80,76,70,64,64,62,59,58,59,54,52,54,62,67,64,61,59,57,50,47,36,26,0,0,0,0,,4143
625,King's Cross St. Pancras,Nov-16,,0,0,0,0,0,0,0,0,0,0,0,0,53,82,135,200,255,371,479,585,681,880,1017,996,902,962,1088,1131,1191,1398,1607,1655,1636,1657,1752,1774,1718,1697,1739,1733,1715,1710,1734,1664,1655,1614,1689,1681,1680,1644,1686,1656,1639,1644,1727,1761,1836,1873,1966,2026,2153,2295,2543,2616,2499,2318,2168,2074,1990,1931,1818,1775,1713,1542,1375,1288,1242,1205,1196,1173,1156,1179,1258,1242,1164,1037,967,835,683,538,445,287,183,125,93,33,,112113
624,Kingsbury,Nov-16,,0,0,0,0,0,0,0,0,0,0,0,0,6,6,5,7,12,15,16,17,16,16,20,24,23,24,29,32,38,43,47,41,41,39,45,47,51,52,60,59,62,65,81,87,106,119,150,154,147,116,110,100,104,94,102,100,111,110,121,113,119,112,119,114,119,104,101,101,106,93,88,78,72,58,60,54,54,49,52,44,45,41,44,44,40,35,37,40,35,29,25,19,20,18,19,18,,5189
626,Knightsbridge,Nov-16,,0,0,0,0,0,0,0,0,0,0,0,0,0,0,6,17,29,43,68,78,86,113,174,183,162,178,252,278,284,250,522,525,562,582,638,673,661,677,744,793,812,812,795,744,698,678,684,686,680,713,745,783,783,783,719,705,704,709,666,682,655,615,599,594,568,526,506,450,410,344,293,267,136,127,98,78,67,57,51,49,47,51,49,42,37,33,28,23,20,16,10,5,1,0,0,0,,30011
627,Ladbroke Grove,Nov-16,,0,0,0,0,0,0,0,0,0,0,0,0,0,1,1,3,6,9,13,18,27,38,48,44,37,41,55,66,78,91,109,125,132,140,163,177,164,155,166,177,159,164,170,172,167,181,182,174,169,161,149,149,148,137,130,125,123,120,121,114,111,115,112,105,97,99,99,106,99,94,85,83,78,74,73,67,63,53,46,42,44,46,47,50,48,42,41,44,41,32,25,16,7,0,0,0,,7283
628,Lambeth North,Nov-15,,0,0,0,0,0,0,0,0,0,0,0,0,0,0,0,0,0,0,0,0,0,0,0,0,0,0,0,0,0,0,0,0,0,0,0,0,0,0,0,0,0,0,0,0,0,0,0,0,0,0,0,0,0,0,0,0,0,0,0,0,0,0,0,0,0,0,0,0,0,0,0,0,0,0,0,0,0,0,0,0,0,0,0,0,0,0,0,0,0,0,0,0,0,0,0,0,,0
629,Lancaster Gate,Nov-16,,0,0,0,0,0,0,0,0,0,0,0,0,3,4,6,8,17,29,42,44,49,78,106,99,66,53,63,70,66,61,77,82,80,72,79,82,83,87,95,105,106,108,105,110,110,120,129,136,139,140,140,136,140,143,143,150,162,164,155,152,161,177,182,186,179,174,164,159,150,137,128,115,109,104,101,95,99,101,104,95,96,105,129,131,111,91,87,81,65,53,45,33,35,32,28,18,,8254
630,Latimer Road,Nov-16,,0,0,0,0,0,0,0,0,0,0,0,0,0,0,1,2,2,2,4,7,9,13,18,19,14,12,19,22,21,21,27,33,35,30,28,28,28,24,25,31,37,38,40,38,35,33,43,45,46,39,38,35,37,36,35,37,40,39,39,40,40,41,43,43,42,40,38,36,32,28,26,26,24,22,23,22,21,18,17,16,18,18,16,15,15,16,16,16,15,15,11,7,3,0,0,0,,2024
631,Leicester Square,Nov-16,,0,0,0,0,0,0,0,0,0,0,0,0,2,3,14,25,34,47,87,110,111,125,166,166,141,149,212,256,300,368,541,679,751,791,918,1003,1046,1116,1331,1499,1560,1560,1658,1762,1745,1700,1693,1778,1697,1532,1387,1344,1316,1287,1304,1276,1255,1261,1384,1483,1497,1501,1654,1804,1811,1740,1735,1783,1718,1563,1404,1308,1224,1133,1090,962,848,741,727,675,619,559,532,500,429,368,340,307,255,200,126,55,18,14,12,3,,73228
632,Leyton,Nov-16,,0,0,0,0,0,0,0,0,0,0,0,0,16,17,14,17,29,39,48,47,56,71,94,92,86,88,101,103,102,94,105,115,119,116,123,135,140,150,167,188,200,220,246,258,275,301,324,328,336,348,341,291,245,230,255,265,252,264,292,297,281,299,319,318,320,311,330,344,339,311,293,277,253,252,239,243,225,213,202,213,191,192,199,211,191,215,222,231,200,199,150,138,99,104,76,73,,16313
633,Leytonstone,Nov-16,,0,0,0,0,0,0,0,0,0,0,0,0,10,11,10,15,18,29,34,43,48,57,58,55,47,48,61,65,65,65,81,83,83,80,90,95,103,107,114,120,125,133,153,164,168,183,207,206,220,220,221,204,207,201,211,226,224,237,257,258,250,265,294,288,289,279,295,290,274,254,242,223,205,208,204,190,170,165,166,163,149,146,156,159,158,152,168,159,147,135,123,105,81,78,63,58,,12471
634,Liverpool Street,Nov-14,,0,0,0,0,0,0,0,0,0,0,0,7,15,18,35,82,120,145,179,217,247,299,354,356,335,364,441,488,502,534,594,647,659,690,758,811,829,842,874,920,958,970,990,1026,1077,1074,1075,1046,1063,1052,1096,1100,1113,1079,1170,1205,1229,1244,1333,1298,1321,1441,1575,1604,1653,1594,1531,1452,1442,1291,1228,1194,1199,1111,1033,974,914,852,845,805,801,828,892,868,857,825,764,644,574,459,294,98,9,0,0,0,,67532
635,London Bridge,Nov-16,,0,0,0,0,0,0,0,0,0,0,0,0,12,22,45,71,102,152,221,267,298,341,399,392,372,403,532,619,679,736,868,971,1032,1099,1219,1308,1334,1379,1519,1626,1670,1663,1729,1762,1769,1731,1712,1696,1656,1585,1565,1556,1492,1405,1408,1381,1353,1340,1370,1338,1345,1392,1503,1516,1490,1437,1438,1377,1329,1250,1170,1075,987,887,798,737,690,657,626,596,602,622,669,682,697,679,666,599,498,367,252,157,94,56,32,19,,78190
636,Loughton,Nov-16,,0,0,0,0,0,0,0,0,0,0,0,0,2,2,3,2,4,6,6,6,8,10,14,17,19,17,20,21,24,25,28,27,24,22,26,30,32,32,33,35,36,39,43,47,47,44,43,49,51,55,54,51,46,53,53,56,61,65,70,74,73,80,96,94,83,83,85,79,74,69,62,68,63,54,49,55,53,45,37,39,40,42,36,47,47,51,44,51,44,47,38,31,37,33,27,22,,3510
637,Maida Vale,Nov-16,,0,0,0,0,0,0,0,0,0,0,0,0,0,0,1,1,3,4,5,11,16,25,36,39,29,19,25,33,34,32,38,40,36,33,36,40,39,39,42,43,42,42,44,43,44,44,50,53,53,45,51,53,53,50,55,60,57,60,66,79,76,76,73,78,80,80,77,70,72,66,67,65,65,59,56,55,49,43,42,45,47,48,47,46,47,47,49,46,44,37,30,21,0,0,0,0,,3546
638,Manor House,Nov-16,,0,0,0,0,0,0,0,0,0,0,0,0,0,2,2,4,9,15,22,33,44,54,57,50,38,38,43,48,47,52,58,64,62,61,64,70,76,78,84,95,99,97,99,110,122,135,146,143,129,134,141,144,137,156,164,170,164,191,194,203,212,225,223,236,243,238,238,233,228,221,209,199,197,196,175,172,163,162,155,163,157,155,153,172,173,183,189,191,174,169,154,95,27,0,0,0,,10228
639,Mansion House,Nov-16,,0,0,0,0,0,0,0,0,0,0,0,0,0,0,1,1,1,3,6,11,15,21,26,26,21,19,20,22,23,24,28,32,34,34,39,41,40,38,43,46,47,48,54,53,50,44,42,42,42,45,46,45,43,41,40,38,38,34,36,36,35,32,33,32,35,37,39,33,32,26,25,22,19,16,18,18,16,13,14,13,12,12,13,12,11,9,6,7,7,5,3,4,0,0,0,0,,2088
640,Marble Arch,Nov-16,,0,0,0,0,0,0,0,0,0,0,0,0,8,10,14,26,44,62,88,99,111,147,191,186,159,164,205,218,196,187,240,277,279,285,322,328,319,314,334,335,338,349,378,376,349,342,357,353,353,349,352,333,334,339,343,347,343,337,325,313,301,328,355,340,298,276,264,244,238,213,204,184,174,157,148,138,135,139,133,119,119,131,141,122,100,83,81,74,65,52,48,44,43,42,33,14,,17638
641,Marylebone,Nov-16,,0,0,0,0,0,0,0,0,0,0,0,0,0,0,2,7,13,22,35,41,42,60,90,101,109,127,154,153,159,176,213,218,215,207,224,224,223,215,217,208,200,198,211,217,216,208,211,204,203,203,211,208,211,208,221,224,236,250,278,277,283,321,357,357,332,305,283,269,257,238,224,211,205,191,183,167,149,145,158,165,166,189,215,212,182,165,160,120,58,21,13,8,0,0,0,0,,14159
642,Mile End,Nov-16,,0,0,0,0,0,0,0,0,0,0,0,0,29,26,27,27,33,34,45,52,63,75,86,79,69,73,92,111,119,123,132,131,126,127,143,149,153,158,172,185,196,204,215,226,235,242,243,239,243,244,242,242,250,255,257,260,264,300,312,322,315,350,365,382,358,361,363,366,329,317,310,306,285,275,267,257,242,236,229,220,219,228,226,218,217,235,242,233,215,187,197,175,190,166,133,58,,16902
643,Mill Hill East,Aut-08,,0,0,0,0,0,0,0,0,0,0,0,0,0,0,0,1,1,3,4,2,0,7,12,16,18,20,15,17,18,14,11,18,15,2,8,16,22,9,14,17,15,11,11,11,6,14,27,37,33,22,21,23,10,12,27,25,23,14,34,24,19,5,20,37,37,35,24,35,39,40,34,36,28,28,30,26,23,13,23,20,20,10,13,14,11,17,14,18,20,23,14,6,1,0,0,0,,1413
646,Moor Park,Nov-16,,0,0,0,0,0,0,0,0,0,0,0,0,0,0,0,1,0,0,0,4,6,10,17,17,12,5,7,9,9,7,8,8,8,8,7,7,6,7,8,9,8,7,8,9,9,8,8,9,9,8,7,7,7,8,9,9,9,8,9,10,11,11,12,11,12,13,13,12,11,10,11,10,8,7,7,7,6,7,5,5,5,7,8,8,7,9,10,10,9,7,6,5,3,0,0,0,,629
645,Moorgate,Nov-13,,0,0,0,0,0,0,0,0,0,0,0,2,2,3,5,12,22,33,53,75,93,133,173,167,125,126,165,181,169,158,165,159,143,131,125,119,114,114,116,124,130,125,120,128,133,132,136,135,127,116,117,113,102,101,103,102,93,102,105,109,115,126,121,108,110,119,129,128,121,111,96,86,75,72,63,64,62,55,51,62,79,79,69,58,57,58,54,50,46,51,37,16,1,1,0,0,,7866
647,Morden,Nov-16,,0,0,0,0,0,0,0,0,0,0,0,0,5,6,5,3,8,29,45,47,51,66,78,72,59,53,60,68,69,67,71,73,73,67,72,75,78,79,90,96,99,103,117,123,131,145,159,157,148,138,145,147,150,150,166,172,168,177,190,197,208,225,242,241,248,239,228,217,209,204,203,195,179,158,149,134,133,129,132,127,124,123,147,166,163,152,154,169,168,169,147,129,89,55,22,11,,10335
648,Mornington Crescent,Nov-16,,0,0,0,0,0,0,0,0,0,0,0,0,0,1,2,4,5,9,16,25,34,36,33,25,22,23,31,33,34,39,46,45,38,32,36,41,43,38,39,40,42,40,44,45,46,47,48,45,42,44,47,46,45,46,49,49,51,48,56,61,66,59,62,63,65,65,66,65,65,64,63,65,67,63,59,55,54,58,60,58,60,64,62,62,60,60,60,63,56,46,28,14,6,5,4,2,,3605
649,Neasden,Nov-16,,0,0,0,0,0,0,0,0,0,0,0,0,3,3,4,6,7,12,17,20,19,21,24,23,20,21,25,25,22,23,28,28,25,26,31,34,34,37,40,42,44,47,52,58,64,74,81,83,78,73,70,70,69,74,84,82,78,78,86,82,79,81,83,80,76,80,81,74,69,68,67,60,56,53,54,51,43,41,42,42,40,39,39,37,38,42,45,45,44,42,41,31,23,14,14,13,,3874
650,Newbury Park,Nov-16,,0,0,0,0,0,0,0,0,0,0,0,0,7,6,5,5,7,13,18,17,18,23,32,32,30,25,27,26,26,24,25,26,31,30,32,31,32,35,37,38,40,42,46,59,65,71,81,90,78,76,79,85,80,87,93,107,117,114,127,141,129,131,172,185,162,155,162,152,143,128,114,122,129,136,123,115,105,105,98,92,95,83,93,108,119,93,89,91,88,61,54,37,33,30,45,42,,6155
653,North Acton,Nov-16,,0,0,0,0,0,0,0,0,0,0,0,0,12,14,16,21,22,40,53,52,51,60,71,67,56,54,71,76,61,50,50,45,37,35,38,40,40,41,42,44,47,52,54,58,60,67,74,83,81,75,75,78,82,82,87,89,95,101,104,107,117,124,127,124,117,116,114,109,110,118,110,91,96,104,106,89,87,88,96,90,88,90,91,87,89,84,81,79,79,71,62,46,45,57,47,19,,6058
654,North Ealing,Nov-16,,0,0,0,0,0,0,0,0,0,0,0,0,0,0,0,0,1,1,1,1,2,3,4,6,5,5,6,7,7,7,7,7,6,6,5,7,7,7,5,6,8,9,10,11,10,9,11,13,12,12,13,12,11,10,10,11,14,13,12,13,15,20,23,23,21,24,26,24,22,19,15,15,15,15,12,14,14,14,13,11,9,10,13,16,15,13,11,11,10,8,5,4,2,2,0,0,,827
789,North Greenwich,Nov-16,,0,0,0,0,0,0,0,0,0,0,0,0,20,29,38,52,63,91,145,227,292,308,263,198,156,171,202,222,220,247,299,348,360,350,333,323,316,315,354,397,418,433,457,483,501,553,616,638,640,640,637,600,591,610,646,688,727,790,842,864,893,947,1013,1005,1011,1023,1039,978,895,839,786,703,594,524,482,451,402,377,347,321,314,332,347,341,334,344,358,354,318,275,252,198,129,99,78,44,,37460
656,North Harrow,Nov-16,,0,0,0,0,0,0,0,0,0,0,0,0,0,0,0,2,2,3,3,3,5,7,11,10,9,8,10,9,8,8,9,11,10,11,11,11,11,12,13,15,16,18,19,21,21,22,22,27,27,26,25,28,27,27,28,28,28,31,29,36,40,44,40,40,39,36,36,38,37,33,29,29,31,31,28,24,23,20,20,21,19,21,22,22,21,23,24,24,19,16,15,15,0,0,0,0,,1598
659,North Wembley,Nov-16,,0,0,0,0,0,0,0,0,0,0,0,0,0,0,3,2,3,6,8,10,12,15,18,17,15,14,15,16,15,16,18,21,20,20,16,17,17,20,18,18,19,22,23,25,26,31,34,35,34,34,31,29,31,36,34,32,34,40,34,31,37,45,40,40,43,43,39,35,36,38,37,33,31,31,29,27,24,22,20,19,19,19,18,15,17,19,19,18,17,12,6,0,0,0,0,0,,1833
655,Northfields,Nov-16,,0,0,0,0,0,0,0,0,0,0,0,0,0,1,2,2,4,7,11,14,16,20,24,23,22,22,25,23,23,21,22,20,22,22,25,26,26,25,26,30,34,37,38,36,41,50,55,53,53,53,56,57,64,68,72,66,67,74,79,81,85,97,100,102,99,99,96,92,87,83,81,76,71,63,66,66,65,52,54,60,63,58,60,65,70,76,71,68,63,66,57,50,26,9,0,0,,4034
657,Northolt,Nov-16,,0,0,0,0,0,0,0,0,0,0,0,0,0,0,2,3,12,12,12,20,29,32,33,34,24,23,26,27,24,26,27,29,24,27,31,34,27,30,36,41,40,41,45,55,66,73,79,81,84,93,95,92,83,84,91,111,113,110,112,105,117,135,146,134,126,123,123,125,111,112,115,110,82,90,93,99,72,72,69,75,66,68,71,70,76,70,67,59,67,55,43,31,32,0,0,0,,5202
660,Northwick Park,Nov-16,,0,0,0,0,0,0,0,0,0,0,0,0,0,0,4,5,5,7,14,24,34,37,35,31,29,29,33,33,28,26,29,30,28,27,28,27,28,29,29,29,31,36,44,52,54,60,67,68,59,57,60,60,55,53,55,56,55,56,63,66,65,68,75,74,75,72,70,71,72,70,65,63,53,49,45,47,45,46,45,44,43,45,44,44,47,46,42,38,36,32,27,18,12,0,0,0,,3453
661,Northwood,Nov-16,,0,0,0,0,0,0,0,0,0,0,0,0,0,0,0,3,3,5,7,9,12,20,26,23,18,20,22,20,18,18,18,19,19,18,17,18,18,19,19,19,22,24,25,27,28,29,29,28,27,30,33,31,27,27,31,35,37,36,40,40,46,46,50,55,58,56,50,47,43,43,40,35,34,36,35,30,29,25,22,21,25,24,25,27,30,28,27,28,28,23,21,12,5,0,0,0,,2118
662,Northwood Hills,Nov-16,,0,0,0,0,0,0,0,0,0,0,0,0,0,0,0,3,3,3,3,5,7,12,15,15,11,10,10,10,9,11,13,14,11,10,12,14,15,13,14,15,16,20,21,23,22,24,24,24,23,22,25,29,29,27,28,29,28,29,35,35,36,37,39,39,40,38,38,37,37,33,31,27,29,34,35,29,22,20,21,22,21,20,20,23,23,23,21,23,22,21,16,13,0,0,0,0,,1661
663,Notting Hill Gate,Nov-16,,0,0,0,0,0,0,0,0,0,0,0,0,12,12,17,25,40,55,82,118,174,262,305,261,190,198,276,341,393,471,610,690,713,738,808,831,825,786,784,781,800,783,758,725,704,709,711,685,641,595,592,589,569,532,504,497,478,476,454,437,432,424,420,416,418,400,379,362,351,353,335,311,289,270,249,218,193,178,168,155,153,156,151,144,152,136,132,130,129,124,98,97,80,90,52,32,,31214
664,Oakwood,Nov-16,,0,0,0,0,0,0,0,0,0,0,0,0,0,0,0,0,0,5,6,9,11,14,16,17,17,22,27,28,26,25,27,27,30,29,30,31,33,33,32,33,37,41,43,43,43,46,50,50,50,50,53,51,51,49,54,60,61,58,66,72,78,88,98,98,95,100,88,83,81,83,67,64,70,74,64,54,51,54,57,55,52,50,53,56,64,64,60,52,53,52,44,33,22,13,4,0,,3730
665,Old Street,Nov-16,,0,0,0,0,0,0,0,0,0,0,0,0,0,0,4,12,16,25,44,78,124,181,208,177,129,126,170,189,188,216,281,301,268,254,294,308,287,283,340,374,373,365,397,414,411,405,424,436,432,413,422,429,428,402,417,426,446,441,488,502,518,524,595,647,658,648,686,738,742,731,742,765,776,774,732,677,617,580,553,549,529,498,486,478,454,445,409,359,308,269,167,59,6,0,0,0,,31067
667,Osterley,Nov-16,,0,0,0,0,0,0,0,0,0,0,0,0,0,1,1,1,3,5,7,6,8,10,14,16,15,15,13,12,10,11,11,11,11,15,15,15,14,16,16,20,20,20,20,23,25,26,30,31,32,30,32,33,35,34,37,39,40,40,43,44,44,47,58,66,67,65,63,55,52,48,44,41,44,42,39,41,43,42,36,38,35,35,37,39,35,35,37,29,26,22,23,18,14,5,0,0,,2291
668,Oval,Nov-16,,0,0,0,0,0,0,0,0,0,0,0,0,1,2,2,6,11,14,18,24,30,38,45,43,38,43,57,58,48,42,49,54,55,56,60,63,64,66,71,76,74,71,73,80,85,85,88,91,90,87,89,95,93,93,97,106,103,106,110,115,121,136,142,141,137,136,132,132,132,131,126,120,117,117,108,103,94,93,87,87,91,98,99,100,102,103,102,104,101,93,73,46,20,11,7,4,,6511
669,Oxford Circus,Nov-16,,0,0,0,0,0,0,0,0,0,0,0,0,21,29,65,92,99,181,326,382,354,417,575,594,522,557,782,953,1051,1219,1565,1742,1775,1862,2163,2314,2347,2419,2645,2707,2759,2814,2916,2867,2824,2789,2885,2897,2833,2735,2763,2799,2751,2665,2599,2557,2423,2318,2289,2247,2138,2079,2063,2016,1856,1732,1644,1532,1385,1259,1189,1105,1000,853,749,667,601,541,500,471,438,432,422,396,336,292,257,234,186,171,154,160,121,112,73,47,,112699
670,Paddington,Nov-16,,0,0,0,0,0,0,0,0,0,0,0,0,7,8,27,54,98,144,201,247,300,362,428,439,467,525,593,599,644,732,795,765,750,800,836,796,746,750,757,746,700,721,728,716,685,698,716,697,674,651,698,718,717,722,778,795,815,856,945,953,982,1098,1225,1263,1186,1136,1035,947,905,912,869,781,726,673,634,620,577,561,548,561,547,592,646,660,611,521,441,356,276,197,119,73,0,0,0,0,,50877
671,Park Royal,Nov-16,,0,0,0,0,0,0,0,0,0,0,0,0,0,1,4,5,8,15,22,23,20,20,23,24,24,20,24,28,27,22,24,26,24,19,18,17,17,16,16,21,22,24,24,26,24,29,35,34,32,31,34,31,29,28,30,27,29,32,32,30,34,38,37,33,33,32,40,40,39,31,31,31,31,26,24,19,18,15,19,17,16,15,16,15,15,14,13,14,12,8,7,5,2,2,0,0,,1833
672,Parsons Green,Nov-16,,0,0,0,0,0,0,0,0,0,0,0,0,1,0,1,2,5,8,11,16,27,66,93,91,61,61,76,80,69,68,86,85,70,63,71,72,69,65,71,75,80,82,91,99,101,106,111,109,99,94,96,93,94,103,110,101,101,106,117,114,122,124,132,132,132,132,130,125,116,113,103,100,94,87,70,67,62,60,54,53,50,51,56,62,60,57,47,46,49,46,36,23,14,0,0,0,,6075
673,Perivale,Nov-16,,0,0,0,0,0,0,0,0,0,0,0,0,0,0,2,1,4,10,14,12,15,18,21,19,15,13,15,16,14,12,14,16,15,13,17,18,18,17,24,26,26,23,28,30,35,39,49,50,47,38,42,43,45,43,44,47,53,53,58,58,56,54,60,64,65,62,60,57,57,46,44,43,43,32,35,39,39,30,30,28,29,27,28,25,30,32,26,26,23,23,15,13,8,0,0,0,,2479
674,Piccadilly Circus,Nov-16,,0,0,0,0,0,0,0,0,0,0,0,0,0,0,9,25,43,69,108,127,139,181,239,225,176,171,243,295,340,422,601,711,729,759,904,1002,1017,1077,1253,1408,1432,1434,1501,1545,1486,1490,1600,1730,1648,1504,1403,1421,1380,1336,1334,1333,1297,1276,1332,1416,1424,1418,1487,1574,1573,1511,1542,1630,1661,1530,1408,1300,1244,1127,1087,982,901,783,762,711,649,594,592,548,472,394,353,320,276,209,121,43,2,0,0,0,,71399
776,Pimlico,Nov-16,,0,0,0,0,0,0,0,0,0,0,0,0,3,5,8,9,11,18,32,38,41,58,77,72,56,57,76,84,92,98,126,141,136,121,128,138,136,140,152,155,146,142,167,173,163,153,172,191,193,189,193,202,194,188,194,192,185,180,180,183,186,191,194,204,202,205,199,191,178,173,174,166,157,145,136,125,123,130,128,123,118,127,134,135,119,111,108,102,95,78,69,48,48,35,33,26,,10504
675,Pinner,Nov-16,,0,0,0,0,0,0,0,0,0,0,0,0,0,0,0,3,4,4,3,5,8,11,14,14,13,12,17,19,18,16,21,22,20,16,17,20,22,22,25,28,31,31,36,36,36,32,37,40,42,38,42,44,45,44,46,46,46,47,51,53,61,65,72,74,73,67,64,61,60,57,54,47,43,43,43,39,35,34,31,29,29,32,36,38,38,39,40,41,37,32,26,23,0,0,0,0,,2660
676,Plaistow,Nov-16,,0,0,0,0,0,0,0,0,0,0,0,0,0,3,4,6,9,11,16,19,22,23,25,22,20,21,29,35,35,30,38,41,36,29,32,35,36,42,48,51,51,55,58,57,61,69,77,78,74,69,69,66,68,71,79,79,78,86,94,94,93,97,104,102,96,93,97,97,87,81,80,80,72,69,68,64,60,55,54,49,50,50,54,54,54,55,57,60,58,55,45,37,18,5,0,0,,4401
677,Preston Road,Nov-16,,0,0,0,0,0,0,0,0,0,0,0,0,0,0,3,5,6,7,9,12,13,13,15,17,14,13,15,18,17,18,22,23,22,19,19,22,24,25,29,32,37,36,42,48,59,69,78,80,72,64,59,62,60,63,64,64,64,70,76,79,79,78,80,80,81,78,80,74,66,57,54,50,47,47,46,44,41,41,39,38,35,35,36,38,37,36,38,37,34,28,23,14,8,0,0,0,,3277
678,Putney Bridge,Nov-16,,0,0,0,0,0,0,0,0,0,0,0,0,1,1,1,2,5,7,11,16,25,38,53,52,44,46,63,62,57,56,68,65,63,65,76,79,78,71,80,89,105,104,119,111,96,63,65,71,77,67,64,78,98,102,93,85,94,97,105,112,143,152,147,130,133,131,134,121,117,115,110,97,88,79,68,62,66,64,60,52,54,54,59,62,63,60,57,47,42,44,43,29,12,3,0,0,,5778
680,Queen's Park,Nov-16,,0,0,0,0,0,0,0,0,0,0,0,0,0,0,0,5,7,8,9,12,17,25,34,33,30,27,32,34,36,38,52,54,46,36,42,46,48,43,44,47,55,54,59,62,69,66,67,67,71,71,76,81,83,81,85,88,94,95,100,107,111,113,125,135,132,124,133,132,129,117,115,106,107,100,93,81,78,78,79,76,77,74,78,83,84,81,83,84,75,71,74,51,19,0,0,0,,5434
679,Queensbury,Nov-16,,0,0,0,0,0,0,0,0,0,0,0,0,3,3,4,4,8,14,16,17,17,21,21,20,18,17,20,21,20,20,24,24,20,20,24,29,30,34,37,40,39,44,52,69,83,107,131,151,137,120,105,99,93,93,93,97,100,110,114,116,113,119,117,113,110,113,104,102,96,93,81,73,64,57,56,58,55,49,48,47,47,44,41,41,44,45,43,40,34,31,27,21,18,17,15,12,,4687
681,Queensway,Nov-16,,0,0,0,0,0,0,0,0,0,0,0,0,4,4,6,13,17,31,44,53,53,70,90,88,77,75,83,77,74,81,106,119,111,107,128,149,143,134,141,164,171,171,167,176,179,194,206,209,204,207,218,217,210,212,224,233,241,248,251,250,255,267,289,301,293,284,283,268,251,242,239,225,221,210,205,187,184,180,181,171,165,176,189,194,168,143,133,137,120,105,83,68,57,53,32,13,,13002
682,Ravenscourt Park,Nov-16,,0,0,0,0,0,0,0,0,0,0,0,0,0,0,0,2,2,3,4,5,7,13,20,22,20,21,30,35,30,27,37,43,41,39,40,41,35,37,37,39,33,38,42,47,47,44,47,47,45,38,40,40,40,38,40,41,42,44,48,48,49,55,65,67,66,69,74,71,62,64,61,58,49,49,45,43,37,35,34,36,31,34,37,38,32,32,33,33,28,22,20,15,8,0,0,0,,2931
683,Rayners Lane,Nov-16,,0,0,0,0,0,0,0,0,0,0,0,0,0,1,2,3,5,7,10,14,17,22,28,31,34,32,33,29,28,28,34,36,31,29,34,38,39,40,43,42,46,47,52,58,63,64,73,81,78,68,66,66,71,76,78,78,80,81,82,85,94,93,102,103,102,91,90,89,87,83,79,72,63,56,56,52,50,47,47,45,45,41,43,43,43,45,52,50,43,34,30,24,15,5,1,1,,4099
684,Redbridge,Nov-16,,0,0,0,0,0,0,0,0,0,0,0,0,3,3,4,5,9,9,12,13,13,12,12,13,12,13,15,15,16,15,15,13,14,14,17,20,21,22,22,24,24,27,31,35,38,41,46,49,53,56,56,53,49,50,53,60,63,56,73,84,90,80,99,97,96,91,95,88,76,69,67,70,61,61,60,58,49,48,50,51,45,40,44,51,56,52,48,40,35,34,32,27,17,13,11,14,,3388
685,Regent's Park,Nov-16,,0,0,0,0,0,0,0,0,0,0,0,0,0,0,0,2,3,6,10,14,23,38,51,46,41,46,64,68,65,63,75,77,74,66,77,86,88,82,86,88,89,85,88,87,85,79,78,77,73,71,70,71,68,65,64,64,56,51,49,49,47,43,41,41,44,42,40,39,37,37,38,34,26,24,24,23,18,18,16,16,17,23,26,25,20,16,15,15,13,11,7,3,1,0,0,0,,3598
686,Richmond,Aut-14,,0,0,0,0,0,0,0,0,0,0,0,0,0,3,3,3,6,9,30,37,54,43,54,76,117,94,67,47,87,86,117,131,215,207,275,377,406,374,329,383,416,373,265,312,428,361,232,144,138,133,150,108,161,172,144,155,176,210,227,311,243,320,338,211,192,278,343,201,213,153,166,152,131,111,136,122,68,61,120,112,101,79,76,33,33,17,60,128,170,118,65,34,31,0,0,0,,12862
687,Rickmansworth,Nov-16,,0,0,0,0,0,0,0,0,0,0,0,0,0,0,0,2,4,6,4,8,12,15,15,15,14,12,15,15,16,15,16,14,14,14,15,15,16,15,18,17,20,17,22,22,27,24,25,19,24,20,26,23,25,18,24,25,29,26,33,28,37,32,44,42,52,43,44,33,40,36,43,33,34,29,32,27,25,20,21,18,22,16,24,22,31,24,31,28,35,21,18,15,23,0,0,0,,1794
688,Roding Valley,Aut-06,,0,0,0,0,0,0,0,0,0,0,0,0,0,0,0,0,0,0,0,0,0,1,3,3,1,0,1,2,2,0,1,2,1,0,1,3,5,3,1,0,3,3,2,1,5,9,8,3,3,3,2,3,5,4,4,6,5,0,2,6,7,5,4,6,6,3,3,5,4,3,3,2,0,0,0,0,0,0,0,1,1,2,2,2,2,2,2,2,2,1,1,0,0,0,0,0,,178
690,Royal Oak,Nov-16,,0,0,0,0,0,0,0,0,0,0,0,0,0,0,1,1,2,5,9,8,10,13,18,16,13,12,15,17,15,15,21,24,21,19,21,22,21,23,24,26,25,25,25,28,30,31,34,34,34,31,33,33,35,34,38,38,36,37,40,40,42,44,49,44,45,46,47,46,46,43,36,37,39,37,31,28,27,26,24,22,21,22,22,22,20,18,18,19,17,13,10,9,0,0,0,0,,2023
691,Ruislip,Nov-16,,0,0,0,0,0,0,0,0,0,0,0,0,0,0,2,3,4,4,4,6,8,12,13,14,15,17,19,19,16,13,16,19,22,22,24,23,24,26,27,31,32,32,30,36,38,40,39,41,44,42,42,42,44,41,42,39,42,42,43,41,46,46,45,44,43,42,39,35,31,34,37,34,26,22,23,24,18,16,16,19,20,18,16,17,20,18,18,18,18,13,10,9,9,6,0,0,,2045
692,Ruislip Gardens,Nov-16,,0,0,0,0,0,0,0,0,0,0,0,0,0,0,1,0,1,1,2,3,3,4,4,4,4,3,3,3,4,4,5,5,4,4,5,6,6,5,5,6,7,7,7,8,10,11,11,14,15,15,14,14,14,17,19,19,19,21,22,25,27,36,34,29,22,27,28,25,21,17,18,16,15,17,17,13,11,13,13,12,12,14,15,14,14,14,11,11,11,12,10,9,7,0,0,0,,949
693,Ruislip Manor,Nov-16,,0,0,0,0,0,0,0,0,0,0,0,0,0,0,0,2,2,3,3,5,9,11,12,10,9,9,13,14,14,14,17,17,15,12,14,15,16,18,19,20,20,23,25,27,27,28,29,29,31,31,34,32,33,32,34,34,39,36,38,39,41,42,44,45,41,42,41,41,37,32,30,27,26,23,26,25,24,21,20,21,22,20,20,24,25,24,23,24,19,15,12,16,13,6,0,0,,1826
694,Russell Square,Nov-16,,0,0,0,0,0,0,0,0,0,0,0,0,0,1,4,8,13,19,29,41,64,102,125,104,75,80,113,134,145,162,202,225,222,209,219,216,199,189,203,223,226,217,216,224,228,226,246,256,257,243,239,230,229,236,240,242,228,223,217,239,243,237,248,286,289,280,266,248,229,214,201,180,195,183,178,171,175,168,171,179,181,187,216,205,179,138,141,121,107,78,54,22,5,0,0,0,,13963
698,Seven Sisters,Nov-16,,0,0,0,0,0,0,0,0,0,0,0,0,26,27,28,36,43,63,82,91,92,97,106,104,98,115,134,138,123,126,137,145,148,160,176,181,182,188,200,217,234,253,288,316,341,388,423,448,428,407,373,375,374,384,406,431,434,458,481,502,482,478,482,496,486,481,464,461,445,446,418,391,357,354,333,316,291,292,285,285,278,286,297,310,308,317,324,329,315,322,290,228,162,166,124,69,,23175
700,Shepherd's Bush (Cen),Nov-16,,0,0,0,0,0,0,0,0,0,0,0,0,20,18,18,35,54,92,158,199,210,218,236,212,180,174,220,244,246,257,319,343,341,344,406,448,463,455,523,564,568,553,601,637,647,663,708,703,658,608,610,608,607,611,623,621,614,619,628,619,624,636,658,678,671,636,593,598,578,540,471,414,387,373,351,301,275,258,255,238,225,237,253,255,241,223,217,216,203,195,169,165,142,160,114,78,,32131
775,Shepherd's Bush (H&C),Nov-16,,0,0,0,0,0,0,0,0,0,0,0,0,3,3,4,5,5,5,8,11,13,13,15,16,18,19,22,25,27,27,34,38,43,43,51,54,52,51,62,68,71,75,81,83,86,95,97,98,104,118,117,97,84,81,86,87,86,87,81,73,71,88,98,95,87,87,92,89,81,71,67,60,57,54,49,45,40,37,35,37,37,36,35,34,33,33,37,34,33,27,23,13,11,0,0,0,,4248
702,Sloane Square,Nov-16,,0,0,0,0,0,0,0,0,0,0,0,0,0,0,8,14,26,44,82,111,149,199,245,233,189,191,243,271,256,292,361,385,345,323,359,386,392,371,421,432,434,404,440,448,448,456,477,489,461,459,449,447,427,402,380,370,352,337,330,328,299,306,313,316,288,277,264,287,280,247,184,156,134,121,108,100,91,82,82,81,80,78,85,80,75,70,67,60,52,44,29,13,0,0,0,0,,19415
703,Snaresbrook,Nov-16,,0,0,0,0,0,0,0,0,0,0,0,0,0,2,2,1,1,2,3,3,3,6,9,10,10,13,15,16,18,17,17,17,16,16,18,20,20,22,25,27,26,28,32,39,38,37,34,36,37,39,41,42,41,39,44,46,48,48,53,58,64,69,71,67,59,56,56,56,53,46,42,43,45,42,39,32,29,28,31,31,30,32,36,35,28,30,30,33,29,30,24,20,14,15,14,11,,2505
704,South Ealing,Nov-16,,0,0,0,0,0,0,0,0,0,0,0,0,0,0,2,3,5,6,8,9,13,22,27,26,23,23,29,31,29,25,29,28,23,22,22,26,29,31,32,33,38,43,44,44,47,55,57,60,60,59,55,53,55,57,57,55,56,59,63,74,77,75,80,89,86,79,82,85,79,68,65,67,66,61,58,58,57,50,46,49,56,59,59,60,68,75,67,60,55,60,47,43,23,11,0,0,,3767
707,South Harrow,Nov-16,,0,0,0,0,0,0,0,0,0,0,0,0,0,0,2,2,3,4,8,9,11,11,16,15,16,16,20,20,22,21,23,22,21,20,20,17,21,21,23,23,25,26,28,36,38,40,41,47,45,50,52,52,46,50,45,53,53,62,52,57,59,67,68,64,60,57,59,57,60,54,51,41,39,34,39,32,30,29,29,31,29,23,26,34,32,26,24,28,27,26,22,19,10,3,4,0,,2598
708,South Kensington,Nov-16,,0,0,0,0,0,0,0,0,0,0,0,0,2,0,11,27,42,60,89,123,158,236,294,287,238,295,385,450,467,600,783,931,967,968,1030,1083,1091,1065,1101,1130,1124,1111,1096,1091,1073,1055,1034,1064,1069,1050,1060,1075,1039,981,948,882,767,694,669,664,594,554,568,592,573,545,561,572,520,438,377,341,295,267,251,222,203,193,193,186,176,189,205,202,165,144,134,116,98,97,77,37,6,0,0,0,,43150
709,South Kenton,Aut-07,,0,0,0,0,0,0,0,0,0,0,0,0,0,0,0,0,1,2,2,1,1,3,7,7,6,3,5,6,7,5,3,2,2,7,11,9,3,1,5,7,7,8,12,15,17,19,21,16,16,19,25,24,23,25,28,24,21,18,18,29,36,26,6,16,30,41,32,20,19,21,22,18,20,14,12,20,20,15,17,28,28,17,9,9,16,18,17,14,12,8,7,3,1,0,0,0,,1083
710,South Ruislip,Nov-15,,0,0,0,0,0,0,0,0,0,0,0,0,0,0,0,0,3,3,4,6,8,7,8,9,9,9,9,8,6,8,11,12,9,10,10,14,12,13,14,17,17,17,18,20,23,24,24,25,28,26,28,33,31,27,27,33,34,37,32,37,44,67,70,61,39,42,45,46,37,39,37,33,26,27,28,26,22,22,23,22,21,25,23,27,27,29,21,25,20,22,19,20,10,6,0,0,,1811
711,South Wimbledon,Nov-16,,0,0,0,0,0,0,0,0,0,0,0,0,2,1,1,0,6,14,23,27,34,43,50,47,42,41,51,53,48,42,47,49,44,41,46,51,52,58,63,67,70,76,79,78,77,76,82,82,80,75,75,73,70,71,73,72,73,78,85,81,81,85,93,91,90,88,86,85,85,85,75,66,60,62,59,51,52,56,58,49,48,54,62,62,61,62,63,74,75,70,60,58,42,25,14,12,,4868
712,South Woodford,Nov-14,,0,0,0,0,0,0,0,0,0,0,0,0,0,0,0,0,0,14,13,10,13,14,22,26,30,27,33,36,36,33,38,40,44,44,45,46,53,54,65,66,71,73,80,75,86,96,95,92,97,99,95,100,106,110,106,111,122,132,138,138,141,143,161,155,153,143,143,138,135,123,112,105,101,95,94,81,79,72,73,69,71,71,80,88,91,83,84,69,76,70,65,46,50,0,0,0,,6084
705,Southfields,Nov-16,,0,0,0,0,0,0,0,0,0,0,0,0,0,1,2,2,4,3,6,12,24,33,39,34,29,26,32,34,32,31,36,44,47,44,43,45,51,54,60,65,65,71,71,77,77,87,89,96,90,97,105,116,105,106,97,110,107,111,113,138,151,149,144,154,159,152,142,141,123,103,121,136,118,89,77,82,75,74,69,83,79,77,77,90,87,88,81,83,68,69,68,60,27,7,1,0,,6065
706,Southgate,Nov-16,,0,0,0,0,0,0,0,0,0,0,0,0,0,1,0,0,0,11,12,16,21,32,41,44,39,39,45,48,45,49,54,53,45,47,49,51,50,54,58,62,64,66,76,79,77,80,85,91,95,91,92,97,101,94,101,110,110,110,130,135,132,136,158,152,157,156,153,139,137,119,111,110,111,103,98,83,83,80,86,76,78,81,81,80,85,89,76,75,80,78,64,52,32,15,4,0,,6200
784,Southwark,Nov-16,,0,0,0,0,0,0,0,0,0,0,0,0,3,8,18,26,33,44,68,92,125,157,173,149,118,111,119,115,104,113,152,165,155,148,173,182,170,168,188,205,212,217,227,223,217,222,236,251,249,240,226,221,214,210,220,238,242,245,251,254,252,252,275,281,283,275,283,273,257,232,212,194,179,163,152,146,142,139,138,135,137,143,152,157,150,151,150,136,112,98,88,65,37,24,19,13,,13792
695,St. James's Park,Nov-16,,0,0,0,0,0,0,0,0,0,0,0,0,1,1,5,11,16,27,50,74,98,124,139,123,102,109,136,131,105,105,141,168,172,178,207,228,224,192,166,149,146,141,133,134,138,141,142,142,133,130,135,137,131,132,134,131,124,117,114,109,111,109,116,117,109,96,89,82,73,64,56,49,42,38,38,40,35,35,38,40,38,42,42,41,38,36,30,26,22,17,8,2,0,0,0,0,,7545
696,St. John's Wood,Nov-16,,0,0,0,0,0,0,0,0,0,0,0,0,2,3,9,16,27,44,66,87,120,160,192,168,120,98,124,135,130,143,188,209,189,150,134,129,125,120,123,132,131,128,130,139,134,125,128,127,122,117,125,126,130,129,131,131,129,130,132,144,151,156,157,151,145,134,128,119,120,121,119,111,102,93,84,78,73,70,66,65,66,69,66,65,68,71,65,55,46,37,35,25,21,15,16,11,,8705
697,St. Paul's,Nov-16,,0,0,0,0,0,0,0,0,0,0,0,0,3,4,6,13,22,43,64,69,76,118,169,164,124,114,136,154,156,192,238,273,276,288,321,338,331,320,335,340,333,306,307,314,333,336,348,342,342,347,359,355,347,340,338,317,292,284,292,287,269,255,254,251,236,225,234,232,219,209,198,167,140,132,134,116,98,87,88,78,73,76,81,80,65,53,45,44,37,27,25,20,19,15,14,8,,15510
713,Stamford Brook,Nov-16,,0,0,0,0,0,0,0,0,0,0,0,0,0,0,1,1,2,3,4,5,9,16,28,28,21,14,19,23,23,23,23,22,20,19,21,22,24,21,22,24,30,30,29,30,34,36,35,34,34,34,37,36,32,32,36,36,37,41,48,46,49,55,66,65,59,63,67,66,53,55,53,53,43,42,38,39,35,39,41,37,26,30,38,39,32,32,37,38,33,28,24,17,6,1,0,0,,2544
714,Stanmore,Nov-16,,0,0,0,0,0,0,0,0,0,0,0,0,6,5,4,7,7,10,13,23,34,40,39,31,25,24,25,24,25,27,27,24,22,22,24,25,27,26,28,30,32,31,34,35,42,49,53,50,52,54,53,52,51,55,63,68,67,70,79,79,90,93,106,111,121,119,111,109,104,105,98,91,79,70,67,66,64,58,55,53,50,49,55,61,71,81,78,67,53,46,35,37,28,29,21,16,,4240
715,Stepney Green,Nov-16,,0,0,0,0,0,0,0,0,0,0,0,0,0,3,5,7,11,16,22,28,33,33,35,32,26,22,27,34,37,38,42,48,45,42,49,53,55,53,57,57,61,59,68,72,71,69,75,76,80,84,86,77,85,87,94,95,100,98,99,106,109,112,122,129,131,121,119,118,119,125,125,117,103,107,110,104,90,84,82,80,75,71,74,76,76,73,81,81,81,64,45,20,12,0,0,0,,5588
716,Stockwell,Nov-16,,0,0,0,0,0,0,0,0,0,0,0,0,17,17,17,19,16,19,22,25,30,38,47,45,39,38,46,51,53,55,66,74,76,77,88,96,97,97,112,120,120,121,134,147,151,155,163,166,164,160,167,172,178,182,194,202,203,215,233,248,249,259,267,271,273,270,273,273,267,250,245,244,239,230,211,193,179,182,176,166,162,176,189,191,191,189,194,189,187,179,151,143,123,145,101,67,,12266
717,Stonebridge Park,Nov-16,,0,0,0,0,0,0,0,0,0,0,0,0,0,0,7,12,19,25,21,16,14,17,19,19,18,20,21,18,17,18,18,16,17,17,17,17,18,18,22,21,23,24,29,27,30,38,46,44,41,41,45,44,46,44,43,40,50,53,57,50,48,46,51,51,49,50,53,51,47,48,48,44,39,35,36,34,33,29,29,27,28,28,30,31,30,28,27,26,22,17,25,23,12,0,0,0,,2452
719,Stratford,Nov-16,,0,0,0,0,0,0,0,0,0,0,0,0,58,62,82,108,125,168,225,263,275,311,360,378,366,412,548,658,687,740,878,1008,1051,1130,1280,1436,1490,1558,1698,1880,1937,2032,2109,2252,2322,2536,2603,2665,2624,2692,2522,2339,2137,2140,2106,2107,2001,2033,2033,1988,1862,1946,1974,1933,1779,1723,1660,1644,1478,1352,1221,1141,979,916,869,824,721,632,578,555,523,535,551,568,546,562,557,562,500,477,400,395,302,318,206,116,,97318
720,Sudbury Hill,Nov-16,,0,0,0,0,0,0,0,0,0,0,0,0,0,0,2,2,3,3,5,6,8,13,18,15,11,11,13,13,14,12,12,14,13,11,11,11,13,14,17,16,19,19,23,25,33,32,36,39,45,41,40,37,39,37,40,41,43,40,46,43,47,46,53,48,53,45,43,37,41,37,37,30,29,28,30,24,21,24,22,20,16,18,21,24,22,19,17,18,18,16,16,15,8,3,4,0,,1949
721,Sudbury Town,Nov-16,,0,0,0,0,0,0,0,0,0,0,0,0,0,0,0,1,3,5,7,10,10,12,14,13,11,10,12,12,13,10,12,11,12,9,11,11,15,14,17,19,25,22,24,26,32,32,40,39,42,36,37,35,39,38,42,39,38,29,39,38,48,46,52,46,51,45,41,43,51,49,38,35,36,38,35,30,29,24,20,19,21,17,18,20,24,24,23,20,17,18,16,14,6,4,3,0,,1987
723,Swiss Cottage,Nov-16,,0,0,0,0,0,0,0,0,0,0,0,0,3,5,7,9,14,17,20,29,48,68,78,74,64,67,82,87,87,90,105,108,101,89,102,107,99,88,94,99,98,96,102,108,117,130,143,138,128,121,129,127,122,114,118,116,121,130,140,147,154,162,164,163,166,164,162,157,153,144,136,125,113,105,101,97,90,87,86,85,90,95,99,96,95,95,90,82,73,69,59,38,28,21,21,14,,7965
724,Temple,Nov-16,,0,0,0,0,0,0,0,0,0,0,0,0,0,1,1,3,4,14,28,45,52,62,63,56,43,39,48,52,50,50,70,78,75,69,79,81,79,75,87,90,98,100,115,112,120,132,145,139,130,119,113,109,100,89,91,97,92,85,88,89,92,90,95,96,99,102,107,106,91,75,64,55,46,44,47,50,50,43,40,38,41,42,42,34,29,31,34,31,23,15,7,3,0,0,0,0,,5319
725,Theydon Bois,Nov-16,,0,0,0,0,0,0,0,0,0,0,0,0,0,0,0,0,1,2,4,5,4,5,9,9,5,6,10,12,10,10,10,12,14,13,9,12,13,13,10,12,14,15,15,13,14,14,16,16,15,13,13,13,14,14,15,15,16,13,14,15,19,23,30,34,33,27,26,26,24,18,12,16,20,19,14,11,11,11,11,9,8,8,12,12,12,9,10,9,9,7,7,5,3,3,0,0,,1005
726,Tooting Bec,Nov-16,,0,0,0,0,0,0,0,0,0,0,0,0,3,3,2,2,3,9,19,23,28,37,51,48,39,41,52,54,49,52,63,66,62,57,67,71,74,74,77,78,83,90,100,106,103,100,100,107,108,113,113,121,115,115,119,126,130,142,150,158,167,176,183,190,193,185,190,179,169,161,164,157,142,132,123,120,112,111,109,104,109,118,120,123,129,133,132,139,125,110,95,78,46,23,15,14,,8079
727,Tooting Broadway,Nov-16,,0,0,0,0,0,0,0,0,0,0,0,0,8,8,8,3,18,43,63,72,92,109,124,121,113,107,124,132,132,129,151,162,165,153,168,170,177,177,194,200,212,221,241,243,253,274,302,299,285,282,291,295,289,289,297,305,313,325,338,344,347,359,368,357,343,354,372,363,355,341,327,306,289,260,246,233,223,230,226,204,189,206,218,212,226,230,228,231,238,220,184,146,92,49,25,15,,17633
728,Tottenham Court Road,Nov-16,,0,0,0,0,0,0,0,0,0,0,0,0,16,15,23,38,48,77,126,177,221,288,341,298,219,208,285,333,363,429,578,667,678,676,776,838,836,829,928,1018,1066,1086,1138,1177,1212,1256,1298,1286,1259,1223,1195,1112,1041,1015,1035,1017,970,952,975,960,931,950,1005,1012,958,945,1004,1036,971,868,798,730,669,629,580,527,484,452,408,370,347,329,317,295,275,262,251,228,187,162,128,122,88,89,55,34,,52098
729,Tottenham Hale,Nov-16,,0,0,0,0,0,0,0,0,0,0,0,0,18,20,32,44,61,60,73,76,77,72,79,81,80,86,96,105,109,124,136,140,131,145,153,156,148,155,164,168,174,185,203,195,199,225,251,257,249,251,242,255,250,256,250,267,272,296,303,321,347,393,403,378,341,308,300,294,285,264,263,249,238,233,222,204,195,189,176,168,177,193,197,201,199,199,198,179,138,94,72,56,54,48,36,30,,15211
730,Totteridge & Whetstone,Nov-16,,0,0,0,0,0,0,0,0,0,0,0,0,0,1,1,0,2,3,4,5,10,16,18,14,11,9,10,11,12,12,12,12,12,12,12,13,13,11,13,15,16,16,19,21,21,22,25,27,27,25,23,23,27,28,28,29,33,38,41,43,43,44,45,49,52,53,52,49,42,37,35,36,36,35,31,26,25,24,28,28,29,26,31,31,32,28,27,28,30,28,22,20,17,12,4,0,,1931
731,Tower Hill,Nov-16,,0,0,0,0,0,0,0,0,0,0,0,0,0,3,8,12,17,31,50,67,87,123,142,131,105,116,151,214,258,317,371,451,491,543,576,604,584,572,560,580,571,559,544,549,543,587,598,556,506,557,596,627,616,607,582,576,580,585,580,560,570,623,671,679,643,636,593,562,513,483,436,416,397,389,365,329,40,43,40,41,40,46,44,43,40,46,42,41,31,22,12,8,3,0,0,0,,27530
733,Tufnell Park,Nov-16,,0,0,0,0,0,0,0,0,0,0,0,0,1,1,2,3,4,5,7,8,9,10,16,17,15,13,17,19,17,16,22,27,26,22,25,27,28,28,32,36,38,36,39,42,44,47,51,51,47,45,46,48,53,57,57,55,61,69,73,74,80,86,90,95,97,101,102,100,97,94,88,79,73,68,63,59,57,58,55,54,53,56,56,55,58,59,59,56,56,51,38,28,15,9,3,6,,3740
734,Turnham Green,Nov-16,,0,0,0,0,0,0,0,0,0,0,0,0,1,1,1,3,8,12,15,19,29,42,55,53,44,40,49,51,49,47,65,70,62,51,57,65,64,62,72,79,80,76,75,85,86,93,90,97,86,85,85,93,91,95,97,102,99,105,110,121,126,134,142,145,140,141,141,130,112,111,106,104,94,88,82,80,72,64,62,64,62,75,87,96,88,89,84,78,71,66,66,47,21,0,0,0,,6085
735,Turnpike Lane,Nov-16,,0,0,0,0,0,0,0,0,0,0,0,0,1,1,1,5,11,20,27,32,33,39,45,48,45,51,58,67,70,75,78,86,90,93,98,97,100,105,116,125,134,139,150,165,174,192,217,231,213,208,214,214,205,223,246,249,241,259,262,279,287,300,296,301,297,275,290,284,273,244,235,222,231,239,211,187,176,178,165,169,170,176,166,189,189,194,195,219,205,193,181,133,54,5,0,0,,12961
736,Upminster,Aut-05,,0,0,0,0,0,0,0,0,0,0,0,0,0,1,2,7,10,13,14,18,25,27,22,19,28,38,46,39,28,25,51,69,62,45,61,80,70,65,71,69,39,47,67,95,99,94,97,94,88,105,120,118,77,77,61,93,90,120,103,93,76,138,175,178,117,75,60,104,111,114,91,95,83,107,74,38,27,72,68,51,52,68,40,29,28,30,23,26,24,18,17,9,3,0,0,0,,5003
737,Upminster Bridge,Nov-16,,0,0,0,0,0,0,0,0,0,0,0,0,0,0,0,0,1,2,3,3,3,3,5,4,4,4,4,3,3,4,5,4,4,4,6,7,7,6,6,5,5,5,7,7,6,7,8,8,8,7,9,8,9,7,10,11,14,12,10,9,14,18,16,16,17,17,16,14,17,15,15,12,16,15,15,11,10,9,9,6,6,6,7,7,7,8,9,9,8,7,6,5,3,3,3,0,,639
738,Upney,Nov-16,,0,0,0,0,0,0,0,0,0,0,0,0,1,0,1,3,4,6,6,9,11,12,12,13,12,13,14,22,26,25,18,14,14,16,15,15,18,23,24,27,28,28,29,29,32,40,47,49,43,46,51,50,42,42,45,45,41,46,52,57,54,53,60,62,58,49,45,47,49,51,44,43,41,37,32,29,31,29,27,22,24,23,25,22,23,23,26,24,21,19,17,13,9,5,2,0,,2355
739,Upton Park,Nov-16,,0,0,0,0,0,0,0,0,0,0,0,0,1,1,6,9,14,18,26,28,30,42,52,50,42,46,56,64,70,72,76,85,96,99,108,121,119,112,122,138,143,141,152,167,182,202,231,228,198,198,231,230,219,219,237,219,224,236,262,245,227,216,234,224,209,206,219,212,187,188,188,190,161,150,149,151,134,117,115,115,108,100,96,101,110,119,123,122,110,97,79,65,37,18,0,0,,10744
740,Uxbridge,Nov-16,,0,0,0,0,0,0,0,0,0,0,0,0,0,0,0,7,16,26,36,47,57,74,79,69,60,69,83,92,89,85,86,96,95,98,103,117,109,114,127,134,124,122,124,130,138,142,138,141,135,130,132,139,130,114,115,113,115,113,121,120,120,128,136,146,147,141,141,147,141,128,128,134,129,117,108,106,97,89,86,86,83,81,79,80,83,78,77,75,70,63,62,61,49,27,6,1,,7934
777,Vauxhall,Nov-16,,0,0,0,0,0,0,0,0,0,0,0,0,21,23,37,62,118,200,329,428,503,512,449,326,246,235,248,253,248,254,275,305,320,344,377,416,437,465,484,482,483,494,511,492,460,433,439,428,409,409,415,418,414,432,449,470,476,505,526,548,558,597,656,698,682,647,623,605,566,538,521,491,460,440,418,376,363,371,364,363,366,394,423,454,448,441,443,443,383,281,223,188,166,140,109,53,,32900
741,Victoria,Nov-16,,0,0,0,0,0,0,0,0,0,0,0,0,46,50,108,190,252,304,445,605,759,917,1017,958,855,847,931,972,968,1009,1156,1266,1250,1239,1309,1381,1348,1345,1383,1406,1372,1400,1432,1466,1506,1552,1586,1586,1577,1522,1493,1471,1449,1473,1542,1601,1631,1730,1854,1897,2014,2261,2454,2398,2245,2122,2034,1925,1813,1645,1527,1436,1371,1267,1179,1079,1042,1051,1030,983,1035,1150,1199,1158,1068,979,862,715,590,444,292,160,124,103,69,35,,98315
742,Walthamstow Central,Aut-16,,0,0,0,0,0,0,0,0,0,0,0,0,1,4,9,27,47,75,78,86,97,124,111,95,95,115,119,103,116,150,159,149,206,239,303,386,426,368,295,282,253,279,285,327,381,459,484,432,395,386,429,600,670,615,635,761,1001,1162,1265,1312,1364,1346,1139,889,661,616,664,965,1400,1575,1157,862,696,538,265,195,170,51,68,302,477,711,700,822,805,732,489,471,596,572,515,365,260,0,0,0,,38834
743,Wanstead,Nov-16,,0,0,0,0,0,0,0,0,0,0,0,0,3,2,1,2,2,3,5,7,6,10,15,16,12,14,22,27,23,19,21,24,26,26,29,28,30,30,37,39,43,40,45,46,49,48,50,48,52,55,52,55,56,56,52,56,58,61,70,70,75,81,89,87,92,85,76,69,69,62,59,64,60,53,46,46,40,39,36,37,38,36,35,37,41,39,40,40,38,31,23,21,20,14,8,10,,3277
745,Warren Street,Nov-16,,0,0,0,0,0,0,0,0,0,0,0,0,8,9,15,20,23,38,67,84,100,143,190,178,139,144,191,218,211,215,253,262,233,206,223,229,216,206,222,237,228,224,225,227,225,232,244,246,237,226,230,222,213,208,215,208,194,179,183,188,188,188,203,208,206,204,209,208,209,216,212,192,163,141,129,120,112,105,101,99,95,98,101,96,85,77,69,61,57,52,44,38,32,35,27,15,,13029
746,Warwick Avenue,Nov-16,,0,0,0,0,0,0,0,0,0,0,0,0,0,0,2,3,6,12,17,18,27,43,57,51,38,30,38,41,37,41,61,69,58,47,50,55,53,53,57,67,69,73,74,73,68,69,78,83,82,76,77,86,89,84,78,81,82,84,83,87,86,92,97,112,115,115,104,96,91,88,82,74,69,63,55,49,45,48,49,51,51,57,59,64,59,62,57,56,50,45,30,20,0,0,0,0,,4798
747,Waterloo,Nov-16,,0,0,0,0,0,0,0,0,0,0,0,0,14,40,60,113,180,268,356,450,522,564,572,577,568,623,720,804,857,923,1045,1193,1265,1314,1449,1567,1607,1664,1754,1818,1796,1785,1750,1684,1601,1577,1588,1537,1489,1453,1454,1451,1472,1491,1558,1629,1741,1868,1986,2072,2146,2293,2481,2567,2472,2341,2002,1864,1704,1600,1481,1388,1292,1210,1099,994,976,986,951,960,1070,1171,1206,1196,1183,1154,1056,815,569,381,244,132,74,49,36,17,,99029
748,Watford,Nov-16,,0,0,0,0,0,0,0,0,0,0,0,0,0,0,0,0,4,5,8,8,12,17,19,16,13,14,13,12,11,12,14,15,14,13,13,14,13,15,18,18,17,18,19,20,20,24,29,33,34,31,27,25,22,20,22,24,20,21,26,28,25,25,29,33,36,35,34,30,29,29,28,27,27,27,23,22,21,21,20,18,18,17,16,16,19,20,21,22,23,18,15,10,6,0,0,0,,1551
751,Wembley Central,Nov-16,,0,0,0,0,0,0,0,0,0,0,0,0,1,3,5,6,9,19,29,35,37,42,41,42,38,38,41,55,57,58,56,69,68,74,71,89,91,101,92,109,107,127,122,143,134,163,173,202,183,189,173,187,172,177,166,180,164,172,156,162,149,162,152,158,147,149,144,143,126,123,116,112,101,97,89,83,73,68,60,53,53,55,58,50,53,53,54,52,54,43,20,5,0,0,0,0,,7483
752,Wembley Park,Nov-16,,0,0,0,0,0,0,0,0,0,0,0,0,13,15,19,29,36,53,76,98,109,129,140,131,107,115,124,123,120,138,152,153,145,146,153,169,179,192,206,215,217,223,236,252,270,293,316,332,319,313,304,305,294,313,313,319,318,349,372,384,380,395,422,442,463,479,483,457,433,408,359,308,270,251,230,214,193,177,175,165,161,159,177,173,176,163,160,146,144,132,109,88,62,54,39,31,,18005
753,West Acton,Nov-16,,0,0,0,0,0,0,0,0,0,0,0,0,4,3,1,2,2,3,3,4,5,7,11,13,13,13,14,20,27,29,24,20,17,15,14,17,20,25,24,25,25,28,27,29,29,34,38,42,37,32,29,30,36,40,40,36,38,41,47,50,50,48,57,60,60,52,47,44,44,43,37,33,30,34,30,29,27,28,26,25,21,20,25,29,31,27,26,22,25,21,23,18,20,17,14,8,,2234
755,West Brompton,Nov-16,,0,0,0,0,0,0,0,0,0,0,0,0,0,0,0,2,6,15,30,43,50,84,110,106,75,65,62,60,53,51,58,64,62,60,63,70,70,75,74,78,70,73,73,77,72,80,90,94,81,80,86,92,86,85,85,85,79,79,80,82,84,92,99,102,104,104,95,97,91,93,80,82,73,75,67,62,57,58,58,54,56,65,65,61,55,52,44,36,28,26,23,13,5,0,0,0,,5271
756,West Finchley,Nov-16,,0,0,0,0,0,0,0,0,0,0,0,0,1,0,0,1,1,1,2,1,2,5,8,8,6,5,7,7,7,7,8,8,8,8,9,9,10,10,10,10,11,12,13,13,14,17,19,19,20,19,17,16,19,20,20,21,21,24,27,31,34,37,36,35,35,35,33,31,28,26,25,25,23,22,23,21,18,16,18,18,20,21,23,26,29,28,24,21,21,18,18,14,9,3,2,1,,1349
757,West Ham,Nov-16,,0,0,0,0,0,0,0,0,0,0,0,0,7,10,10,12,16,22,25,29,27,28,27,29,27,29,28,32,31,38,40,47,44,49,49,54,55,60,60,70,70,83,93,106,105,120,116,127,124,126,98,97,92,96,89,91,93,99,101,103,100,102,109,122,112,103,95,104,91,81,76,77,73,69,68,65,65,61,58,57,59,57,54,53,52,55,56,62,61,56,45,35,24,16,12,10,,5379
758,West Hampstead,Nov-16,,0,0,0,0,0,0,0,0,0,0,0,0,7,6,9,18,38,76,118,136,128,107,93,78,69,65,71,71,69,72,82,86,86,87,97,101,98,98,110,120,125,127,135,143,151,154,162,163,160,151,147,141,142,149,156,160,177,191,203,209,226,237,245,250,248,236,220,212,212,203,189,175,169,158,144,132,124,122,124,127,129,129,130,138,149,145,139,123,114,99,75,54,46,47,31,23,,10666
759,West Harrow,Nov-16,,0,0,0,0,0,0,0,0,0,0,0,0,0,0,1,0,3,2,2,3,7,11,12,8,6,7,8,9,5,8,7,7,6,7,10,15,15,16,13,18,16,17,14,21,21,17,29,36,33,18,26,36,29,22,28,29,27,25,41,39,40,28,39,60,67,62,41,37,26,26,34,30,45,39,33,11,12,20,28,32,22,24,26,22,17,26,27,30,24,24,12,9,2,0,0,0,,1705
760,West Kensington,Nov-16,,0,0,0,0,0,0,0,0,0,0,0,0,0,0,0,1,3,5,7,10,12,17,21,26,22,21,23,33,41,45,44,47,53,58,59,64,63,62,64,68,65,60,68,64,67,78,89,87,78,82,78,83,79,78,78,86,91,91,99,105,107,108,116,126,122,124,121,125,112,107,96,97,88,81,75,75,72,73,76,69,60,56,67,76,74,68,70,73,65,55,45,30,13,2,0,0,,5199
762,West Ruislip,Nov-16,,0,0,0,0,0,0,0,0,0,0,0,0,0,0,0,0,2,3,9,6,5,9,11,13,10,9,12,9,13,14,18,13,10,13,9,11,10,13,12,10,12,15,20,20,22,19,18,19,26,22,20,18,21,29,35,35,38,36,46,42,51,64,88,73,59,56,61,57,50,43,33,37,37,34,34,33,29,22,23,22,22,21,23,26,29,33,25,21,20,19,23,21,16,5,0,0,,1967
754,Westbourne Park,Nov-16,,0,0,0,0,0,0,0,0,0,0,0,0,0,0,2,4,4,6,7,10,14,19,25,26,20,19,26,29,25,27,33,35,32,32,32,38,38,39,39,46,45,50,52,58,57,56,53,59,62,56,50,57,61,64,66,66,59,62,68,69,68,72,72,71,67,71,74,82,78,78,66,62,56,54,48,49,49,43,41,36,37,34,35,37,41,38,35,34,32,27,23,18,0,0,0,0,,3425
761,Westminster,Nov-16,,0,0,0,0,0,0,0,0,0,0,0,0,4,8,17,24,32,46,68,96,127,154,166,157,155,198,267,331,416,548,696,823,904,973,1012,1016,993,972,962,957,961,944,907,883,867,847,839,871,879,854,837,849,834,806,783,761,727,683,651,609,577,558,562,567,556,528,485,447,420,394,361,322,297,268,246,220,197,173,156,149,140,130,121,115,98,81,70,59,49,42,36,27,18,14,10,4,,37011
764,White City,Nov-16,,0,0,0,0,0,0,0,0,0,0,0,0,10,9,10,13,24,40,78,122,161,172,146,97,63,63,69,64,58,65,76,78,74,72,74,80,88,100,100,95,93,106,119,124,118,115,117,120,118,118,117,115,104,101,105,109,105,105,106,105,105,115,139,146,125,112,117,123,114,108,91,81,78,78,69,67,68,64,59,57,59,60,59,61,58,53,51,52,53,52,45,44,58,56,37,22,,7057
763,Whitechapel,Nov-16,,0,0,0,0,0,0,0,0,0,0,0,0,2,8,14,28,44,69,96,126,161,194,199,163,127,111,125,129,130,137,157,155,144,146,160,171,172,171,178,184,191,202,222,222,214,221,236,234,227,225,238,225,229,215,219,205,212,210,212,208,213,220,249,269,268,246,247,244,249,259,265,222,192,168,155,129,130,123,122,114,107,93,102,105,101,94,105,105,100,78,60,28,13,0,0,0,,13043
765,Willesden Green,Nov-16,,0,0,0,0,0,0,0,0,0,0,0,0,9,8,8,11,12,17,21,23,24,35,45,45,38,41,48,49,48,57,70,70,60,55,63,71,71,72,75,79,84,91,100,107,114,121,132,134,130,124,126,129,132,135,140,150,167,184,194,204,210,217,208,218,226,231,224,213,210,203,200,189,179,165,159,162,160,152,147,146,144,145,146,156,160,167,168,164,155,155,130,98,64,61,46,41,,9742
766,Willesden Junction,Aut-07,,0,0,0,0,0,0,0,0,0,0,0,0,0,1,3,4,4,5,2,45,96,105,79,59,58,44,63,58,60,47,59,60,52,48,55,52,38,38,55,49,51,51,64,58,79,93,99,66,73,83,109,87,78,74,108,101,85,88,124,112,87,100,123,114,87,73,85,81,74,73,84,76,66,69,58,46,40,49,58,59,48,40,44,55,66,68,65,49,22,3,0,0,0,0,0,0,,4884
767,Wimbledon,Aut-13,,0,0,0,0,0,0,0,0,0,0,0,0,0,5,15,22,22,21,36,52,73,91,98,114,107,138,130,121,116,178,159,168,167,170,146,232,249,258,199,235,265,338,271,305,367,270,82,239,412,445,158,305,356,487,282,408,414,492,383,464,482,572,413,529,548,485,408,372,325,234,359,273,202,167,184,192,158,162,129,185,188,200,159,190,208,214,207,198,190,178,160,119,77,0,0,0,,18732
768,Wimbledon Park,Nov-16,,0,0,0,0,0,0,0,0,0,0,0,0,0,0,1,1,0,2,2,3,4,9,15,15,12,10,13,17,15,13,14,16,18,18,20,21,21,20,22,24,24,24,25,26,28,29,32,33,33,33,36,38,33,29,28,33,33,34,39,46,53,60,61,53,46,46,49,45,38,34,37,37,33,27,23,20,16,17,19,20,17,18,20,21,20,21,19,17,13,13,12,10,6,0,0,0,,1903
770,Wood Green,Nov-16,,0,0,0,0,0,0,0,0,0,0,0,0,1,2,4,6,13,23,34,41,46,51,59,68,67,67,85,104,110,113,137,152,160,160,175,174,177,172,190,194,197,196,223,237,256,280,310,325,309,290,277,292,289,288,299,298,311,328,345,344,338,354,355,367,379,369,363,325,316,292,292,266,257,261,237,206,188,186,173,167,177,183,171,194,202,209,195,217,202,198,179,141,71,21,1,0,,16331
599,Wood Lane,Nov-16,,0,0,0,0,0,0,0,0,0,0,0,0,0,0,1,2,4,7,12,25,33,34,24,18,13,16,19,21,27,31,38,43,50,53,64,63,58,53,72,86,98,98,104,100,113,123,129,119,125,127,124,111,112,114,111,96,99,101,103,97,102,96,94,84,93,91,87,78,73,68,53,47,45,44,37,29,31,27,22,20,20,22,20,24,26,24,15,12,12,10,8,5,2,0,0,0,,4492
769,Woodford,Nov-16,,0,0,0,0,0,0,0,0,0,0,0,0,4,5,3,3,5,10,12,13,12,21,34,36,30,26,30,32,34,35,35,34,34,36,35,38,41,48,51,52,59,64,74,80,88,85,86,91,95,97,96,102,104,107,102,106,112,119,134,148,149,150,168,167,147,145,149,139,127,121,113,110,113,103,92,86,79,77,79,79,78,68,71,67,79,76,85,68,69,56,50,38,40,39,25,12,,6012
771,Woodside Park,Aut-09,,0,0,0,0,0,0,0,0,0,0,0,0,0,0,0,0,0,2,4,6,10,13,11,7,6,11,14,15,16,16,16,8,10,13,19,19,14,13,11,25,29,26,30,39,40,35,37,41,42,46,30,34,49,50,48,51,50,44,57,64,49,71,78,85,59,83,76,80,53,68,78,70,49,51,67,60,53,47,41,47,53,52,41,47,45,54,55,62,65,70,58,33,12,0,0,0,,3033
,Total,,,0,0,0,0,0,0,0,0,0,0,0,9,1027,1323,2190,3404,4945,7474,10841,13801,16571,20598,23841,22639,19644,20223,24591,26948,27664,30091,36170,39344,39410,39660,43660,46422,46485,46832,50088,52694,53496,54013,56071,57895,58087,59313,61626,62520,60937,59243,58955,59052,57880,57307,58105,58983,59124,60398,62632,63885,64548,67003,70136,71049,69261,67187,65713,64277,61709,58108,54222,50606,46853,43551,40476,37459,34445,32641,31616,30865,30593,31651,32797,33079,31986,30950,29825,28034,25157,22013,18003,13124,8306,5589,3707,2393,,3307043
