COUNTS -  2016               - Sunday - Exits,,,,,,,,,,,,,,,,,,,,,,,,2016,Sunday,Exits,,,,,,,,,,,,,,,,,,,,,,,,,,,,,,,,,,,,,,,,,,,,,,,,,,,,,,,,,,,,,,,,,,,,,,,,,,,
,,,,,,,,,,,,,,,,,,,,,,,,,,,,,,,,,,,,,,,,,,,,,,,,,,,,,,,,,,,,,,,,,,,,,,,,,,,,,,,,,,,,,,,,,,,,,,,,,,,,,
(C) Copyright, London Underground Limited,2017,,,,,,,,,,,,,,,,,,,,,,,,,,,,,,,,,,,,,,,,,,,,,,,,,,,,,,,,,,,,,,,,,,,,,,,,,,,,,,,,,,,,,,,,,,,,,,,,,,,
,,,,,,,,,,,,,,,,,,,,,,,,,,,,,,,,,,,,,,,,,,,,,,,,,,,,,,,,,,,,,,,,,,,,,,,,,,,,,,,,,,,,,,,,,,,,,,,,,,,,,
Counts by Station and quarter Hour,,,,,,,,,,,,,,,,,,,,,,,,,,,,,,,,,,,,,,,,,,,,,,,,,,,,,,,,,,,,,,,,,,,,,,,,,,,,,,,,,,,,,,,,,,,,,,,,,,,,,
,,,,,,,,,,,,,,,,,,,,,,,,,,,,,,,,,,,,,,,,,,,,,,,,,,,,,,,,,,,,,,,,,,,,,,,,,,,,,,,,,,,,,,,,,,,,,,,,,,,,,
nlc, Station, Date, Note,0200-0215, 0215-0230, 0230-0245, 0245-0300, 0300-0315, 0315-0330, 0330-0345, 0345-0400, 0400-0415, 0415-0430, 0430-0445, 0445-0500, 0500-0515, 0515-0530, 0530-0545, 0545-0600, 0600-0615, 0615-0630, 0630-0645, 0645-0700, 0700-0715, 0715-0730, 0730-0745, 0745-0800, 0800-0815, 0815-0830, 0830-0845, 0845-0900, 0900-0915, 0915-0930, 0930-0945, 0945-1000, 1000-1015, 1015-1030, 1030-1045, 1045-1100, 1100-1115, 1115-1130, 1130-1145, 1145-1200, 1200-1215, 1215-1230, 1230-1245, 1245-1300, 1300-1315, 1315-1330, 1330-1345, 1345-1400, 1400-1415, 1415-1430, 1430-1445, 1445-1500, 1500-1515, 1515-1530, 1530-1545, 1545-1600, 1600-1615, 1615-1630, 1630-1645, 1645-1700, 1700-1715, 1715-1730, 1730-1745, 1745-1800, 1800-1815, 1815-1830, 1830-1845, 1845-1900, 1900-1915, 1915-1930, 1930-1945, 1945-2000, 2000-2015, 2015-2030, 2030-2045, 2045-2100, 2100-2115, 2115-2130, 2130-2145, 2145-2200, 2200-2215, 2215-2230, 2230-2245, 2245-2300, 2300-2315, 2315-2330, 2330-2345, 2345-2400, 0000-0015, 0015-0030, 0030-0045, 0045-0100, 0100-0115, 0115-0130, 0130-0145, 0145-0200, , Total
,,,,,,,,,,,,,,,,,,,,,,,,,,,,,,,,,,,,,,,,,,,,,,,,,,,,,,,,,,,,,,,,,,,,,,,,,,,,,,,,,,,,,,,,,,,,,,,,,,,,,
500,Acton Town,Nov-16,,0,0,0,0,0,0,0,0,0,0,0,0,0,0,0,1,1,5,9,12,11,18,28,36,31,28,31,33,33,36,39,40,37,41,45,49,48,51,53,54,55,57,61,67,69,77,79,84,75,82,82,96,93,94,91,98,98,103,101,110,112,127,123,131,123,130,125,128,119,118,105,98,90,90,87,89,83,80,74,75,71,71,70,70,67,60,58,48,42,28,17,0,0,0,0,0,,5151
502,Aldgate,Nov-16,,0,0,0,0,0,0,0,0,0,0,0,0,0,0,0,0,0,0,0,5,5,16,33,40,32,25,27,27,29,36,48,53,55,58,64,66,66,64,76,79,77,69,74,77,79,75,72,68,67,71,77,78,73,69,65,63,64,71,78,77,77,75,81,78,87,95,116,113,108,94,85,67,61,60,63,53,47,45,53,49,43,40,41,37,33,30,23,17,14,10,6,0,0,0,0,0,,4149
503,Aldgate East,Nov-16,,0,0,0,0,0,0,0,0,0,0,0,0,0,0,0,0,24,42,47,31,19,24,32,42,40,39,43,53,58,72,99,120,135,146,166,180,184,184,198,226,228,220,225,239,234,222,237,239,233,209,216,214,209,192,197,199,196,201,206,200,187,196,203,203,215,231,244,243,229,202,178,166,158,158,147,131,127,125,125,119,116,110,108,101,91,78,80,68,52,23,13,0,0,0,0,0,,10947
505,Alperton,Nov-16,,0,0,0,0,0,0,0,0,0,0,0,0,0,0,0,0,0,0,0,7,11,13,14,17,18,17,20,26,31,24,24,23,27,21,26,30,34,32,33,35,40,41,42,45,43,42,46,48,48,41,42,41,47,43,47,47,47,43,45,40,42,43,50,46,53,50,53,49,49,41,43,42,36,30,33,29,27,25,30,23,23,22,27,28,28,26,24,20,13,7,3,0,0,0,0,0,,2376
506,Amersham,Nov-16,,0,0,0,0,0,0,0,0,0,0,0,0,0,0,0,0,0,0,0,0,0,0,0,1,4,7,9,5,5,8,12,7,8,11,16,10,10,13,20,13,11,18,26,15,9,16,24,14,10,15,23,13,9,16,22,21,19,22,19,25,28,31,26,33,31,32,28,37,33,35,29,28,18,19,16,18,14,14,10,11,9,11,10,10,7,7,6,9,8,6,3,3,0,0,0,0,,1086
507,Angel,Nov-16,,0,0,0,0,0,0,0,0,0,0,0,0,0,0,0,0,0,0,0,0,0,25,56,68,50,48,88,114,125,134,170,188,192,204,251,263,247,217,243,277,291,286,294,324,312,304,304,318,304,301,304,304,306,307,312,308,311,302,301,310,318,322,325,338,333,333,351,350,309,269,244,214,186,170,150,129,123,121,118,105,95,90,89,84,76,65,51,34,17,9,6,4,1,0,0,0,,14492
508,Archway,Nov-16,,0,0,0,0,0,0,0,0,0,0,0,0,2,2,2,2,2,2,3,3,7,3,29,44,45,26,35,38,38,39,42,44,47,54,64,71,73,68,66,71,74,78,85,98,100,106,112,111,108,111,116,122,127,128,128,133,133,143,152,166,169,179,182,183,192,205,209,194,188,178,164,152,144,139,131,127,117,113,104,105,104,103,103,100,92,84,79,58,31,14,8,5,2,1,0,0,,7212
509,Arnos Grove,Nov-15,,0,0,0,0,0,0,0,0,0,0,0,0,0,0,0,0,0,0,0,2,2,7,16,21,20,19,21,22,26,29,30,24,21,25,30,29,30,32,34,36,43,52,53,52,51,55,61,63,64,65,66,70,72,78,79,80,81,91,95,93,94,99,101,108,126,144,147,129,102,86,82,74,66,68,70,64,56,53,51,52,47,44,45,48,47,44,42,36,26,18,12,7,0,0,0,0,,4028
510,Arsenal,Nov-16,,0,0,0,0,0,0,0,0,0,0,0,0,0,0,0,0,0,0,0,1,1,2,5,7,7,5,8,9,12,15,23,27,30,32,38,45,42,38,35,38,42,45,45,45,46,48,49,54,51,50,52,53,54,55,57,53,53,52,60,63,69,69,69,67,65,67,68,67,60,54,50,48,48,44,46,43,43,36,39,37,37,32,31,26,27,28,25,17,11,8,5,2,0,0,0,0,,2785
511,Baker Street,Nov-16,,0,0,0,0,0,0,0,0,0,0,0,0,8,9,9,15,19,26,27,37,44,83,130,149,131,142,198,252,304,356,425,452,447,457,534,563,537,515,549,550,527,507,524,533,516,483,478,476,463,450,449,444,429,412,403,392,373,356,364,363,341,320,318,314,317,317,311,288,263,236,201,179,168,162,150,136,126,114,109,102,102,98,96,88,77,64,55,56,55,45,25,13,4,0,0,0,,21160
512,Balham,Nov-16,,0,0,0,0,0,0,0,0,0,0,0,0,3,2,2,2,2,2,3,7,11,10,23,37,43,36,48,61,76,82,84,77,90,113,132,127,112,113,141,157,154,145,155,167,175,185,190,199,202,207,201,207,221,222,231,241,253,252,259,262,273,264,278,281,284,260,265,241,231,211,209,190,180,162,162,157,142,132,133,128,124,122,114,103,99,88,74,54,30,7,0,0,0,0,0,0,,10722
513,Bank & Monument,Nov-16,,0,0,0,0,0,0,0,0,0,0,0,0,9,11,13,16,21,29,36,46,57,90,128,144,116,98,107,122,127,148,180,211,236,266,287,287,276,286,298,299,277,278,290,307,297,290,285,294,297,297,289,279,264,253,249,253,250,242,242,252,252,248,263,280,279,266,241,206,173,157,139,122,104,97,94,91,81,77,75,75,67,62,55,53,52,42,51,58,46,16,0,1,0,0,0,0,,13252
501,Barbican,Nov-16,,0,0,0,0,0,0,0,0,0,0,0,0,0,0,0,0,0,0,0,5,8,16,27,29,25,23,29,31,35,39,50,56,57,56,66,71,69,68,74,79,77,80,87,91,89,89,94,97,95,93,96,98,95,90,94,94,93,90,92,93,93,103,107,112,121,142,148,146,136,115,84,64,58,57,54,49,46,44,42,44,45,44,39,37,33,28,23,17,13,7,3,0,0,0,0,0,,4794
514,Barking,Nov-16,,0,0,0,0,0,0,0,0,0,0,0,0,0,0,2,3,10,14,31,49,63,64,66,90,89,92,89,117,114,118,116,126,115,122,120,142,132,138,119,144,136,148,136,151,145,165,162,176,175,189,177,199,205,205,203,228,230,232,228,247,238,240,244,288,283,282,281,309,288,272,243,230,199,190,185,194,171,163,136,142,136,144,130,119,112,115,125,106,80,47,26,9,0,0,0,0,,11749
515,Barkingside,Nov-16,,0,0,0,0,0,0,0,0,0,0,0,0,0,1,2,1,1,1,3,2,2,2,4,5,5,4,4,5,5,5,4,6,6,8,8,9,8,8,8,8,8,8,8,10,11,13,17,17,15,15,19,16,17,20,20,17,22,23,23,23,24,20,24,26,25,26,27,27,25,25,18,16,19,19,15,12,13,11,12,10,11,9,10,9,10,9,9,7,5,6,0,0,0,0,0,0,,926
516,Barons Court,Nov-16,,0,0,0,0,0,0,0,0,0,0,0,0,0,0,0,0,0,2,2,3,4,11,21,25,20,19,23,28,30,34,44,51,52,49,55,61,57,50,51,55,58,63,68,74,75,72,71,76,78,81,83,81,80,84,94,102,105,104,112,114,114,114,124,128,128,121,116,113,108,95,90,86,84,79,81,78,73,68,72,71,68,63,66,64,59,50,43,29,15,5,0,0,0,0,0,0,,4827
517,Bayswater,Nov-16,,0,0,0,0,0,0,0,0,0,0,0,0,0,0,0,0,0,0,0,2,3,7,11,14,13,13,16,19,23,28,35,38,43,47,56,59,58,59,64,71,76,76,80,87,93,89,87,89,98,96,101,101,101,93,98,98,104,106,111,111,117,112,114,122,136,140,144,138,131,118,123,112,107,96,92,76,72,73,75,65,66,65,60,50,47,39,32,27,20,12,9,6,2,1,0,0,,5173
518,Becontree,Nov-16,,0,0,0,0,0,0,0,0,0,0,0,0,0,0,0,0,0,1,4,8,7,9,12,14,11,11,13,15,18,17,17,15,16,17,20,19,19,21,23,22,22,26,31,32,32,33,38,43,47,44,46,47,50,50,51,51,53,55,56,58,59,56,58,60,62,58,63,64,62,56,53,51,52,45,39,37,37,32,30,27,26,26,26,25,26,21,16,16,14,11,5,4,0,0,0,0,,2411
519,Belsize Park,Nov-16,,0,0,0,0,0,0,0,0,0,0,0,0,0,0,0,0,0,1,2,1,6,5,32,51,51,28,33,39,37,33,44,56,56,50,50,56,50,50,55,64,59,59,68,76,76,75,82,87,85,81,81,85,83,83,86,90,87,82,89,92,100,103,105,103,103,102,100,103,106,103,95,82,68,63,64,61,54,54,53,51,48,46,46,45,42,36,30,22,12,5,0,1,0,0,0,0,,4462
787,Bermondsey,Nov-16,,0,0,0,0,0,0,0,0,0,0,0,0,5,6,8,6,9,7,10,8,20,39,59,57,50,49,57,59,52,53,70,82,85,86,95,95,93,97,113,117,122,123,140,152,157,156,163,167,164,163,172,173,175,173,181,183,188,195,209,215,210,221,236,232,220,229,250,236,213,194,189,167,149,147,145,145,137,131,123,123,120,116,114,101,90,84,80,62,41,21,9,2,0,0,0,0,,9395
520,Bethnal Green,Nov-16,,0,0,0,0,0,0,0,0,0,0,0,0,21,19,19,22,19,25,33,36,42,61,84,87,85,86,95,98,106,121,144,156,160,169,190,203,197,198,214,227,214,215,231,249,242,240,254,255,253,243,258,250,256,249,272,284,289,292,305,305,310,354,383,407,406,417,405,397,351,316,283,263,247,246,241,223,199,191,194,187,181,184,179,171,163,173,163,106,35,2,3,2,0,0,0,0,,15455
521,Blackfriars,Nov-16,,0,0,0,0,0,0,0,0,0,0,0,0,0,0,0,0,0,0,0,10,15,31,41,46,43,45,53,59,67,77,97,108,115,121,136,150,159,151,152,153,160,155,152,152,151,152,152,157,144,142,145,151,147,150,149,153,152,153,148,144,136,134,128,123,121,124,119,110,91,81,74,70,58,58,56,57,51,51,50,46,35,37,41,37,25,20,17,13,6,1,0,0,0,0,0,0,,6808
522,Blackhorse Road,Nov-16,,0,0,0,0,0,0,0,0,0,0,0,0,10,11,11,9,11,11,13,12,18,25,29,28,26,28,28,29,29,30,32,33,33,32,37,44,47,43,45,51,59,62,68,72,78,81,90,96,102,117,128,123,114,120,122,123,126,141,157,168,171,178,181,177,175,181,194,200,190,167,150,138,126,122,122,115,104,100,94,86,85,87,93,94,93,99,88,85,65,42,6,0,0,0,0,0,,6710
524,Bond Street,Nov-16,,0,0,0,0,0,0,0,0,0,0,0,0,6,9,12,21,24,38,40,43,35,90,196,247,202,162,193,215,220,274,427,500,507,525,697,752,755,754,905,979,996,919,913,902,905,867,877,892,891,864,846,826,793,755,723,692,657,635,597,559,503,457,423,386,344,312,310,291,256,210,165,134,116,108,99,95,90,83,67,59,53,51,47,44,37,30,33,40,31,9,0,2,2,0,0,0,,29824
525,Borough,Nov-16,,0,0,0,0,0,0,0,0,0,0,0,0,0,0,0,0,0,0,0,0,1,4,12,17,16,17,26,37,45,45,44,43,40,39,48,51,48,46,54,59,59,59,63,69,72,75,75,75,73,71,67,68,70,71,70,70,73,76,76,76,77,83,84,90,94,97,94,95,82,72,68,72,70,69,66,60,59,59,57,54,52,51,48,46,42,38,30,19,7,0,0,0,0,0,0,0,,3935
526,Boston Manor,Nov-16,,0,0,0,0,0,0,0,0,0,0,0,0,0,0,0,0,2,2,2,3,3,5,8,10,10,9,9,9,9,9,13,14,12,10,13,14,13,12,13,14,15,17,19,19,22,27,28,27,26,29,30,29,28,29,32,32,33,34,37,35,34,39,42,45,44,44,43,42,43,40,38,33,32,32,33,33,31,29,29,30,30,29,29,29,26,20,16,12,9,4,0,0,0,0,0,0,,1706
527,Bounds Green,Nov-16,,0,0,0,0,0,0,0,0,0,0,0,0,0,0,0,0,0,0,0,3,1,9,19,27,23,24,25,25,26,28,30,28,27,28,29,32,33,37,41,46,49,56,60,64,73,78,78,85,98,103,105,109,101,98,102,116,110,113,123,136,139,146,158,154,150,147,154,144,144,130,123,106,96,92,93,98,89,87,76,76,69,72,65,72,64,68,60,65,44,31,15,11,3,0,0,0,,5439
528,Bow Road,Nov-16,,0,0,0,0,0,0,0,0,0,0,0,0,0,0,0,0,2,5,7,7,7,9,12,14,15,17,18,19,20,22,26,29,31,29,31,32,30,30,35,41,41,45,50,60,62,62,63,67,71,69,74,76,80,82,81,80,81,88,90,101,107,112,109,114,119,127,124,122,114,112,101,99,90,95,94,91,76,75,81,82,69,70,77,77,67,68,66,52,33,18,11,0,0,0,0,0,,4563
529,Brent Cross,Nov-16,,0,0,0,0,0,0,0,0,0,0,0,0,1,0,1,0,0,0,0,3,3,3,6,10,13,14,16,17,15,15,17,18,18,18,21,26,32,39,43,39,35,31,46,53,52,37,39,39,38,38,42,39,37,35,39,40,41,38,40,42,43,42,45,46,43,41,41,41,36,34,31,32,28,28,25,25,24,24,22,23,22,22,23,24,21,20,17,16,11,6,0,0,0,0,0,0,,2045
778,Brixton,Nov-16,,0,0,0,0,0,0,0,0,0,0,0,0,54,47,34,40,31,43,38,49,54,70,91,109,106,103,124,137,130,127,144,158,171,184,214,230,228,229,252,278,296,316,359,405,428,427,448,466,460,463,490,524,526,535,540,573,567,583,623,698,721,762,803,850,884,911,915,885,820,757,732,700,614,560,511,478,427,414,401,389,363,340,352,338,321,308,295,219,126,64,40,29,20,8,0,0,,29559
530,Bromley-by-Bow,Nov-15,,0,0,0,0,0,0,0,0,0,0,0,0,0,0,0,0,6,5,5,5,5,12,17,18,11,12,15,16,11,11,12,13,12,14,14,17,17,19,17,22,22,26,29,34,33,32,33,34,36,39,38,38,36,41,41,40,42,48,59,65,62,58,57,64,67,70,73,74,67,62,58,52,45,44,45,47,46,41,38,38,37,37,36,38,33,33,32,28,17,7,4,0,0,0,0,0,,2482
531,Buckhurst Hill,Nov-16,,0,0,0,0,0,0,0,0,0,0,0,0,3,2,1,2,2,2,2,3,5,8,7,6,5,3,4,6,8,8,10,10,10,9,9,10,11,11,12,12,12,14,16,18,18,19,22,24,26,25,22,22,24,24,25,30,34,35,33,30,28,30,33,33,35,37,37,32,27,26,23,21,18,19,17,16,14,14,10,10,11,10,11,9,11,9,10,6,6,0,0,0,0,0,0,0,,1217
532,Burnt Oak,Nov-16,,0,0,0,0,0,0,0,0,0,0,0,0,1,1,1,1,1,1,1,4,7,8,4,13,22,24,16,22,29,31,27,26,26,25,28,30,28,29,32,35,36,37,39,43,46,46,48,52,54,56,60,59,55,58,63,65,60,62,62,71,73,82,91,89,78,71,78,74,74,69,66,54,51,50,50,47,43,38,36,34,33,32,34,30,31,32,34,30,23,11,2,0,0,0,0,0,,3085
534,Caledonian Road,Nov-16,,0,0,0,0,0,0,0,0,0,0,0,0,0,0,0,0,0,0,0,0,9,19,29,30,29,29,31,30,29,31,34,33,33,33,43,50,49,43,43,41,42,46,51,60,63,65,65,68,66,67,73,73,75,71,76,76,86,92,102,101,101,104,110,117,113,121,125,128,109,99,93,92,85,83,86,85,80,71,71,67,69,61,65,62,61,49,44,35,25,13,10,0,0,0,0,0,,4520
535,Camden Town,Nov-16,,0,0,0,0,0,0,0,0,0,0,0,0,3,3,3,4,3,3,3,5,17,40,75,85,86,96,134,155,189,259,412,556,671,757,856,905,908,915,959,985,980,954,979,1006,1023,982,962,916,889,837,802,785,789,747,683,644,618,577,561,532,493,465,449,443,424,410,405,400,366,308,286,260,239,206,182,162,152,136,125,119,111,104,103,98,89,81,67,48,26,10,2,0,0,0,0,0,,32122
788,Canada Water,Nov-16,,0,0,0,0,0,0,0,0,0,0,0,0,14,17,18,13,16,19,25,23,31,44,60,54,46,45,58,63,67,72,86,89,88,97,128,146,144,139,152,166,170,182,198,218,220,229,240,258,263,265,280,292,292,285,302,318,330,333,328,309,308,330,344,351,356,379,384,361,313,287,276,259,244,241,241,224,201,190,189,190,188,186,183,174,157,145,148,142,97,37,3,0,0,0,0,0,,14360
852,Canary Wharf,Nov-16,,0,0,0,0,0,0,0,0,0,0,0,0,16,18,19,23,28,34,44,47,61,98,170,192,176,157,186,188,179,196,250,264,257,268,327,361,378,398,459,491,489,495,527,538,533,526,541,543,539,536,549,552,540,527,544,566,561,547,564,571,573,564,582,564,595,606,618,567,515,474,444,418,384,382,365,335,305,293,295,290,272,261,266,253,218,195,172,138,87,31,0,0,0,0,0,0,,27135
884,Canning Town,Nov-16,,0,0,0,0,0,0,0,0,0,0,0,0,20,22,24,19,21,21,24,21,28,33,53,60,58,48,52,56,54,58,61,61,61,65,67,68,70,75,83,92,94,93,101,115,126,141,154,159,157,163,173,179,173,175,186,196,191,195,205,212,220,228,256,269,263,273,284,265,230,214,208,189,180,170,164,161,152,151,138,135,131,134,142,140,134,126,139,145,113,50,7,0,0,0,0,0,,9974
536,Cannon Street,Nov-16,,0,0,0,0,0,0,0,0,0,0,0,0,0,0,0,0,0,0,0,3,6,10,15,16,16,13,15,14,16,17,20,21,22,23,26,28,27,28,30,31,33,34,35,36,36,32,30,33,34,35,36,40,40,40,36,39,42,44,44,47,53,51,52,51,54,54,55,44,39,36,38,34,30,28,29,28,25,24,23,23,21,19,18,20,17,14,10,7,5,0,0,0,0,0,0,0,,2045
537,Canons Park,Nov-16,,0,0,0,0,0,0,0,0,0,0,0,0,2,2,2,2,2,1,3,4,4,3,6,11,12,9,8,11,13,14,12,11,10,14,15,15,15,19,20,20,19,22,22,23,25,29,28,28,24,28,29,33,30,35,35,40,39,42,40,47,50,54,55,62,68,71,63,55,48,47,41,38,31,29,30,32,27,21,22,23,20,17,17,20,22,23,20,14,10,6,3,0,0,0,0,0,,1917
539,Chalfont & Latimer,Nov-15,,0,0,0,0,0,0,0,0,0,0,0,0,0,0,0,0,1,0,0,0,0,0,0,0,2,3,2,3,3,3,3,3,3,3,4,4,6,5,6,6,6,7,7,6,6,5,5,5,6,7,7,7,5,7,7,6,8,10,10,11,11,12,11,14,16,15,13,14,14,19,18,14,11,9,7,7,6,6,5,5,4,4,4,4,4,2,3,4,3,2,1,0,0,0,0,0,,460
540,Chalk Farm,Nov-16,,0,0,0,0,0,0,0,0,0,0,0,0,1,0,0,1,1,1,1,1,2,5,13,21,23,20,25,32,33,35,48,57,59,63,75,83,76,67,72,81,81,77,87,94,96,91,91,94,98,94,93,95,90,83,89,92,87,84,90,92,93,99,101,106,107,108,102,100,101,99,93,81,71,64,59,50,48,53,51,48,43,43,43,42,39,37,31,20,8,3,0,0,0,0,0,0,,4637
541,Chancery Lane,Nov-16,,0,0,0,0,0,0,0,0,0,0,0,0,1,1,3,5,9,8,13,15,18,28,53,66,58,48,56,63,63,64,82,89,88,89,107,105,89,78,94,100,98,92,99,97,90,82,89,91,86,78,83,85,78,73,72,74,73,73,73,73,74,70,69,72,76,80,81,77,63,50,43,44,43,38,36,32,29,26,26,24,23,22,22,20,19,18,14,10,0,0,0,0,0,0,0,0,,4353
718,Charing Cross,Nov-16,,0,0,0,0,0,0,0,0,0,0,0,0,0,0,0,0,0,0,0,0,0,11,22,30,26,30,37,45,53,68,99,120,128,126,137,142,151,151,163,158,153,145,159,168,177,173,179,180,179,170,170,165,153,133,125,125,125,108,106,111,112,91,93,96,97,91,98,94,80,64,52,44,39,36,32,29,26,25,23,22,19,18,15,16,15,13,9,5,2,0,0,0,0,0,0,0,,6057
543,Chesham,Nov-16,,0,0,0,0,0,0,0,0,0,0,0,0,0,0,0,0,0,0,0,0,0,0,2,2,3,3,3,1,2,3,5,4,4,4,6,4,6,6,8,4,6,6,9,4,9,8,11,4,9,6,10,7,10,8,9,6,8,8,11,6,12,9,17,11,17,9,18,11,16,8,14,7,12,6,11,6,10,5,8,3,7,5,6,3,5,2,6,4,6,3,0,0,0,0,0,0,,482
544,Chigwell,Nov-16,,0,0,0,0,0,0,0,0,0,0,0,0,0,0,0,0,0,0,0,0,0,0,0,2,2,2,1,2,3,2,1,1,1,2,2,3,3,2,2,2,2,2,4,3,2,4,3,3,2,3,2,3,3,3,4,4,3,2,4,3,5,5,4,4,7,6,3,3,4,4,5,4,1,1,2,3,2,2,2,1,1,2,2,2,0,0,1,1,1,0,0,0,0,0,0,0,,170
545,Chiswick Park,Nov-16,,0,0,0,0,0,0,0,0,0,0,0,0,0,0,0,0,0,0,1,1,2,3,5,7,8,9,12,12,12,9,12,13,15,16,21,21,19,16,19,20,21,21,24,24,26,25,26,24,29,29,29,27,27,27,27,29,33,34,30,29,33,36,36,37,36,35,38,35,30,24,25,23,22,22,23,21,20,19,19,18,17,17,14,15,16,16,12,10,8,6,0,0,0,0,0,0,,1477
546,Chorleywood,Nov-15,,0,0,0,0,0,0,0,0,0,0,0,0,0,0,0,0,0,0,0,0,0,0,0,2,2,1,3,4,5,2,1,2,2,3,3,1,2,3,3,3,4,5,4,4,6,6,5,4,7,7,9,9,9,6,7,4,5,4,11,9,13,3,20,27,23,20,22,21,14,16,12,9,19,12,11,5,8,6,7,5,6,4,4,2,6,5,8,5,5,2,0,0,0,0,0,0,,487
547,Clapham Common,Nov-16,,0,0,0,0,0,0,0,0,0,0,0,0,2,2,3,2,2,2,2,3,7,7,24,36,40,32,40,50,56,67,81,98,102,101,107,112,108,98,110,124,131,129,140,150,158,161,164,177,180,184,182,190,184,194,204,207,204,220,224,235,235,230,233,247,245,222,218,214,204,188,174,156,142,136,132,122,108,106,107,102,91,86,90,86,77,65,59,44,21,5,0,0,0,0,0,0,,9181
548,Clapham North,Nov-16,,0,0,0,0,0,0,0,0,0,0,0,0,2,2,2,2,2,2,2,3,5,6,14,18,17,13,20,24,27,28,34,35,37,38,46,47,48,50,56,61,63,65,73,83,88,91,96,102,99,101,102,112,113,117,124,129,132,139,150,154,155,162,181,191,187,184,185,173,152,143,139,132,124,120,119,112,99,97,93,89,80,78,76,69,60,54,49,36,18,5,1,0,0,0,0,0,,6137
549,Clapham South,Nov-16,,0,0,0,0,0,0,0,0,0,0,0,0,2,2,1,1,1,1,1,4,8,6,17,22,24,16,27,31,33,33,45,51,52,47,50,50,56,57,71,74,79,76,87,95,104,109,112,117,119,118,120,131,133,133,140,157,156,159,165,189,191,191,206,218,209,192,192,187,181,165,160,147,137,123,127,123,111,105,106,102,94,89,88,79,72,62,52,37,21,9,3,3,2,2,0,0,,7068
550,Cockfosters,Nov-16,,0,0,0,0,0,0,0,0,0,0,0,0,0,0,0,0,0,0,0,0,0,0,0,15,13,12,14,14,12,15,21,22,18,18,20,24,23,25,26,30,31,32,30,29,31,34,36,36,34,43,50,59,54,48,40,44,44,41,45,61,73,69,65,67,66,58,49,48,48,48,42,37,33,28,25,23,24,24,22,24,24,21,16,17,19,19,17,16,13,8,6,4,3,0,0,0,,2200
551,Colindale,Nov-16,,0,0,0,0,0,0,0,0,0,0,0,0,2,2,2,2,1,1,3,4,5,4,8,19,30,31,26,22,21,22,27,32,31,29,31,35,37,37,39,40,45,50,55,55,58,64,66,66,67,72,77,72,73,72,75,77,83,86,88,92,98,106,115,115,116,113,120,116,113,104,104,95,91,89,93,89,80,70,69,64,59,55,53,55,56,53,49,49,37,20,0,0,0,0,0,0,,4382
552,Colliers Wood,Nov-16,,0,0,0,0,0,0,0,0,0,0,0,0,2,2,2,2,2,2,3,4,4,2,12,23,29,25,27,28,29,28,32,35,39,46,58,60,56,55,64,73,79,81,83,87,94,99,102,102,100,103,108,112,110,107,105,109,112,111,116,118,124,123,138,139,134,122,129,134,133,126,116,104,94,90,92,93,85,78,74,71,67,70,68,63,62,60,56,44,32,13,5,1,1,0,0,0,,5523
553,Covent Garden,Nov-16,,0,0,0,0,0,0,0,0,0,0,0,0,0,0,0,0,0,0,0,4,10,26,47,53,44,45,75,98,107,139,204,253,284,326,409,464,487,507,579,628,625,615,651,703,689,650,668,685,685,641,613,597,572,538,500,502,467,457,446,432,416,410,386,362,342,338,327,313,275,249,220,196,160,133,117,107,83,63,51,48,40,36,29,27,25,29,25,14,3,0,0,0,0,0,0,0,,21349
554,Croxley,Nov-16,,0,0,0,0,0,0,0,0,0,0,0,0,0,0,0,0,0,0,0,0,0,0,3,3,3,3,3,3,4,3,3,3,3,4,5,5,5,5,5,6,6,6,6,6,6,7,6,6,6,7,8,8,8,7,7,7,9,10,11,12,12,13,13,12,10,13,15,14,12,11,10,9,9,8,6,7,7,6,5,5,5,5,3,4,4,5,5,5,3,2,1,0,0,0,0,0,,457
555,Dagenham East,Nov-16,,0,0,0,0,0,0,0,0,0,0,0,0,0,0,0,0,1,1,3,4,5,6,11,13,12,11,11,12,13,14,12,13,14,15,15,16,15,14,17,20,23,25,28,25,23,26,31,32,34,34,32,32,31,30,31,36,38,35,36,38,40,38,38,42,42,44,44,47,43,40,36,32,31,30,30,28,24,20,20,21,22,20,20,18,18,15,15,14,12,6,3,0,0,0,0,0,,1741
556,Dagenham Heathway,Nov-16,,0,0,0,0,0,0,0,0,0,0,0,0,0,0,0,1,0,3,11,11,12,17,32,31,32,34,34,32,36,40,37,36,42,46,46,42,37,44,43,47,43,57,60,61,60,65,70,66,70,72,73,71,72,70,76,79,78,81,89,90,88,84,90,94,95,91,98,101,100,96,85,76,71,65,61,70,68,56,45,48,45,42,34,35,35,31,30,31,28,15,8,4,0,0,0,0,,4069
557,Debden,Nov-15,,0,0,0,0,0,0,0,0,0,0,0,0,0,0,0,0,0,0,0,1,1,2,6,8,8,8,7,8,8,10,10,10,8,8,8,9,7,9,11,12,10,11,13,13,14,15,16,18,19,18,19,20,19,20,23,20,19,24,23,25,30,27,23,26,28,26,26,26,25,24,22,18,20,19,18,11,13,11,12,12,12,11,9,11,9,11,11,10,7,4,3,0,0,0,0,0,,1033
558,Dollis Hill,Nov-16,,0,0,0,0,0,0,0,0,0,0,0,0,4,3,5,5,5,3,4,5,8,9,20,33,42,40,35,27,19,17,22,24,29,29,30,23,24,27,34,36,34,34,40,44,44,43,45,47,51,52,53,52,53,58,76,98,104,94,83,74,72,82,88,84,80,82,88,93,88,76,69,60,54,52,55,52,49,46,43,44,45,44,42,43,44,42,40,36,25,12,0,0,0,0,0,0,,3471
560,Ealing Broadway,Nov-16,,0,0,0,0,0,0,0,0,0,0,0,0,39,23,18,23,37,31,33,32,44,37,44,53,88,94,84,72,77,95,108,110,106,101,131,143,148,140,168,153,161,175,197,197,237,243,242,231,251,253,261,254,250,258,276,267,292,300,297,289,341,310,335,358,361,353,409,380,330,312,303,251,250,241,251,206,194,179,176,159,147,154,146,144,110,117,111,102,75,54,22,7,0,0,1,0,,14052
561,Ealing Common,Nov-16,,0,0,0,0,0,0,0,0,0,0,0,0,0,0,0,0,0,0,0,2,3,6,10,13,13,12,13,16,21,22,21,19,20,20,24,24,24,22,24,25,28,31,34,35,33,35,37,40,41,42,38,40,38,40,41,46,47,48,52,57,58,60,61,61,57,62,66,70,62,56,47,47,46,47,42,37,37,34,32,30,29,28,28,29,28,30,29,23,16,10,6,0,0,0,0,0,,2425
562,Earl's Court,Nov-16,,0,0,0,0,0,0,0,0,0,0,0,0,0,0,0,0,0,15,26,27,46,98,154,158,136,113,120,127,128,128,148,164,170,182,215,227,212,199,218,234,238,239,259,277,289,287,303,322,338,336,343,336,340,338,347,340,360,358,380,386,421,410,430,431,466,456,465,427,403,365,362,336,329,308,311,287,285,267,289,275,261,233,239,233,209,174,146,110,69,32,16,9,8,4,0,0,,18727
563,East Acton,Nov-15,,0,0,0,0,0,0,0,0,0,0,0,0,0,0,0,0,0,0,0,0,10,7,18,27,30,21,21,22,18,19,19,22,19,21,20,23,23,21,22,27,31,34,41,48,52,52,52,53,54,53,51,53,52,52,58,64,61,59,67,69,71,79,84,79,81,88,91,90,84,73,68,69,65,68,69,63,51,52,50,49,47,47,47,50,49,44,39,43,32,14,0,0,0,0,0,0,,3302
565,East Finchley,Nov-15,,0,0,0,0,0,0,0,0,0,0,0,0,0,0,0,0,0,0,1,2,4,2,10,20,24,19,21,23,24,26,29,31,31,31,32,34,34,35,42,48,51,51,60,66,70,67,74,79,83,84,92,95,94,99,111,116,111,116,131,143,143,146,153,157,151,153,157,155,137,124,123,119,107,94,87,81,83,79,79,74,71,73,75,69,66,67,62,43,29,0,0,0,0,0,0,0,,5273
566,East Ham,Nov-16,,0,0,0,0,0,0,0,0,0,0,0,0,0,0,0,2,8,15,22,23,31,45,62,66,62,58,61,70,73,70,74,78,87,93,108,114,117,119,130,145,144,157,169,183,185,200,205,211,211,216,207,214,219,231,237,243,244,243,255,265,266,271,290,300,283,288,307,320,285,257,230,232,202,192,189,192,155,125,110,122,119,112,115,125,119,119,139,140,104,61,24,10,0,0,0,0,,11775
567,East Putney,Nov-16,,0,0,0,0,0,0,0,0,0,0,0,0,0,0,0,0,0,0,0,1,3,5,10,13,15,14,18,20,21,19,25,26,28,28,33,34,36,34,37,44,55,57,62,67,71,67,67,76,82,84,85,85,85,84,97,105,103,102,110,125,130,137,138,143,141,138,142,133,122,100,94,89,93,79,82,74,70,60,65,59,57,53,54,44,41,33,35,29,22,9,4,0,0,0,0,0,,4603
564,Eastcote,Nov-16,,0,0,0,0,0,0,0,0,0,0,0,0,0,0,0,0,0,0,0,3,4,6,7,7,7,6,7,8,7,7,11,11,10,9,11,10,12,14,19,18,20,21,26,24,26,27,30,25,29,33,38,29,31,34,44,37,41,41,47,38,46,46,52,40,44,40,45,39,40,36,33,25,25,24,23,20,21,19,19,15,15,16,17,14,14,13,12,9,7,5,3,3,0,0,0,0,,1615
568,Edgware,Nov-16,,0,0,0,0,0,0,0,0,0,0,0,0,1,1,1,1,1,1,2,3,4,7,7,13,19,23,21,22,22,23,25,28,29,32,37,40,39,39,45,52,55,53,57,64,65,63,66,73,71,69,71,78,79,79,77,82,83,81,82,90,98,100,104,103,102,96,101,93,86,75,74,67,57,52,53,56,51,44,42,42,40,35,35,38,38,37,32,29,24,15,6,0,0,0,0,0,,3801
774,Edgware Road (Bak),Nov-16,,0,0,0,0,0,0,0,0,0,0,0,0,0,0,0,0,0,0,0,0,0,8,20,25,19,22,28,29,25,25,27,29,28,31,34,34,31,32,36,38,39,44,50,49,50,50,56,60,64,66,65,68,67,70,70,74,74,77,76,71,65,68,75,79,78,81,85,84,72,65,61,64,61,57,52,52,45,44,49,52,46,44,42,37,30,28,25,17,7,2,0,0,0,0,0,0,,3328
569,Edgware Road (Cir),Nov-16,,0,0,0,0,0,0,0,0,0,0,0,0,0,0,0,0,0,0,1,4,8,16,22,22,21,22,27,30,30,32,37,44,44,45,49,59,58,58,59,65,65,67,68,79,80,82,81,91,91,89,89,91,85,81,80,83,87,91,96,94,92,91,101,101,99,103,107,96,83,82,80,71,62,61,59,55,53,51,50,45,42,39,37,30,29,28,27,21,18,16,11,3,0,0,0,0,,4266
570,Elephant & Castle,Nov-16,,0,0,0,0,0,0,0,0,0,0,0,0,0,0,0,0,0,0,0,0,5,34,69,83,75,78,89,102,107,116,134,154,160,181,216,240,224,205,208,216,213,213,238,258,271,271,280,280,284,288,303,309,315,314,319,319,321,332,337,335,336,354,370,393,405,429,424,421,388,363,322,298,272,276,267,253,233,230,212,197,193,201,203,189,180,178,161,126,76,33,4,0,0,0,0,0,,16483
571,Elm Park,Nov-16,,0,0,0,0,0,0,0,0,0,0,0,0,0,0,0,0,0,0,3,5,7,7,7,9,11,10,9,11,12,12,11,11,11,12,16,15,13,12,15,16,17,18,19,23,23,25,30,32,30,30,33,31,28,31,36,37,33,35,39,40,40,41,43,45,48,44,41,43,44,35,36,33,34,27,26,27,31,24,19,17,19,16,18,20,25,22,21,15,13,8,5,2,0,0,0,0,,1707
542,Embankment,Nov-16,,0,0,0,0,0,0,0,0,0,0,0,0,1,1,1,2,3,5,8,17,29,55,77,89,88,103,115,130,154,196,240,276,308,340,379,394,405,425,460,467,465,459,474,482,476,479,486,487,455,448,444,431,393,374,378,373,354,339,345,343,338,325,325,321,315,304,281,255,224,199,166,145,128,113,101,89,79,73,68,62,55,55,53,47,39,32,33,31,21,9,0,0,0,0,0,0,,17539
572,Epping,Nov-16,,0,0,0,0,0,0,0,0,0,0,0,0,0,0,0,0,0,0,5,3,3,3,8,11,12,8,11,15,18,16,18,17,20,19,21,23,24,27,29,33,33,35,33,34,36,34,33,36,38,39,42,42,46,50,47,52,62,57,61,73,72,64,72,76,75,81,82,77,78,72,59,53,48,38,34,42,42,36,29,24,21,19,19,19,25,25,25,18,15,12,0,0,0,0,0,0,,2579
574,Euston,Nov-16,,0,0,0,0,0,0,0,0,0,0,0,0,14,14,17,21,27,38,44,60,64,153,253,317,287,308,355,381,375,396,437,457,462,480,493,512,566,637,708,754,787,794,801,794,780,780,810,834,848,867,882,869,852,857,890,908,909,913,962,993,984,978,996,992,970,968,960,890,805,765,755,718,628,515,421,370,354,329,296,249,218,212,224,215,191,159,129,89,47,11,0,1,0,0,0,1,,41200
575,Euston Square,Nov-16,,0,0,0,0,0,0,0,0,0,0,0,0,0,0,0,0,0,0,0,4,20,38,51,55,51,46,58,69,73,77,86,92,85,92,96,105,107,118,127,137,136,138,127,123,115,124,128,128,118,124,128,124,113,115,112,113,119,128,131,128,123,122,127,140,139,141,139,137,118,109,96,85,68,59,50,47,43,37,32,32,33,29,27,24,23,20,15,13,12,9,4,0,0,0,0,0,,6112
576,Fairlop,Nov-16,,0,0,0,0,0,0,0,0,0,0,0,0,0,1,1,1,0,1,2,2,1,2,3,3,3,5,9,10,12,13,12,11,11,9,9,9,9,7,6,8,11,11,12,14,15,12,14,14,13,12,15,13,12,11,12,15,19,15,16,19,17,18,20,20,20,29,28,23,20,20,16,14,11,14,14,14,10,9,7,6,6,5,6,8,9,6,4,4,3,3,0,0,0,0,0,0,,819
577,Farringdon,Nov-16,,0,0,0,0,0,0,0,0,0,0,0,0,0,0,0,0,0,0,0,4,6,12,26,28,25,21,29,32,35,37,44,46,46,51,62,64,61,57,60,63,69,74,71,72,71,71,64,68,64,61,56,60,52,49,49,52,45,46,46,52,48,48,45,54,53,50,48,54,47,38,32,32,30,31,30,27,24,25,25,24,22,25,24,24,22,20,17,15,12,9,6,0,0,0,0,0,,2962
578,Finchley Central,Nov-16,,0,0,0,0,0,0,0,0,0,0,0,0,1,0,0,1,1,1,1,1,1,1,3,10,16,18,12,14,17,19,25,28,32,32,35,34,37,36,32,39,43,56,52,54,45,50,63,71,79,78,81,67,76,86,94,80,82,77,102,103,119,110,115,108,104,101,96,106,110,116,95,77,67,68,67,65,60,57,59,61,54,49,52,55,51,47,52,44,27,10,2,0,0,0,0,0,,4090
579,Finchley Road,Nov-16,,0,0,0,0,0,0,0,0,0,0,0,0,5,5,5,4,5,5,7,12,24,34,45,46,38,39,50,56,54,57,74,84,82,78,96,111,110,107,115,119,117,121,132,145,150,152,160,165,164,161,161,164,167,175,184,190,185,182,183,180,178,184,188,185,178,180,183,172,153,137,125,112,106,101,96,86,82,76,79,74,71,69,70,63,54,48,47,38,31,20,14,6,3,1,0,0,,7915
580,Finsbury Park,Aut-07,,0,0,0,0,0,0,0,0,0,0,0,0,0,0,0,0,0,0,6,28,39,62,85,101,112,124,118,107,111,133,143,179,194,235,244,267,267,274,250,270,298,318,292,349,357,413,399,463,400,396,404,483,448,407,364,439,514,523,515,589,692,681,657,643,646,727,744,725,599,591,542,514,442,447,437,426,402,404,393,389,351,343,327,335,313,334,292,220,144,110,56,9,0,0,0,0,,25655
581,Fulham Broadway,Nov-16,,0,0,0,0,0,0,0,0,0,0,0,0,0,0,0,0,0,0,0,2,6,18,28,38,37,42,48,59,58,72,88,104,104,110,108,110,100,99,101,112,102,105,113,128,122,127,131,138,134,137,142,138,131,143,146,146,144,152,145,160,154,159,153,155,143,161,164,160,141,139,122,111,92,96,90,86,72,74,62,61,56,57,51,45,44,42,40,29,19,9,3,0,0,0,0,0,,6918
582,Gants Hill,Nov-16,,0,0,0,0,0,0,0,0,0,0,0,0,7,5,6,10,8,9,10,14,9,13,22,35,33,25,25,29,34,29,32,33,35,32,35,36,38,43,50,49,48,57,64,64,70,86,88,88,94,105,103,105,118,118,112,124,149,145,141,153,162,159,168,178,185,180,197,201,194,165,157,147,123,102,106,112,92,87,84,83,68,67,68,65,69,55,67,58,51,20,10,0,0,0,0,0,,6218
583,Gloucester Road,Nov-16,,0,0,0,0,0,0,0,0,0,0,0,0,0,0,0,0,0,3,7,8,35,72,119,122,105,83,95,103,98,99,111,117,115,120,137,144,131,124,139,153,155,153,162,177,188,192,202,217,215,227,233,233,221,227,238,239,247,255,265,264,260,261,272,282,279,277,268,251,229,229,225,213,188,173,162,155,156,150,150,155,146,137,132,126,97,84,70,50,24,10,0,0,0,0,0,0,,11761
584,Golders Green,Nov-16,,0,0,0,0,0,0,0,0,0,0,0,0,2,1,2,3,2,2,2,6,13,16,31,45,51,43,50,50,50,51,70,78,82,81,85,83,75,73,76,84,81,84,106,123,117,107,114,116,110,113,116,117,117,124,129,130,131,123,135,150,158,160,174,183,176,173,164,167,163,158,137,125,111,111,109,108,99,102,95,90,80,78,83,85,84,81,85,70,38,11,0,0,0,0,0,0,,7008
585,Goldhawk Road,Nov-16,,0,0,0,0,0,0,0,0,0,0,0,0,0,0,0,0,0,1,1,1,2,3,5,5,5,5,7,7,7,7,10,10,9,8,10,10,11,12,14,14,15,18,21,23,21,24,26,27,26,26,29,29,28,27,29,30,32,34,31,32,36,38,38,41,47,47,45,40,38,33,32,29,29,28,30,27,26,24,23,21,21,20,19,16,11,12,11,9,7,5,4,2,0,0,1,0,,1502
586,Goodge Street,Nov-16,,0,0,0,0,0,0,0,0,0,0,0,0,0,1,1,1,1,1,1,2,2,5,19,27,26,22,28,36,44,52,68,67,63,59,78,83,80,72,85,94,95,86,91,98,97,93,94,100,98,89,81,79,79,74,74,72,71,64,66,65,64,58,58,56,49,46,47,46,43,41,39,35,32,30,26,22,20,21,20,17,15,17,17,14,12,12,10,6,2,0,0,0,0,0,0,0,,3559
587,Grange Hill,Nov-16,,0,0,0,0,0,0,0,0,0,0,0,0,0,0,0,0,0,0,0,0,0,0,0,1,2,2,2,2,2,2,2,2,1,2,2,2,2,2,2,2,3,3,4,5,5,5,5,5,6,5,4,4,6,6,5,6,5,7,10,9,7,8,9,7,8,11,11,10,10,9,6,5,6,4,4,6,5,4,4,4,3,2,2,2,2,1,1,3,0,0,0,0,0,0,0,0,,294
588,Great Portland Street,Nov-16,,0,0,0,0,0,0,0,0,0,0,0,0,0,0,0,0,0,1,1,2,12,21,29,27,26,28,33,35,33,35,38,39,37,40,47,49,46,52,58,59,55,56,55,59,59,62,61,64,66,66,62,54,49,44,45,46,46,45,47,49,48,49,49,51,51,54,58,60,54,49,45,39,32,30,30,28,24,21,22,22,20,21,19,18,16,17,14,11,8,7,5,4,2,0,0,0,,2816
590,Green Park,Nov-16,,0,0,0,0,0,0,0,0,0,0,0,0,27,41,50,64,66,97,115,123,112,170,250,310,303,302,308,312,318,403,531,621,678,802,960,1054,1070,1005,957,899,870,846,860,855,826,830,869,877,830,780,780,770,730,689,685,660,599,571,567,555,508,474,456,439,412,385,375,349,301,266,227,192,155,142,124,111,101,99,94,86,77,79,78,74,59,45,46,83,90,55,12,0,0,0,0,0,,32991
589,Greenford,Nov-15,,0,0,0,0,0,0,0,0,0,0,0,0,0,0,0,0,0,1,2,2,3,7,8,19,25,27,17,19,17,19,18,22,20,24,27,32,30,31,36,38,37,39,48,49,51,54,56,56,58,61,64,62,61,64,65,65,70,73,70,72,81,81,85,86,89,87,95,101,90,78,76,81,71,60,49,46,51,51,46,37,34,35,32,35,32,41,33,27,19,16,6,0,0,0,0,0,,3370
591,Gunnersbury,Nov-16,,0,0,0,0,0,0,0,0,0,0,0,0,0,0,0,0,0,0,0,1,1,7,15,17,17,18,20,19,21,23,31,31,29,27,31,28,24,22,25,28,29,33,33,35,35,39,43,46,42,42,43,44,41,43,45,46,48,55,59,62,63,64,64,66,70,69,69,65,59,52,45,42,39,40,38,36,37,34,32,28,29,25,26,21,22,20,15,8,6,5,0,0,0,0,0,0,,2487
592,Hainault,Nov-16,,0,0,0,0,0,0,0,0,0,0,0,0,6,6,4,3,4,6,5,5,6,11,8,11,13,16,12,12,15,14,14,13,15,13,14,15,18,17,17,18,22,22,24,28,30,31,38,42,43,48,47,46,47,51,48,49,55,52,53,56,55,56,65,64,67,78,73,66,63,69,59,55,45,47,42,38,37,35,31,30,30,25,24,24,27,22,22,19,20,18,0,0,0,0,0,0,,2449
593,Hammersmith (Dis),Nov-16,,0,0,0,0,0,0,0,0,0,0,0,0,0,0,0,0,5,12,20,28,50,89,145,165,141,126,155,187,183,189,209,210,200,201,241,267,274,279,314,339,320,315,337,363,356,348,365,370,366,365,388,382,382,379,399,412,436,425,442,439,446,427,456,470,475,477,507,505,487,453,418,367,332,291,266,249,239,219,215,207,209,212,229,221,198,157,134,105,71,29,6,0,0,0,0,0,,20695
773,Hammersmith (H&C),Nov-16,,0,0,0,0,0,0,0,0,0,0,0,0,0,0,0,0,0,1,1,0,8,19,31,27,28,28,35,40,45,45,46,48,61,66,69,71,86,88,87,84,87,86,93,101,112,105,110,106,111,111,126,120,116,113,124,128,124,129,134,136,124,125,119,123,132,134,128,116,104,90,83,78,71,64,60,57,54,50,45,42,41,42,42,40,31,26,22,21,19,20,15,9,3,0,0,0,,5416
594,Hampstead,Nov-16,,0,0,0,0,0,0,0,0,0,0,0,0,1,1,0,0,0,0,1,3,4,2,14,24,25,16,21,27,33,39,69,82,80,72,94,107,100,95,111,125,125,117,124,131,132,127,126,132,129,123,116,116,114,111,101,93,87,85,87,90,93,90,89,91,91,92,88,75,63,59,60,53,49,45,41,38,32,34,34,34,27,24,22,22,22,21,18,13,7,3,1,0,0,0,0,0,,4843
595,Hanger Lane,Nov-16,,0,0,0,0,0,0,0,0,0,0,0,0,0,0,0,0,0,0,2,6,9,13,16,16,17,17,18,16,17,19,22,21,19,20,22,20,18,19,23,24,25,29,31,28,31,40,42,39,42,46,46,46,50,48,52,53,61,62,69,67,73,67,70,67,75,75,88,85,72,59,60,58,53,50,46,41,43,40,42,40,41,30,33,32,35,31,34,23,17,13,0,0,0,0,0,0,,2774
596,Harlesden,Nov-16,,0,0,0,0,0,0,0,0,0,0,0,0,0,0,0,0,0,0,0,0,9,19,26,23,22,17,16,14,15,14,19,17,18,16,19,18,19,18,19,19,22,22,25,24,25,24,28,31,33,29,28,30,32,29,31,36,38,38,40,42,41,46,47,46,40,42,42,39,34,35,37,35,32,30,30,26,23,22,23,19,18,18,19,17,14,12,11,13,10,6,0,0,0,0,0,0,,1791
597,Harrow & Wealdstone,Nov-16,,0,0,0,0,0,0,0,0,0,0,0,0,0,0,0,1,0,0,0,2,5,8,11,15,15,16,19,23,20,21,23,26,23,29,31,32,24,29,31,34,31,36,37,40,42,46,42,47,53,60,55,56,61,64,53,56,68,73,65,77,89,89,80,90,103,100,86,86,88,82,63,58,59,59,47,41,40,43,37,32,23,25,21,20,16,18,19,19,17,9,6,2,0,0,0,1,,3068
598,Harrow-on-the-Hill,Nov-16,,0,0,0,0,0,0,0,0,0,0,0,0,0,0,0,0,0,0,0,8,16,25,30,33,34,37,47,52,54,58,72,80,82,88,111,134,135,130,137,150,152,156,162,172,178,179,178,180,174,168,161,167,169,172,164,159,152,151,148,153,155,163,168,180,176,172,163,168,162,155,136,128,118,119,115,109,96,88,74,69,71,74,68,66,64,64,58,50,34,25,12,5,0,0,0,0,,8113
779,Hatton Cross,Nov-16,,0,0,0,0,0,0,0,0,0,0,0,0,0,2,4,6,10,14,14,11,13,14,15,20,24,26,21,20,19,21,19,20,22,21,19,19,21,23,27,26,27,30,34,36,39,41,39,42,44,43,40,42,46,44,43,48,46,45,50,54,53,57,65,68,75,72,74,77,77,72,65,56,50,54,55,51,52,46,43,40,44,46,44,40,36,34,28,21,17,12,7,0,0,0,0,0,,2835
780,Heathrow Terminals 123,Nov-16,,0,0,0,0,0,0,0,0,0,0,0,0,0,0,0,29,32,33,28,26,26,34,36,87,153,180,148,144,154,158,156,165,163,163,161,156,150,167,187,185,179,189,205,203,201,201,204,207,201,209,208,217,214,223,223,236,244,259,248,255,257,289,264,262,270,265,222,197,179,149,116,104,91,87,69,60,51,47,40,39,38,38,33,28,25,22,20,17,13,10,7,3,0,0,0,0,,10559
781,Heathrow Terminal 4,Nov-16,,0,0,0,0,0,0,0,0,0,0,0,0,0,0,10,10,11,10,13,9,9,9,24,32,44,41,35,28,31,34,31,34,35,37,38,39,33,45,53,59,48,56,60,64,60,59,56,54,51,55,54,60,56,62,61,68,64,65,56,66,71,81,84,91,96,98,100,89,77,60,49,41,31,25,20,19,15,13,12,9,7,8,7,4,3,3,3,0,0,0,0,0,0,0,0,0,,3045
783,Heathrow Terminal 5,Nov-16,,0,0,0,0,0,0,0,0,0,0,0,0,0,0,0,33,30,29,30,28,20,27,23,41,71,92,77,70,74,77,78,78,78,82,90,95,102,104,111,123,127,128,133,142,145,143,150,136,119,114,119,118,116,118,122,142,149,129,121,147,155,175,166,176,157,139,115,110,102,74,62,54,47,35,29,25,22,20,17,14,12,13,12,11,9,8,5,4,3,2,0,0,0,0,0,0,,6054
601,Hendon Central,Nov-16,,0,0,0,0,0,0,0,0,0,0,0,0,1,1,1,1,2,2,1,4,8,11,10,20,30,34,33,32,32,38,49,47,39,37,45,47,46,49,55,54,54,54,65,74,76,72,71,72,72,76,79,77,79,86,92,93,99,100,102,111,118,115,129,137,133,120,135,137,134,125,119,109,100,102,99,95,87,83,79,74,73,72,68,69,71,74,70,63,36,11,0,0,0,0,0,0,,5170
602,High Barnet,Nov-16,,0,0,0,0,0,0,0,0,0,0,0,0,1,1,0,1,0,0,0,1,1,1,1,7,14,15,9,9,10,11,12,15,14,13,14,16,17,17,19,24,24,23,25,27,30,29,29,29,32,33,34,37,36,34,34,37,40,44,48,48,50,51,57,60,58,55,55,58,54,53,52,48,39,34,34,33,30,27,26,26,25,24,23,22,22,23,22,21,17,9,2,0,0,0,0,0,,2026
605,High Street Kensington,Nov-16,,0,0,0,0,0,0,0,0,0,0,0,0,0,0,0,0,0,0,2,1,11,27,63,85,80,65,79,94,91,101,130,156,159,170,192,216,206,215,232,257,258,250,245,247,274,265,256,263,273,264,242,249,230,235,225,228,222,213,207,193,193,173,169,163,167,157,145,133,127,109,103,96,92,76,67,64,64,63,57,54,51,53,51,45,36,32,25,23,21,15,4,0,0,0,0,0,,10099
603,Highbury & Islington,Nov-16,,0,0,0,0,0,0,0,0,0,0,0,0,15,14,15,14,16,18,23,23,34,49,66,69,69,75,92,104,106,113,138,141,140,143,182,201,190,183,206,238,242,246,259,285,295,297,302,323,321,323,323,339,319,321,321,341,329,353,356,389,383,405,402,423,413,432,418,398,352,336,298,268,244,241,222,205,187,170,157,155,152,148,152,137,133,118,110,85,58,20,0,0,1,0,0,0,,16184
604,Highgate,Nov-16,,0,0,0,0,0,0,0,0,0,0,0,0,0,1,1,1,0,1,1,2,2,1,4,11,13,12,13,15,14,16,21,24,25,28,32,34,36,37,39,42,50,55,61,68,75,79,80,81,78,79,77,77,79,85,90,95,96,92,97,99,103,110,122,117,121,119,118,106,104,93,91,80,72,67,69,66,60,60,57,56,52,49,48,45,42,37,36,27,12,2,0,0,0,0,0,0,,4160
606,Hillingdon,Nov-16,,0,0,0,0,0,0,0,0,0,0,0,0,0,0,0,0,0,0,0,0,2,2,3,4,6,6,5,6,6,7,7,8,7,8,8,8,7,8,11,13,13,12,14,16,14,13,15,20,18,17,18,21,20,20,21,25,22,22,25,30,24,28,32,37,30,30,29,32,26,27,25,24,18,18,17,17,15,14,15,13,11,9,10,10,10,11,9,7,6,7,4,2,0,0,0,0,,1075
607,Holborn,Nov-16,,0,0,0,0,0,0,0,0,0,0,0,0,7,9,13,17,30,39,55,53,66,93,144,154,149,145,171,183,203,248,340,377,384,408,487,500,472,437,477,502,498,479,522,557,558,529,533,549,545,522,496,482,435,418,407,406,376,362,362,365,351,331,325,344,343,325,291,261,232,202,181,163,149,125,113,109,102,95,95,95,87,78,76,71,61,45,65,78,72,34,15,2,0,0,0,0,,20480
608,Holland Park,Nov-16,,0,0,0,0,0,0,0,0,0,0,0,0,2,3,3,4,3,5,5,7,5,9,15,20,18,15,20,23,23,22,29,33,33,33,40,46,43,38,41,51,52,53,56,65,63,62,61,64,64,65,71,71,71,61,61,59,59,53,55,56,54,55,55,52,49,50,49,44,38,33,30,28,28,27,25,22,22,22,22,21,21,21,18,16,16,15,14,10,6,0,0,0,0,0,0,0,,2674
609,Holloway Road,Nov-16,,0,0,0,0,0,0,0,0,0,0,0,0,0,0,0,0,0,0,0,0,2,11,19,20,16,19,28,30,30,38,49,50,49,58,69,68,59,55,62,63,61,61,64,65,68,71,76,82,85,86,93,96,97,90,93,89,102,106,112,106,108,113,118,121,121,133,134,131,116,112,103,96,89,88,91,86,82,70,74,71,74,67,64,51,52,51,44,31,23,17,9,3,0,0,0,0,,5041
610,Hornchurch,Nov-16,,0,0,0,0,0,0,0,0,0,0,0,0,0,0,0,0,0,0,2,2,3,5,8,10,12,9,7,4,5,7,9,9,8,9,9,10,12,15,15,15,18,20,22,21,18,20,23,24,18,21,24,23,19,23,23,24,21,27,27,33,33,32,31,32,34,32,31,29,33,30,28,25,28,24,20,17,20,18,16,14,13,9,9,10,12,12,12,8,7,5,4,2,0,0,0,0,,1264
611,Hounslow Central,Nov-16,,0,0,0,0,0,0,0,0,0,0,0,0,0,0,0,0,2,3,4,3,5,5,11,19,25,21,20,22,22,22,22,22,23,25,26,27,27,32,36,35,29,33,40,39,40,45,50,47,52,54,60,60,59,55,58,56,50,46,54,50,52,53,61,63,72,71,69,66,68,65,68,61,54,47,49,51,50,43,40,38,46,50,50,40,38,31,30,26,23,10,4,0,0,0,0,0,,2925
612,Hounslow East,Nov-16,,0,0,0,0,0,0,0,0,0,0,0,0,0,0,1,1,2,3,3,3,4,5,11,20,26,25,23,24,25,25,25,23,22,22,23,22,26,28,29,29,34,34,38,38,42,44,48,50,53,51,55,59,60,56,58,62,60,57,64,65,69,64,72,79,87,89,89,87,81,78,80,70,64,59,62,62,59,52,50,46,49,48,54,49,45,36,40,38,33,17,9,0,0,0,0,0,,3295
613,Hounslow West,Nov-16,,0,0,0,0,0,0,0,0,0,0,0,0,0,1,1,2,5,7,6,5,5,6,10,17,23,24,23,26,28,28,26,28,30,28,27,28,31,28,30,32,34,34,37,36,40,41,47,45,58,64,66,58,54,51,53,56,55,54,60,56,58,61,70,72,78,76,84,86,82,71,73,68,62,60,63,63,59,52,53,51,59,60,61,49,52,47,38,29,26,16,8,0,0,0,0,0,,3291
614,Hyde Park Corner,Nov-16,,0,0,0,0,0,0,0,0,0,0,0,0,0,0,0,0,0,0,8,9,9,32,69,93,104,118,117,99,96,116,151,176,195,199,211,221,221,208,195,208,206,200,201,220,215,213,206,223,227,232,213,217,221,224,210,212,207,200,192,199,207,187,189,195,192,163,157,169,161,133,101,89,77,65,57,49,37,29,27,25,23,20,18,15,14,12,11,9,6,3,2,0,0,0,0,0,,9535
615,Ickenham,Nov-16,,0,0,0,0,0,0,0,0,0,0,0,0,0,0,0,0,0,0,0,0,1,2,3,3,3,3,3,4,5,6,6,6,6,6,6,6,7,8,7,7,8,10,10,12,12,12,11,12,13,14,14,15,15,16,16,16,15,15,15,16,17,19,17,16,13,15,14,16,13,11,10,10,9,8,7,6,6,6,7,7,7,6,6,5,5,5,5,5,4,3,2,1,0,0,0,0,,646
616,Kennington,Nov-16,,0,0,0,0,0,0,0,0,0,0,0,0,3,3,3,3,3,3,3,3,3,9,15,18,14,14,17,22,22,22,24,26,25,25,29,32,31,31,38,44,49,51,59,66,68,67,72,78,81,84,86,85,83,86,92,101,102,102,106,114,119,120,127,152,173,167,143,130,121,113,104,96,86,92,94,90,81,81,77,74,72,76,74,71,66,60,49,29,12,0,0,0,0,0,0,0,,4866
617,Kensal Green,Nov-16,,0,0,0,0,0,0,0,0,0,0,0,0,0,0,0,0,0,0,1,0,2,4,8,11,11,10,10,14,14,17,19,18,15,15,20,20,18,19,21,23,24,25,29,34,36,34,35,37,41,40,39,43,44,42,42,47,46,45,49,54,54,57,59,60,55,57,60,64,60,56,51,49,46,45,42,39,36,36,35,31,29,29,32,31,29,23,20,21,15,6,0,0,0,0,0,0,,2303
618,Kensington (Olympia),Aut-11,,0,0,0,0,0,0,0,0,0,0,0,0,0,0,0,0,0,0,0,0,0,0,0,0,19,12,10,13,12,8,16,49,37,42,55,166,131,116,130,226,121,82,190,309,170,128,189,276,134,59,102,225,159,91,107,150,63,33,33,73,46,38,31,56,29,23,31,57,34,21,14,17,7,7,11,14,11,6,3,9,8,9,6,11,12,27,25,19,9,0,0,0,0,0,0,0,,4327
619,Kentish Town,Nov-16,,0,0,0,0,0,0,0,0,0,0,0,0,2,1,1,1,1,2,2,3,3,8,17,28,26,28,33,39,35,38,43,52,49,55,56,64,57,62,59,67,67,83,84,94,89,99,97,98,92,98,95,101,101,103,104,114,112,115,121,125,120,141,152,159,148,159,156,159,147,137,118,111,98,98,87,82,73,77,73,67,60,62,62,57,50,46,40,28,12,2,0,0,0,1,0,0,,5606
620,Kenton,Nov-16,,0,0,0,0,0,0,0,0,0,0,0,0,0,0,0,0,0,0,0,0,10,9,11,13,13,10,9,11,13,12,12,13,15,14,13,13,15,16,15,13,16,20,19,16,19,25,22,19,24,29,25,24,28,29,24,27,36,41,34,34,36,40,37,37,37,37,33,30,28,31,25,23,21,27,22,22,23,24,16,13,11,11,10,12,9,8,7,7,4,2,2,0,0,0,0,0,,1406
621,Kew Gardens,Nov-16,,0,0,0,0,0,0,0,0,0,0,0,0,0,0,0,0,0,0,0,0,0,4,5,9,12,14,14,16,17,22,39,48,55,59,92,100,109,108,131,136,146,135,132,118,130,122,128,115,114,97,93,88,83,70,69,74,80,84,83,88,97,98,86,87,103,98,92,83,71,59,52,48,38,32,27,25,23,20,22,19,20,18,20,18,17,14,11,8,5,3,0,0,0,0,0,0,,4353
622,Kilburn,Nov-16,,0,0,0,0,0,0,0,0,0,0,0,0,8,10,9,8,4,7,6,8,11,17,28,33,34,29,34,33,31,34,45,49,46,53,62,66,59,65,74,83,82,88,96,104,105,108,112,117,113,111,112,122,128,130,132,141,154,158,162,165,167,178,188,201,203,202,202,202,193,173,162,155,150,143,137,128,115,106,115,115,109,104,105,104,99,100,101,94,59,19,0,0,0,0,0,0,,7515
623,Kilburn Park,Nov-16,,0,0,0,0,0,0,0,0,0,0,0,0,0,0,0,0,0,0,0,1,2,6,16,19,19,17,21,20,21,20,25,27,26,25,32,36,34,28,29,30,32,33,40,44,42,39,44,50,50,51,57,60,58,56,59,61,65,69,70,66,70,74,75,69,71,76,81,77,70,67,67,64,60,55,51,47,47,46,44,40,40,42,43,39,34,33,31,24,19,0,0,0,0,0,0,0,,3056
625,King's Cross St. Pancras,Nov-16,,0,0,0,0,0,0,0,0,0,0,0,0,26,29,44,46,55,54,87,126,183,319,448,516,518,576,661,713,776,897,1062,1111,1164,1279,1415,1412,1427,1456,1534,1526,1522,1485,1563,1622,1631,1597,1620,1606,1593,1621,1664,1662,1673,1732,1824,1831,1874,1940,2066,2075,2118,2159,2222,2210,2098,2023,1967,1867,1738,1583,1431,1220,1103,990,952,898,839,762,721,653,599,544,551,518,482,388,342,276,205,95,36,1,0,0,0,0,,87252
624,Kingsbury,Nov-16,,0,0,0,0,0,0,0,0,0,0,0,0,4,3,5,5,5,4,8,10,10,9,12,17,18,19,20,24,25,27,29,31,35,36,41,41,46,50,57,53,53,56,64,62,64,66,71,71,71,69,71,69,71,71,75,73,75,76,85,85,89,87,92,84,88,80,84,87,98,83,69,57,56,53,47,45,42,39,29,28,28,29,27,27,24,21,19,19,18,13,4,0,0,0,0,0,,3608
626,Knightsbridge,Nov-16,,0,0,0,0,0,0,0,0,0,0,0,0,0,0,0,0,0,0,4,9,14,56,120,160,147,145,146,135,136,194,276,289,289,288,390,479,513,396,684,634,585,527,525,549,535,514,481,476,516,542,530,508,516,518,504,527,516,461,401,402,395,323,277,246,232,219,125,125,102,84,73,69,58,47,44,44,40,34,32,31,29,29,26,20,16,16,13,10,5,2,0,0,0,0,0,0,,18403
627,Ladbroke Grove,Nov-16,,0,0,0,0,0,0,0,0,0,0,0,0,0,0,0,0,0,1,2,1,5,12,18,19,16,15,20,25,23,27,39,48,48,50,57,62,61,60,66,70,74,75,78,78,83,86,86,83,84,86,86,79,77,78,83,82,81,76,76,78,77,80,81,83,83,91,87,77,65,67,66,59,55,53,50,45,41,37,36,39,34,31,31,32,30,25,20,14,11,6,3,1,0,0,0,0,,3864
628,Lambeth North,Nov-15,,0,0,0,0,0,0,0,0,0,0,0,0,0,0,0,0,0,0,0,0,0,0,0,0,0,0,0,0,0,0,0,0,0,0,0,0,0,0,0,0,0,0,0,0,0,0,0,0,0,0,0,0,0,0,0,0,0,0,0,0,0,0,0,0,0,0,0,0,0,0,0,0,0,0,0,0,0,0,0,0,0,0,0,0,0,0,0,0,0,0,0,0,0,0,0,0,,0
629,Lancaster Gate,Nov-16,,0,0,0,0,0,0,0,0,0,0,0,0,5,6,10,8,15,20,34,29,31,31,55,61,61,51,51,54,53,58,65,71,68,68,76,80,71,68,73,78,78,78,84,88,95,102,106,108,117,127,130,129,125,126,126,138,139,140,141,143,141,137,149,155,153,144,133,121,111,105,101,97,92,84,81,78,77,79,80,80,78,73,67,61,54,48,41,29,14,7,6,4,2,0,0,0,,6353
630,Latimer Road,Nov-16,,0,0,0,0,0,0,0,0,0,0,0,0,0,0,0,0,0,0,2,1,1,3,7,9,8,7,16,20,18,19,30,31,24,18,24,25,22,16,21,24,23,22,25,28,29,29,32,36,36,35,39,42,42,36,35,35,37,35,34,34,32,33,36,40,40,35,32,31,33,34,35,31,24,19,19,21,20,17,15,14,13,13,12,13,12,12,10,8,5,4,2,1,0,0,0,0,,1676
631,Leicester Square,Nov-16,,0,0,0,0,0,0,0,0,0,0,0,0,2,2,2,3,3,6,13,18,26,56,105,128,114,116,154,190,206,276,395,487,520,588,715,813,850,937,1101,1201,1189,1151,1210,1262,1225,1128,1132,1140,1111,1053,1023,990,926,871,839,840,800,759,766,793,823,832,884,902,892,874,866,797,697,632,583,528,453,391,344,299,250,220,191,164,142,145,132,118,99,88,82,66,45,19,8,0,0,0,0,0,,41801
632,Leyton,Nov-16,,0,0,0,0,0,0,0,0,0,0,0,0,19,18,14,18,16,22,20,25,30,42,50,57,59,58,63,77,90,92,90,90,92,96,110,119,123,125,139,141,150,163,179,196,205,218,220,230,226,238,246,238,236,249,269,260,265,274,280,271,285,299,302,305,310,305,308,292,293,283,265,219,206,204,208,200,190,178,182,165,153,155,170,171,145,149,151,132,63,19,0,0,1,0,0,0,,12816
633,Leytonstone,Nov-16,,0,0,0,0,0,0,0,0,0,0,0,0,13,11,10,12,13,14,16,21,24,33,41,41,31,33,39,45,44,47,54,57,53,57,69,73,69,69,76,87,97,108,117,126,128,137,145,153,157,165,160,153,165,181,196,197,202,199,210,209,210,214,235,248,249,246,245,232,228,223,200,173,163,155,144,139,129,113,115,111,110,105,112,112,99,88,84,81,46,14,0,0,0,0,0,0,,8980
634,Liverpool Street,Nov-14,,0,0,0,0,0,0,0,0,0,0,0,0,0,0,0,0,0,0,5,14,72,168,273,304,288,291,355,409,444,494,589,691,772,819,877,956,1000,1296,1395,1556,1615,1599,1579,1634,1666,1651,1681,1713,1714,1693,1588,1554,1540,1540,1497,1555,1568,1510,1551,1536,1519,1485,1526,1459,1558,1544,1396,933,869,774,663,605,604,558,496,450,465,472,450,434,435,420,375,318,288,260,228,158,100,53,20,2,0,0,0,0,,65969
635,London Bridge,Nov-16,,0,0,0,0,0,0,0,0,0,0,0,0,14,18,21,23,22,37,49,58,65,141,232,258,211,205,261,306,343,384,487,553,579,615,723,780,779,805,897,935,932,924,988,1032,1018,979,974,982,970,964,955,941,905,874,880,897,884,876,923,945,925,911,934,921,944,970,954,852,768,727,677,603,530,503,474,434,399,361,345,328,323,306,299,273,248,210,184,130,76,25,11,2,1,0,0,0,,44292
636,Loughton,Nov-16,,0,0,0,0,0,0,0,0,0,0,0,0,6,4,3,5,6,3,2,3,6,7,8,9,8,8,9,11,13,16,20,20,19,20,23,22,22,23,26,27,30,31,33,33,32,31,32,36,38,40,38,40,35,38,40,46,41,45,48,46,43,47,53,51,54,57,55,50,44,44,38,34,28,27,24,25,24,21,18,18,19,18,19,17,21,20,19,15,10,4,0,0,0,0,0,0,,2019
637,Maida Vale,Nov-16,,0,0,0,0,0,0,0,0,0,0,0,0,0,0,0,0,0,0,0,0,2,5,9,11,10,13,22,27,24,19,21,25,27,26,29,28,28,26,28,33,34,35,34,36,36,39,46,47,44,40,47,47,47,44,50,55,59,62,66,68,71,68,70,71,74,74,78,73,66,59,57,51,47,42,43,39,38,37,37,37,38,38,30,30,27,24,18,15,12,0,0,0,0,0,0,0,,2713
638,Manor House,Nov-16,,0,0,0,0,0,0,0,0,0,0,0,0,0,0,0,0,0,0,0,0,3,16,27,33,26,29,32,35,36,41,54,57,56,54,61,63,65,67,71,74,74,79,87,97,106,115,116,126,128,126,130,132,139,137,156,155,155,156,175,194,198,201,213,227,231,234,244,239,220,209,194,179,165,161,161,155,145,131,132,124,132,119,128,125,133,122,122,96,65,44,31,16,7,2,0,0,,8388
639,Mansion House,Nov-16,,0,0,0,0,0,0,0,0,0,0,0,0,0,0,0,0,0,0,0,2,3,6,12,15,12,9,12,14,15,20,29,35,35,36,37,37,36,38,39,38,39,41,42,40,38,39,40,41,39,39,42,40,36,32,32,29,29,30,30,26,26,26,26,25,26,24,21,18,17,14,13,10,9,7,6,6,7,6,5,6,8,6,5,5,4,3,3,2,2,0,0,0,0,0,0,0,,1540
640,Marble Arch,Nov-16,,0,0,0,0,0,0,0,0,0,0,0,0,13,17,19,25,28,44,44,39,32,68,121,139,125,124,143,134,114,119,159,182,198,209,230,230,243,263,297,303,300,273,283,287,310,306,321,320,322,315,321,317,301,291,284,279,272,273,253,251,239,220,206,202,185,169,175,168,152,131,124,112,97,87,88,87,82,78,77,73,73,67,56,47,46,42,35,31,0,0,0,0,0,0,0,0,,12690
641,Marylebone,Nov-16,,0,0,0,0,0,0,0,0,0,0,0,0,0,0,0,0,0,0,0,0,0,20,45,58,47,52,77,92,106,115,134,129,139,151,178,176,178,183,193,186,178,176,174,171,164,154,153,147,145,152,172,166,159,163,180,180,182,194,210,213,210,218,227,226,217,216,210,190,175,158,152,130,124,121,126,110,91,88,92,83,68,66,61,55,47,50,35,17,2,0,0,0,0,0,0,0,,9257
642,Mile End,Nov-16,,0,0,0,0,0,0,0,0,0,0,0,0,28,30,33,27,32,34,41,36,36,39,52,54,48,50,60,66,66,79,107,120,117,110,115,115,117,121,130,128,133,147,176,187,188,179,193,204,210,205,214,222,226,234,245,247,248,261,283,290,289,313,344,372,394,414,399,357,310,287,270,255,229,232,220,209,186,181,177,178,172,172,170,161,149,144,150,122,81,35,24,10,7,3,1,0,,13300
643,Mill Hill East,Aut-08,,0,0,0,0,0,0,0,0,0,0,0,0,0,0,0,0,0,0,0,0,0,0,0,0,4,7,7,3,7,12,12,8,11,10,7,1,1,8,12,18,11,18,16,19,13,19,19,12,17,13,18,13,16,11,14,14,18,22,11,21,30,34,17,22,17,11,17,27,25,13,25,22,15,11,24,20,13,6,8,9,7,6,7,9,6,6,6,5,2,0,0,0,0,0,0,0,,863
646,Moor Park,Nov-16,,0,0,0,0,0,0,0,0,0,0,0,0,0,0,0,0,0,0,0,0,0,2,2,2,2,2,3,3,4,3,3,3,4,4,4,4,4,4,4,5,5,6,5,5,5,7,6,7,6,8,8,7,5,4,6,8,9,7,7,7,8,9,10,11,10,9,9,9,8,7,7,5,4,6,5,4,3,3,4,4,3,3,2,3,3,4,3,1,1,1,1,1,0,0,0,0,,351
645,Moorgate,Nov-13,,0,0,0,0,0,0,0,0,0,0,0,0,0,0,0,0,0,0,0,6,14,45,79,87,62,52,61,73,78,83,87,90,87,87,92,93,88,87,96,98,99,101,112,112,110,112,118,114,104,95,95,95,93,90,90,84,80,78,78,80,76,72,83,103,100,97,96,94,76,67,56,50,44,41,39,44,45,44,40,39,33,37,43,45,35,28,28,30,25,13,5,1,1,0,0,0,,5115
647,Morden,Nov-16,,0,0,0,0,0,0,0,0,0,0,0,0,5,5,5,4,2,3,5,6,7,12,13,48,69,64,38,40,42,43,47,55,59,60,65,66,65,67,74,78,85,89,90,96,106,119,124,121,119,122,129,126,135,145,156,155,159,160,168,168,179,184,194,192,191,179,189,190,188,166,159,145,141,128,122,123,123,110,96,95,94,91,89,94,92,90,92,83,60,38,0,0,0,0,0,0,,7536
648,Mornington Crescent,Nov-16,,0,0,0,0,0,0,0,0,0,0,0,0,0,0,0,0,0,1,1,1,4,7,16,20,20,19,23,21,16,14,16,20,22,22,27,31,30,26,27,30,29,30,35,39,40,39,39,39,39,39,39,42,39,38,38,40,42,40,41,41,41,43,48,51,51,57,61,59,55,53,50,45,39,37,34,30,26,28,28,27,26,26,28,27,24,20,21,14,4,0,0,0,0,0,0,0,,2235
649,Neasden,Nov-16,,0,0,0,0,0,0,0,0,0,0,0,0,0,0,0,0,0,0,0,0,2,2,12,18,18,13,15,18,15,16,18,18,25,36,45,39,42,42,48,49,55,56,56,56,61,64,62,59,63,63,60,53,52,50,48,47,39,36,33,34,34,43,39,36,53,71,69,55,47,57,64,58,43,47,49,44,38,40,36,28,32,40,42,33,35,33,35,32,28,20,0,0,0,0,0,0,,2819
650,Newbury Park,Nov-16,,0,0,0,0,0,0,0,0,0,0,0,0,2,5,6,7,5,6,10,14,9,10,19,25,22,24,26,30,27,30,31,38,35,40,40,39,38,41,42,39,42,43,55,65,60,57,62,70,67,68,71,73,73,78,81,83,90,88,107,107,114,113,123,114,125,147,147,142,141,143,122,111,101,92,85,81,77,63,67,66,60,45,46,47,42,37,39,38,30,30,0,0,0,0,0,0,,4688
653,North Acton,Nov-16,,0,0,0,0,0,0,0,0,0,0,0,0,14,12,7,4,8,20,21,20,17,21,28,35,31,28,28,28,25,27,32,36,30,29,31,33,29,29,31,32,35,36,42,46,50,53,55,59,58,62,66,70,66,64,73,84,87,92,100,103,97,107,107,105,108,113,112,109,111,103,98,93,83,84,86,81,74,78,75,66,59,61,58,55,68,74,58,40,30,17,0,0,0,0,0,0,,4397
654,North Ealing,Nov-16,,0,0,0,0,0,0,0,0,0,0,0,0,0,0,0,0,0,0,0,0,1,2,2,2,2,3,3,4,3,3,3,3,3,4,4,5,4,4,5,6,7,7,7,6,7,8,8,8,8,8,7,9,11,14,13,14,12,13,14,15,15,14,14,13,14,17,17,18,14,12,9,12,9,10,10,10,7,9,10,9,7,6,6,8,6,5,3,3,2,2,1,0,0,0,0,0,,554
789,North Greenwich,Nov-16,,0,0,0,0,0,0,0,0,0,0,0,0,0,0,0,0,0,0,2,4,36,56,128,140,137,113,148,140,163,201,269,305,347,389,513,565,566,511,445,341,290,280,309,390,434,444,442,494,494,538,551,573,543,547,521,465,371,332,361,398,430,436,476,515,578,590,533,490,471,461,382,356,319,306,294,316,280,232,203,220,234,220,199,195,184,180,180,172,120,62,18,6,0,0,0,0,,23954
656,North Harrow,Nov-16,,0,0,0,0,0,0,0,0,0,0,0,0,0,0,0,0,0,0,0,0,2,2,2,3,4,5,6,6,6,6,6,5,7,9,9,7,6,8,10,11,12,11,11,14,17,18,16,17,17,18,19,21,18,16,20,23,22,23,27,29,28,30,30,29,30,31,28,26,27,27,24,21,19,17,20,21,21,18,13,12,11,13,12,9,10,13,13,8,5,3,2,0,0,0,0,0,,1060
659,North Wembley,Nov-16,,0,0,0,0,0,0,0,0,0,0,0,0,0,0,0,0,0,0,0,2,4,6,7,12,13,12,9,10,9,12,12,13,13,14,14,15,13,15,16,18,16,18,17,15,16,20,21,19,24,27,25,21,23,26,26,25,27,29,27,25,29,32,30,26,30,30,31,27,29,27,28,24,21,21,18,17,18,17,14,14,16,14,12,12,11,11,11,10,7,6,0,0,0,0,0,0,,1279
655,Northfields,Nov-16,,0,0,0,0,0,0,0,0,0,0,0,0,0,0,1,1,2,2,3,3,4,7,18,26,32,29,23,17,18,15,17,17,18,17,20,23,24,26,25,25,27,30,32,35,37,39,42,46,46,45,47,49,50,48,55,56,57,57,60,65,67,77,77,82,82,84,83,77,72,68,67,60,58,57,54,55,53,51,47,47,45,44,44,43,46,39,38,36,27,12,0,0,0,0,0,0,,3028
657,Northolt,Nov-16,,0,0,0,0,0,0,0,0,0,0,0,0,0,0,0,0,0,0,1,0,8,17,15,14,19,25,16,19,19,23,21,24,22,22,21,21,23,28,30,32,35,43,43,44,48,52,53,53,57,61,66,72,68,69,72,79,84,87,90,94,93,96,100,103,94,106,116,117,102,101,97,87,73,74,66,55,53,60,49,44,41,48,41,45,36,43,36,31,21,18,10,0,0,0,0,0,,3746
660,Northwick Park,Nov-16,,0,0,0,0,0,0,0,0,0,0,0,0,0,0,0,0,0,0,0,7,16,24,27,25,22,18,21,22,20,18,18,20,20,19,20,21,20,23,26,26,25,29,32,35,39,41,43,48,48,47,45,46,44,47,50,50,49,51,54,55,59,62,63,63,63,64,66,71,76,73,68,60,50,43,46,47,44,37,34,30,30,28,28,27,28,26,22,17,13,8,5,0,0,0,0,0,,2662
661,Northwood,Nov-16,,0,0,0,0,0,0,0,0,0,0,0,0,0,0,0,0,0,0,0,0,0,10,11,10,10,9,10,9,8,9,9,10,8,9,12,14,12,10,12,15,16,16,18,19,19,21,22,21,19,21,25,27,27,25,25,29,30,31,34,33,34,35,39,41,43,37,33,31,31,27,24,22,22,20,19,18,18,19,18,17,15,16,14,14,12,12,10,8,5,4,4,0,0,0,0,0,,1337
662,Northwood Hills,Nov-16,,0,0,0,0,0,0,0,0,0,0,0,0,0,0,0,0,0,0,0,1,2,5,7,7,7,6,6,7,6,7,8,10,9,9,9,10,10,10,10,13,14,15,15,16,15,16,16,17,17,20,23,23,24,21,22,23,26,26,28,29,30,30,31,31,29,26,26,27,27,24,21,20,20,19,18,18,17,15,14,12,12,12,10,9,9,10,9,9,7,5,3,0,0,0,0,0,,1115
663,Notting Hill Gate,Nov-16,,0,0,0,0,0,0,0,0,0,0,0,0,15,15,15,21,20,28,28,39,44,60,82,100,88,77,101,134,148,176,221,263,274,312,378,425,411,378,360,379,383,378,379,411,413,400,402,406,385,360,348,326,321,312,315,301,300,288,299,299,292,289,295,298,310,312,293,260,243,218,191,173,165,153,138,129,117,115,112,102,91,91,88,81,72,68,62,54,33,14,5,2,1,0,0,0,,16485
664,Oakwood,Nov-16,,0,0,0,0,0,0,0,0,0,0,0,0,0,0,0,0,0,0,0,0,0,0,6,13,17,14,16,15,14,15,21,23,21,19,21,21,22,24,28,28,28,30,33,35,36,36,35,39,42,53,53,56,51,48,48,54,54,53,58,74,79,76,73,78,72,66,68,72,67,57,55,50,45,36,38,36,40,37,33,30,30,28,24,24,28,27,23,19,16,9,7,4,2,0,0,0,,2603
665,Old Street,Nov-16,,0,0,0,0,0,0,0,0,0,0,0,0,0,0,0,0,0,0,0,0,0,32,67,82,64,79,108,116,106,121,165,193,197,215,258,275,274,263,298,319,322,313,349,384,366,337,338,342,333,321,327,315,309,303,317,320,315,303,326,338,328,327,357,370,375,378,391,377,363,334,313,280,264,252,243,220,211,196,188,181,183,170,162,153,145,128,98,48,10,0,1,0,0,0,0,0,,16856
667,Osterley,Nov-16,,0,0,0,0,0,0,0,0,0,0,0,0,0,0,0,0,1,1,2,2,2,3,7,12,12,11,10,10,10,11,13,13,13,13,13,12,14,14,15,17,19,20,21,23,24,24,24,27,27,27,30,32,31,30,33,33,34,35,40,44,43,41,44,50,48,50,52,55,49,45,40,35,32,30,29,30,30,29,25,24,22,24,23,23,18,19,19,17,10,5,3,0,0,0,0,0,,1773
668,Oval,Nov-16,,0,0,0,0,0,0,0,0,0,0,0,0,1,1,1,2,2,2,1,1,5,13,23,25,22,23,32,37,33,31,33,35,34,36,39,41,40,40,46,53,54,53,56,65,70,72,73,78,80,82,83,82,78,79,89,93,90,91,96,103,105,111,115,113,110,119,123,119,113,107,95,91,88,87,85,82,77,76,74,69,65,65,65,70,68,61,47,30,13,0,0,0,0,0,0,0,,4662
669,Oxford Circus,Nov-16,,0,0,0,0,0,0,0,0,0,0,0,0,23,27,28,41,40,71,84,101,92,173,294,339,273,261,373,431,453,563,824,921,926,991,1262,1444,1637,1833,2113,2190,2161,2061,2132,2154,2101,2075,2168,2193,2103,2008,1991,1943,1884,1803,1747,1678,1587,1499,1430,1392,1308,1180,1080,974,887,810,783,693,588,488,433,380,326,281,251,220,188,164,150,131,118,105,96,83,72,56,90,113,92,26,5,6,8,4,0,0,,68107
670,Paddington,Nov-16,,0,0,0,0,0,0,0,0,0,0,0,0,0,0,0,0,0,0,2,12,33,114,233,276,252,251,292,315,341,376,398,444,477,499,509,526,536,549,579,591,583,602,615,605,577,596,615,608,634,684,709,701,714,763,766,792,831,874,870,868,929,943,962,942,973,944,930,856,786,737,695,608,534,500,473,431,401,373,343,308,286,275,261,234,213,181,157,125,81,32,10,2,0,0,0,0,,37137
671,Park Royal,Nov-16,,0,0,0,0,0,0,0,0,0,0,0,0,0,0,0,0,0,0,0,0,11,10,10,9,10,8,10,12,13,13,14,17,16,16,17,18,15,15,19,19,17,17,20,19,17,19,23,22,20,19,21,23,25,22,22,22,22,22,23,22,20,22,22,22,22,22,26,27,26,23,22,21,17,16,15,13,12,11,10,8,10,9,8,8,9,8,5,5,3,2,1,0,0,0,0,0,,1134
672,Parsons Green,Nov-16,,0,0,0,0,0,0,0,0,0,0,0,0,0,0,0,0,0,1,1,2,3,6,10,14,15,18,23,26,26,34,44,47,41,41,47,51,44,37,42,50,49,54,60,60,64,71,73,73,72,74,76,75,71,71,78,83,90,90,91,103,110,112,102,105,104,107,104,100,88,85,76,72,61,61,57,59,50,49,51,48,39,38,40,34,29,27,26,19,13,6,2,0,0,0,0,0,,3975
673,Perivale,Nov-16,,0,0,0,0,0,0,0,0,0,0,0,0,0,0,0,0,0,0,0,2,3,6,9,9,8,8,9,11,10,11,11,13,13,14,13,16,14,14,13,16,15,17,20,24,25,24,24,27,31,33,35,34,32,33,36,34,34,37,38,38,39,41,42,42,43,46,54,52,45,40,39,28,24,27,25,21,24,24,22,16,20,17,20,16,17,12,16,11,10,7,0,0,0,0,0,0,,1654
674,Piccadilly Circus,Nov-16,,0,0,0,0,0,0,0,0,0,0,0,0,0,0,0,0,1,3,8,16,19,72,133,153,115,122,171,206,224,275,375,438,464,535,659,721,740,787,899,994,1002,979,1037,1077,1055,1032,1051,1041,1040,1038,1024,1029,998,948,898,913,888,882,874,900,877,865,866,863,861,872,895,857,760,664,607,561,499,451,405,326,260,223,204,176,155,151,146,131,104,82,72,60,38,19,13,11,5,2,0,0,,40917
776,Pimlico,Nov-16,,0,0,0,0,0,0,0,0,0,0,0,0,3,4,6,6,7,7,11,13,16,27,42,45,36,32,41,50,58,70,91,98,98,95,105,108,125,137,144,139,132,125,129,146,154,156,160,167,165,161,158,163,157,156,151,166,159,159,152,162,161,166,161,164,166,179,179,165,147,145,137,123,121,121,114,110,106,106,100,102,100,100,90,83,77,66,54,36,16,3,0,0,0,0,0,0,,8090
675,Pinner,Nov-16,,0,0,0,0,0,0,0,0,0,0,0,0,0,0,0,0,0,0,0,0,0,3,4,5,7,6,9,9,9,8,10,12,13,13,17,17,17,16,19,22,22,23,25,27,26,26,27,30,31,32,31,32,35,36,35,34,36,38,42,44,47,51,51,49,48,49,46,42,38,36,32,31,29,27,22,21,20,18,19,19,19,16,15,15,16,13,10,8,6,4,3,0,0,0,0,0,,1668
676,Plaistow,Nov-16,,0,0,0,0,0,0,0,0,0,0,0,0,0,0,0,2,3,7,9,9,15,23,26,22,19,23,28,29,28,26,28,29,30,31,32,30,30,34,39,44,45,45,50,56,59,63,65,67,68,72,73,73,69,70,75,75,78,82,93,94,97,101,107,101,99,99,103,107,112,106,92,82,80,77,80,74,67,58,56,52,52,55,58,55,52,53,57,54,37,23,10,6,0,0,0,0,,4230
677,Preston Road,Nov-16,,0,0,0,0,0,0,0,0,0,0,0,0,0,0,0,0,0,0,1,4,5,7,7,9,10,11,12,12,13,15,17,17,17,19,20,21,23,28,31,30,30,31,35,37,43,45,44,41,42,45,49,46,46,47,52,52,57,58,61,62,70,70,68,65,63,60,56,58,56,53,47,43,39,35,35,33,32,32,30,26,24,25,25,21,20,20,21,19,15,8,4,1,0,0,0,0,,2426
678,Putney Bridge,Nov-16,,0,0,0,0,0,0,0,0,0,0,0,0,0,0,0,0,0,0,1,1,2,4,10,16,19,20,24,26,27,32,39,38,33,33,41,47,49,45,48,49,54,59,65,66,72,72,73,71,75,71,73,66,71,71,81,77,77,78,91,88,92,94,99,96,103,97,99,89,84,74,69,62,66,62,58,51,53,48,51,44,45,38,40,31,30,27,29,22,14,7,2,0,0,0,0,0,,3831
680,Queen's Park,Nov-16,,0,0,0,0,0,0,0,0,0,0,0,0,0,0,0,0,0,0,0,1,1,6,14,17,16,18,25,28,27,27,37,38,38,37,46,44,45,44,52,52,56,56,57,61,68,70,71,73,74,74,78,81,84,81,87,86,92,91,101,101,115,119,128,128,132,131,130,122,110,107,108,99,92,87,85,74,72,70,69,61,61,58,60,51,45,42,45,38,20,7,1,0,0,0,0,0,,4622
679,Queensbury,Nov-16,,0,0,0,0,0,0,0,0,0,0,0,0,4,4,4,3,3,3,5,6,10,11,11,13,17,16,14,15,15,15,17,19,21,23,24,23,25,39,44,42,37,40,43,45,45,44,48,52,55,58,57,59,57,62,65,71,66,73,74,81,81,88,94,99,92,89,85,88,82,81,66,61,51,48,45,42,42,38,35,27,29,29,28,26,31,32,29,22,17,10,5,0,0,0,0,0,,3170
681,Queensway,Nov-16,,0,0,0,0,0,0,0,0,0,0,0,0,5,5,9,11,15,16,23,23,23,24,55,73,74,61,66,62,55,65,91,98,90,94,114,127,131,141,155,165,155,145,150,168,179,178,181,191,207,211,206,203,198,194,197,210,207,211,223,235,222,214,221,231,248,260,253,233,214,197,180,171,160,150,145,137,134,129,133,125,124,118,116,106,100,91,82,57,28,8,5,2,1,0,0,0,,10315
682,Ravenscourt Park,Nov-16,,0,0,0,0,0,0,0,0,0,0,0,0,0,0,0,0,0,0,3,3,2,2,5,8,9,10,13,15,14,12,15,18,19,18,19,22,23,25,27,29,26,25,30,35,34,35,41,43,38,38,42,44,38,39,41,43,42,45,50,46,46,49,58,56,51,48,52,51,47,40,40,36,31,30,33,31,27,27,28,25,24,25,25,21,20,20,17,11,8,6,0,0,0,0,0,0,,2069
683,Rayners Lane,Nov-16,,0,0,0,0,0,0,0,0,0,0,0,0,0,0,0,0,0,0,0,1,5,8,11,15,19,19,17,18,18,18,22,22,21,20,23,26,26,27,29,31,33,36,39,40,42,45,52,52,50,51,55,52,50,54,59,62,62,68,72,75,74,71,74,75,76,70,72,71,65,57,49,45,43,43,44,39,35,31,30,28,29,30,29,27,27,25,23,19,16,11,8,4,0,0,0,0,,2785
684,Redbridge,Nov-16,,0,0,0,0,0,0,0,0,0,0,0,0,3,2,2,3,4,3,4,6,7,5,5,7,11,9,10,10,11,11,11,10,12,15,15,14,15,16,19,20,20,21,24,29,28,30,33,39,39,40,45,45,43,45,54,55,56,60,67,64,66,68,76,76,82,86,90,83,72,64,56,50,44,41,39,40,38,34,32,30,29,27,28,27,26,22,22,22,16,5,0,0,0,0,0,0,,2488
685,Regent's Park,Nov-16,,0,0,0,0,0,0,0,0,0,0,0,0,0,0,0,0,0,0,0,0,0,8,22,27,24,20,21,25,31,35,44,47,49,48,54,58,62,63,66,69,66,62,64,68,66,68,65,63,59,59,56,53,48,43,44,44,39,34,31,33,33,31,27,27,27,24,23,26,27,27,25,20,15,13,12,12,12,13,11,9,10,10,10,7,7,6,7,5,2,0,0,0,0,0,0,0,,2316
686,Richmond,Aut-14,,0,0,0,0,0,0,0,0,0,0,0,0,0,0,0,0,0,0,7,13,22,17,29,27,40,41,44,17,6,41,59,76,67,44,35,42,83,67,120,72,109,79,133,106,192,158,166,107,123,100,110,74,47,32,91,140,149,113,118,168,176,193,163,178,151,131,0,491,676,487,0,71,67,53,55,68,84,88,76,57,48,48,63,68,62,43,35,29,23,8,1,0,0,0,0,0,,6977
687,Rickmansworth,Nov-16,,0,0,0,0,0,0,0,0,0,0,0,0,0,0,0,0,0,0,0,0,0,5,8,12,11,10,5,6,7,13,13,11,9,16,19,11,10,15,16,10,11,20,20,14,12,15,20,14,17,18,18,12,14,17,17,14,19,23,27,20,23,21,24,16,24,25,29,15,23,25,27,17,15,13,14,12,11,10,14,9,11,8,12,9,6,3,8,9,6,2,4,4,0,0,0,0,,998
688,Roding Valley,Aut-06,,0,0,0,0,0,0,0,0,0,0,0,0,0,0,0,0,0,0,0,0,0,0,0,1,1,1,0,0,0,0,1,1,1,1,2,3,2,1,2,2,3,3,2,0,1,1,2,2,1,2,3,5,3,1,2,8,8,2,1,6,7,3,1,3,2,1,1,1,3,6,6,3,0,0,0,0,0,0,0,0,0,0,0,0,0,0,0,0,0,0,0,0,0,0,0,0,,112
690,Royal Oak,Nov-16,,0,0,0,0,0,0,0,0,0,0,0,0,0,0,0,0,0,0,2,2,3,5,7,7,7,9,13,12,9,8,13,17,17,16,18,21,19,17,19,22,23,22,23,27,35,36,36,36,36,35,36,37,35,31,32,33,33,34,34,34,35,35,37,40,45,44,48,43,37,31,33,31,27,28,27,27,23,23,18,19,17,17,15,15,13,12,10,9,7,5,2,1,0,0,0,0,,1685
691,Ruislip,Nov-16,,0,0,0,0,0,0,0,0,0,0,0,0,0,0,0,0,0,0,1,1,2,5,7,7,9,8,9,9,10,12,13,14,15,15,14,13,15,16,17,16,18,20,23,23,24,26,26,26,25,26,26,27,26,29,29,27,23,24,26,28,32,32,29,28,29,30,32,30,26,21,18,16,18,17,14,11,12,13,12,10,8,9,9,9,8,8,7,6,4,4,2,2,0,0,0,0,,1236
692,Ruislip Gardens,Nov-16,,0,0,0,0,0,0,0,0,0,0,0,0,0,0,0,0,0,0,0,0,0,2,2,2,3,2,4,4,4,2,3,3,4,3,4,4,3,4,4,4,4,5,6,7,7,7,8,8,9,12,11,10,12,13,13,15,15,13,16,18,16,16,16,17,18,22,19,17,15,14,13,13,10,10,11,10,5,6,8,7,6,5,6,6,7,5,5,4,4,2,1,0,0,0,0,0,,584
693,Ruislip Manor,Nov-16,,0,0,0,0,0,0,0,0,0,0,0,0,0,0,0,0,0,0,0,3,3,4,5,5,4,4,5,5,7,8,10,10,9,9,10,10,10,11,14,16,17,17,18,20,21,20,18,18,20,22,22,22,25,28,27,26,28,29,27,29,33,32,28,28,32,30,25,21,21,22,19,17,14,16,15,14,15,12,9,9,10,10,10,10,10,8,8,7,5,4,3,2,0,0,0,0,,1115
694,Russell Square,Nov-16,,0,0,0,0,0,0,0,0,0,0,0,0,0,0,0,0,0,0,2,5,22,52,74,71,55,44,53,73,84,98,113,120,119,134,157,164,160,150,158,166,175,172,175,188,193,187,186,194,202,215,219,215,203,206,203,194,180,192,194,194,190,193,192,198,186,191,197,196,188,184,167,152,144,135,132,142,127,121,122,122,113,108,101,88,82,72,56,36,19,8,4,0,0,0,0,0,,9927
698,Seven Sisters,Nov-16,,0,0,0,0,0,0,0,0,0,0,0,0,35,33,32,35,29,37,42,51,52,71,92,102,93,97,111,109,103,105,123,124,128,125,128,130,139,149,153,160,169,193,209,219,235,252,267,268,270,277,309,333,335,343,354,345,319,323,337,354,360,390,406,414,404,417,428,417,384,359,348,322,297,294,295,270,245,235,233,232,222,217,229,240,233,233,249,243,167,87,0,0,0,0,0,0,,17169
700,Shepherd's Bush (Cen),Nov-16,,0,0,0,0,0,0,0,0,0,0,0,0,27,24,18,27,27,39,37,59,58,77,100,123,104,105,128,151,160,189,242,266,252,255,310,340,330,355,435,489,476,469,472,489,501,517,506,497,502,506,510,497,485,464,472,456,453,440,433,424,429,427,418,404,400,400,405,380,356,322,287,259,238,225,203,197,180,184,173,173,153,155,149,139,127,124,119,88,56,30,20,10,6,3,0,0,,21535
775,Shepherd's Bush (H&C),Nov-16,,0,0,0,0,0,0,0,0,0,0,0,0,0,0,0,0,0,0,1,0,3,5,8,10,10,10,12,14,12,14,16,22,24,25,24,30,32,36,40,49,49,50,52,55,61,66,63,62,61,63,66,68,58,62,69,68,64,67,69,69,75,75,72,68,71,75,76,73,66,64,60,57,52,48,48,43,38,36,38,36,34,34,33,32,28,28,24,18,13,12,8,5,0,0,0,0,,3079
702,Sloane Square,Nov-16,,0,0,0,0,0,0,0,0,0,0,0,0,0,0,0,0,0,0,0,10,19,41,77,91,75,74,99,101,97,120,171,189,183,189,245,288,280,278,302,315,296,284,302,298,296,279,302,301,305,295,287,272,257,255,260,250,235,217,214,197,189,181,186,181,178,168,160,137,119,106,98,90,80,72,66,64,57,54,51,50,47,46,45,39,34,32,29,21,9,2,0,0,0,0,0,0,,11237
703,Snaresbrook,Nov-16,,0,0,0,0,0,0,0,0,0,0,0,0,0,1,2,1,1,0,1,1,2,4,6,5,5,5,8,9,10,8,11,10,10,9,11,12,13,15,16,19,19,21,23,29,27,29,33,36,36,39,42,38,36,36,38,38,43,47,48,46,42,42,43,50,54,57,48,41,42,40,35,31,31,27,24,22,25,24,19,16,15,15,18,18,19,15,16,11,10,0,0,0,0,0,0,0,,1749
704,South Ealing,Nov-16,,0,0,0,0,0,0,0,0,0,0,0,0,0,0,0,0,0,4,3,3,3,3,17,31,42,36,26,16,16,16,16,19,21,22,23,24,24,25,23,26,38,43,36,30,36,41,47,52,51,48,49,47,46,49,53,52,52,53,56,63,64,66,64,71,76,76,76,73,74,67,60,53,54,52,50,51,48,44,42,47,41,36,36,39,40,30,29,23,18,9,0,0,0,0,0,0,,2890
707,South Harrow,Nov-16,,0,0,0,0,0,0,0,0,0,0,0,0,0,0,0,0,0,0,0,0,5,8,10,8,12,14,13,11,11,12,14,14,12,13,15,15,13,14,17,18,20,19,20,22,25,24,28,30,29,30,30,30,32,33,34,34,39,34,34,42,48,42,42,44,44,35,48,50,50,33,35,31,33,25,31,29,26,24,26,25,21,22,20,18,20,18,16,15,13,6,3,0,0,0,0,0,,1731
708,South Kensington,Nov-16,,0,0,0,0,0,0,0,0,0,0,0,0,0,0,0,0,0,3,5,14,37,95,162,186,163,167,217,249,297,377,496,596,702,817,934,978,979,969,999,966,941,893,950,969,944,851,878,927,926,897,896,856,782,745,726,686,642,620,594,557,489,440,437,469,497,514,496,436,361,320,276,229,192,187,177,153,140,139,134,126,114,111,109,103,82,70,61,48,26,12,0,0,0,0,0,0,,33636
709,South Kenton,Aut-07,,0,0,0,0,0,0,0,0,0,0,0,0,0,0,0,0,0,0,0,1,1,2,3,4,3,2,3,5,4,2,1,2,4,4,4,5,9,10,10,15,19,19,14,10,6,4,6,14,16,13,13,15,20,14,13,10,9,9,17,22,18,29,36,27,16,24,28,22,16,11,7,5,6,5,9,15,12,7,6,8,7,11,13,12,11,11,6,4,4,6,4,3,0,0,0,0,,756
710,South Ruislip,Nov-15,,0,0,0,0,0,0,0,0,0,0,0,0,0,0,0,0,0,0,0,0,0,4,2,3,7,8,5,4,6,7,9,11,10,8,10,11,10,10,11,12,14,12,16,19,17,16,21,20,17,21,23,20,20,21,23,25,25,22,25,30,27,28,31,33,29,32,30,35,35,27,19,23,20,16,16,18,14,12,11,10,11,13,12,11,9,9,8,9,8,5,3,0,0,0,0,0,,1119
711,South Wimbledon,Nov-16,,0,0,0,0,0,0,0,0,0,0,0,0,2,2,2,2,2,2,3,5,5,3,7,19,29,28,26,26,28,30,34,34,34,35,42,42,41,45,51,50,45,51,60,62,55,55,60,68,67,64,62,59,58,56,62,59,64,63,70,70,74,73,75,76,71,65,68,71,64,59,58,55,51,49,48,47,45,42,39,38,37,36,34,35,36,34,30,28,21,12,0,0,0,0,0,0,,3310
712,South Woodford,Nov-14,,0,0,0,0,0,0,0,0,0,0,0,0,0,0,0,0,1,0,0,0,1,1,9,16,18,15,16,20,20,21,24,27,29,29,30,30,32,34,36,37,41,42,51,54,57,58,65,68,71,73,74,72,79,87,84,90,94,97,90,101,96,98,104,110,108,106,106,96,88,72,67,62,60,54,56,48,45,42,43,38,36,34,28,32,31,30,22,23,16,7,0,0,0,0,0,0,,3652
705,Southfields,Nov-16,,0,0,0,0,0,0,0,0,0,0,0,0,0,0,0,0,0,0,1,1,2,4,7,9,9,10,16,21,23,21,23,25,30,31,33,31,32,32,36,42,49,53,53,56,63,69,60,69,78,87,76,82,90,95,83,90,97,107,102,117,114,129,131,138,139,141,119,107,103,92,81,82,80,70,71,70,58,52,52,56,51,50,45,40,35,38,37,35,21,12,6,0,0,0,0,0,,4270
706,Southgate,Nov-16,,0,0,0,0,0,0,0,0,0,0,0,0,0,0,0,0,0,0,1,1,1,0,10,20,24,16,19,21,23,26,30,32,30,28,30,34,37,41,47,53,50,50,52,60,62,68,67,65,71,88,94,93,87,86,94,98,97,95,97,104,114,123,122,119,117,110,119,109,114,102,104,79,75,66,65,60,60,58,48,50,51,50,38,42,44,46,42,39,25,14,12,11,2,0,0,0,,4332
784,Southwark,Nov-16,,0,0,0,0,0,0,0,0,0,0,0,0,4,5,6,7,6,10,13,17,17,40,67,76,56,53,65,68,63,76,102,114,107,109,129,142,136,133,138,147,150,162,174,184,179,175,175,180,177,178,182,188,183,172,180,183,176,162,175,177,166,150,158,157,154,159,168,153,130,119,114,108,97,97,93,92,86,81,75,75,76,75,75,67,58,48,43,29,17,0,0,0,0,0,0,0,,8338
695,St. James's Park,Nov-16,,0,0,0,0,0,0,0,0,0,0,0,0,0,0,0,0,0,0,4,9,16,27,52,66,64,54,58,65,76,87,107,135,162,185,213,244,235,203,161,134,112,111,117,119,116,106,104,108,110,109,111,114,104,101,96,97,90,91,92,87,89,89,89,83,86,86,85,76,62,50,53,49,42,38,37,32,30,32,35,32,31,27,26,24,21,16,14,12,7,2,1,1,0,0,0,0,,5809
696,St. John's Wood,Nov-16,,0,0,0,0,0,0,0,0,0,0,0,0,2,2,3,3,5,7,10,9,22,44,81,88,73,52,63,66,61,61,83,92,88,82,90,90,86,91,100,100,97,100,112,115,111,105,107,107,106,109,118,120,117,108,114,124,125,115,117,117,116,112,116,118,127,125,118,105,95,88,88,82,72,67,66,61,53,52,52,51,48,48,44,39,33,30,26,20,12,6,3,2,2,0,0,0,,5875
697,St. Paul's,Nov-16,,0,0,0,0,0,0,0,0,0,0,0,0,3,4,7,7,15,16,26,22,28,50,87,88,69,63,81,94,107,133,184,214,225,236,273,289,293,283,274,254,243,238,244,253,264,257,260,253,256,260,265,255,237,229,222,215,201,191,184,175,163,156,157,164,158,153,141,121,96,93,91,76,54,49,46,42,40,38,35,30,30,30,29,25,21,17,12,7,2,0,0,0,0,0,0,0,,10203
713,Stamford Brook,Nov-16,,0,0,0,0,0,0,0,0,0,0,0,0,0,0,0,0,0,0,0,1,2,5,8,9,10,10,11,10,11,10,11,12,13,13,15,16,18,17,17,20,21,22,23,26,26,29,31,32,31,31,32,32,31,30,34,37,42,45,45,45,45,45,48,51,49,47,54,53,45,40,46,44,36,28,32,31,27,24,25,25,23,20,19,20,19,17,14,11,7,4,0,0,0,0,0,0,,1833
714,Stanmore,Nov-16,,0,0,0,0,0,0,0,0,0,0,0,0,7,5,4,5,3,4,5,9,10,12,11,14,15,16,16,18,18,18,20,22,24,25,26,26,26,26,30,33,33,33,41,43,43,36,39,40,43,43,42,44,51,55,57,57,64,65,80,82,89,82,111,120,145,128,134,109,104,82,75,63,56,47,41,40,37,30,31,34,33,24,28,31,38,36,34,23,17,10,6,0,0,0,0,0,,3277
715,Stepney Green,Nov-16,,0,0,0,0,0,0,0,0,0,0,0,0,0,0,0,0,1,4,10,14,17,18,20,18,17,16,20,22,20,20,28,32,30,29,35,39,37,37,43,44,45,49,56,55,59,60,67,68,73,69,74,78,84,82,84,82,85,91,101,105,111,117,120,118,120,123,122,118,116,111,110,100,90,81,85,81,73,64,66,64,55,53,60,63,58,60,57,48,32,16,5,0,0,0,0,0,,4535
716,Stockwell,Nov-16,,0,0,0,0,0,0,0,0,0,0,0,0,23,21,17,22,18,23,20,26,27,30,28,28,28,29,34,37,35,35,39,47,49,53,63,69,69,71,83,96,108,114,122,138,149,155,153,158,155,155,160,166,163,173,187,200,197,203,210,237,246,250,253,277,291,304,289,261,227,217,200,188,181,186,175,155,144,144,139,131,124,122,121,119,111,103,96,76,39,8,0,0,0,0,0,0,,9600
717,Stonebridge Park,Nov-16,,0,0,0,0,0,0,0,0,0,0,0,0,0,0,0,0,0,0,0,0,5,6,10,10,13,12,14,13,11,13,15,15,11,13,15,17,18,20,19,17,16,21,22,22,20,23,25,26,24,27,30,31,27,27,29,31,35,40,42,37,32,32,35,35,36,40,43,38,34,35,33,29,25,24,22,22,21,19,17,17,17,16,16,15,15,14,13,10,10,9,0,0,0,0,0,0,,1546
719,Stratford,Nov-16,,0,0,0,0,0,0,0,0,0,0,0,0,73,72,69,81,70,85,89,106,127,174,226,253,254,273,326,360,378,430,540,601,619,646,779,964,1131,1303,1496,1778,1938,2007,1984,2056,2003,1974,1966,2050,1986,1979,1943,1978,1919,1896,1752,1680,1521,1458,1355,1361,1296,1257,1165,1115,1044,1020,1015,1012,940,871,794,739,671,639,603,582,516,496,462,444,410,416,419,397,362,362,425,413,309,144,48,3,11,0,0,0,,70509
720,Sudbury Hill,Nov-16,,0,0,0,0,0,0,0,0,0,0,0,0,0,0,0,0,0,0,0,0,2,4,6,7,8,8,8,8,10,10,10,10,10,8,8,10,10,12,14,14,14,16,18,20,21,18,18,25,28,23,22,22,25,22,27,29,35,28,26,27,36,33,32,31,36,33,33,33,32,27,25,27,25,21,21,21,17,13,15,16,16,16,13,10,11,12,12,12,10,4,1,0,0,0,0,0,,1285
721,Sudbury Town,Nov-16,,0,0,0,0,0,0,0,0,0,0,0,0,0,0,0,0,0,1,1,1,6,7,7,7,7,6,10,11,12,8,10,11,14,10,11,9,14,15,15,11,14,17,17,17,17,18,23,25,25,24,25,22,26,22,25,26,28,28,34,37,29,27,28,34,39,33,37,36,37,30,30,26,24,25,24,20,21,21,23,18,17,12,15,18,22,21,18,14,8,7,0,0,0,0,0,0,,1388
723,Swiss Cottage,Nov-16,,0,0,0,0,0,0,0,0,0,0,0,0,4,5,5,4,5,4,7,8,13,22,37,43,39,37,39,41,46,51,64,66,62,55,60,62,62,65,68,70,68,70,78,88,88,83,90,96,97,93,101,102,100,98,105,108,109,114,129,132,138,138,141,136,142,144,146,137,128,113,104,97,89,82,79,79,72,68,67,69,66,66,62,58,51,43,38,33,20,4,0,0,0,0,0,0,,5603
724,Temple,Nov-16,,0,0,0,0,0,0,0,0,0,0,0,0,0,0,0,0,0,0,1,3,7,15,26,32,28,20,25,25,29,35,50,54,59,62,67,70,71,70,73,79,83,80,85,91,90,90,92,93,82,80,80,78,68,63,64,66,64,61,55,50,46,45,42,42,41,41,39,33,27,22,19,16,15,13,12,11,10,9,7,7,7,6,5,6,8,8,8,7,5,0,0,0,0,0,0,0,,2973
725,Theydon Bois,Nov-16,,0,0,0,0,0,0,0,0,0,0,0,0,0,0,0,0,0,0,2,2,1,3,6,7,3,2,2,5,6,6,4,5,6,6,6,9,9,11,12,11,12,13,12,12,13,11,10,14,13,9,9,10,10,11,12,11,12,11,12,11,11,10,12,13,12,12,15,14,11,10,7,6,7,7,5,5,5,4,3,4,4,4,4,4,4,3,2,2,0,0,0,0,0,0,0,0,,552
726,Tooting Bec,Nov-16,,0,0,0,0,0,0,0,0,0,0,0,0,2,2,1,1,2,2,2,4,5,4,13,23,27,24,28,29,33,38,44,44,40,37,41,48,52,54,58,65,66,69,80,84,87,91,102,102,100,97,103,107,113,112,124,129,140,139,137,146,163,168,170,174,172,162,171,165,161,153,156,138,128,112,110,106,102,89,85,83,79,76,75,73,69,61,56,47,29,10,1,1,1,0,0,0,,6197
727,Tooting Broadway,Nov-16,,0,0,0,0,0,0,0,0,0,0,0,0,4,4,3,4,5,5,6,12,18,13,39,65,80,63,71,71,70,70,87,98,104,107,124,135,137,132,143,162,175,181,193,205,222,236,237,239,243,239,238,252,249,248,266,270,263,254,269,269,275,274,287,303,295,284,292,306,303,283,264,233,214,207,210,199,179,171,171,160,150,143,144,140,138,131,125,107,69,26,2,0,0,0,0,0,,12665
728,Tottenham Court Road,Nov-16,,0,0,0,0,0,0,0,0,0,0,0,0,14,16,16,24,23,37,38,50,52,102,151,170,143,149,190,210,221,279,385,443,473,577,777,895,868,786,834,883,874,822,876,964,1001,948,897,883,866,840,853,856,848,855,877,846,771,669,634,626,612,588,622,638,586,525,474,423,363,323,290,256,225,197,180,165,142,124,116,111,99,89,83,78,69,58,61,45,18,0,0,0,0,0,0,0,,33172
729,Tottenham Hale,Nov-16,,0,0,0,0,0,0,0,0,0,0,0,0,15,18,23,17,20,16,23,20,26,28,45,53,55,55,59,69,68,76,83,98,103,114,120,135,145,156,144,146,162,164,163,172,190,189,192,188,189,196,204,206,212,214,212,214,215,223,228,230,227,237,238,239,235,237,242,253,236,211,194,179,162,166,166,155,134,123,113,109,104,99,100,93,91,89,89,69,41,25,0,0,0,0,0,0,,10549
730,Totteridge & Whetstone,Nov-16,,0,0,0,0,0,0,0,0,0,0,0,0,0,0,0,0,0,0,0,1,1,1,0,4,7,8,7,7,6,7,8,8,7,7,8,10,12,11,10,11,13,15,15,15,15,18,19,20,21,22,24,25,25,26,26,25,27,31,36,37,35,29,32,35,37,36,38,38,34,31,28,25,22,20,18,20,20,19,18,19,15,15,17,18,14,13,11,12,9,6,0,0,0,0,0,0,,1280
731,Tower Hill,Nov-16,,0,0,0,0,0,0,0,0,0,0,0,0,0,0,0,0,0,0,1,13,22,39,54,62,54,59,72,95,129,199,272,353,405,460,476,499,467,443,408,424,406,415,416,432,400,398,397,401,372,389,404,413,386,397,380,390,376,393,366,357,338,362,355,339,325,341,328,319,293,287,268,258,236,222,201,180,33,38,38,28,22,23,30,26,21,14,16,13,8,3,0,0,0,0,0,0,,17859
733,Tufnell Park,Nov-16,,0,0,0,0,0,0,0,0,0,0,0,0,1,1,0,0,0,1,1,2,2,1,6,10,11,8,10,12,13,15,20,22,24,24,26,27,26,25,25,29,31,34,38,39,40,43,48,44,45,46,48,48,52,54,56,59,59,63,64,71,73,76,81,86,84,81,86,85,79,70,66,61,57,55,52,52,46,45,44,42,40,39,37,34,32,34,32,24,13,0,0,0,0,0,0,0,,2930
734,Turnham Green,Nov-16,,0,0,0,0,0,0,0,0,0,0,0,0,0,0,0,0,0,2,3,3,4,12,21,22,20,21,26,28,29,32,40,43,43,44,54,55,48,45,55,61,59,62,66,70,70,69,70,74,81,78,79,81,81,83,85,88,85,96,102,106,104,106,113,114,113,111,113,99,88,84,84,76,65,58,57,59,53,51,48,48,45,49,49,50,46,45,35,30,22,13,3,0,0,0,0,0,,4327
735,Turnpike Lane,Nov-16,,0,0,0,0,0,0,0,0,0,0,0,0,0,0,0,0,0,0,0,3,1,12,28,36,31,30,35,40,44,49,58,64,64,72,87,97,97,99,100,103,106,116,124,128,138,155,161,156,157,168,183,179,177,178,203,196,194,192,216,215,226,244,267,263,266,263,278,263,258,248,232,200,184,188,176,172,160,146,147,145,137,126,143,141,141,138,144,128,94,64,33,18,0,0,0,0,,10125
736,Upminster,Aut-08,,0,0,0,0,0,0,0,0,0,0,0,0,0,0,0,0,0,0,0,10,16,15,11,14,15,18,12,22,23,28,22,39,34,31,21,29,18,30,32,40,32,33,20,23,29,45,31,44,35,55,43,67,44,59,43,61,38,60,49,71,49,84,72,95,66,86,63,49,17,32,45,54,44,41,24,28,23,28,23,25,15,17,12,14,11,61,64,52,9,16,3,5,0,0,0,0,,2589
737,Upminster Bridge,Nov-16,,0,0,0,0,0,0,0,0,0,0,0,0,0,0,0,0,0,0,0,2,2,2,1,2,3,3,2,2,2,2,2,3,2,3,3,3,2,3,4,4,4,3,3,5,4,4,4,6,6,7,8,8,7,7,8,8,8,8,8,8,8,7,8,8,9,9,9,8,9,9,9,8,7,6,6,6,6,7,6,4,2,3,3,3,5,6,4,2,2,2,2,1,0,0,0,0,,360
738,Upney,Nov-16,,0,0,0,0,0,0,0,0,0,0,0,0,0,0,1,0,0,1,2,4,4,6,7,8,7,8,10,11,10,10,10,9,10,12,12,10,13,15,17,15,18,21,25,23,25,27,30,28,31,30,28,29,30,31,33,34,33,34,38,37,41,40,40,39,44,42,42,42,40,36,33,27,26,21,22,21,23,21,18,15,14,14,15,14,15,15,15,15,11,7,3,2,0,0,0,0,,1570
739,Upton Park,Nov-16,,0,0,0,0,0,0,0,0,0,0,0,0,0,0,0,0,5,11,13,10,17,34,42,38,37,36,40,40,44,42,54,61,69,69,85,91,100,97,102,101,106,108,119,122,120,125,134,138,132,136,143,149,148,151,154,148,148,155,164,167,164,164,180,188,185,183,189,189,186,174,156,141,134,130,127,116,103,97,89,86,82,81,79,83,82,86,97,100,72,42,15,7,0,0,0,0,,7812
740,Uxbridge,Nov-16,,0,0,0,0,0,0,0,0,0,0,0,0,0,0,0,0,0,0,0,0,8,24,36,33,35,36,38,35,35,37,44,52,55,57,70,78,81,79,91,96,95,94,106,111,102,103,104,104,95,96,102,103,93,86,93,94,91,89,90,95,97,104,110,120,118,128,133,132,124,114,107,99,100,89,85,83,78,72,66,69,61,60,53,50,42,43,39,33,26,26,22,14,5,0,0,0,,5468
777,Vauxhall,Nov-16,,0,0,0,0,0,0,0,0,0,0,0,0,21,23,30,28,35,41,63,70,89,141,207,234,234,251,280,296,310,329,349,355,361,392,412,418,400,407,400,401,402,411,409,418,433,442,434,411,402,428,437,431,415,432,437,456,450,468,494,528,532,576,583,581,561,602,576,541,498,503,481,442,399,399,394,354,321,324,310,300,284,285,265,246,214,193,170,117,59,16,3,0,0,0,0,0,,26444
741,Victoria,Nov-16,,0,0,0,0,0,0,0,0,0,0,0,0,45,54,71,81,103,117,159,219,321,465,621,694,677,670,702,750,786,867,967,1037,1111,1214,1269,1267,1255,1286,1298,1291,1297,1319,1333,1310,1315,1324,1366,1377,1415,1464,1525,1538,1537,1624,1676,1697,1675,1754,1908,1990,2064,2021,2040,1950,1956,1920,1807,1572,1411,1360,1227,1090,1015,1022,963,878,818,803,755,698,628,592,539,529,474,406,292,185,97,54,33,16,11,2,0,0,,81069
742,Walthamstow Central,Aut-16,,0,0,0,0,0,0,0,0,0,0,0,0,0,0,9,23,30,33,37,52,44,62,68,82,72,73,84,86,100,105,124,127,125,128,129,134,141,164,219,232,231,228,315,325,302,279,301,305,321,324,376,419,383,355,388,380,356,387,407,411,458,484,453,442,445,454,393,233,328,454,483,273,270,242,300,290,292,241,242,228,246,267,264,243,261,264,254,213,170,96,41,0,0,0,0,0,,18600
743,Wanstead,Nov-16,,0,0,0,0,0,0,0,0,0,0,0,0,3,2,2,2,3,2,2,4,6,5,7,9,9,9,13,14,14,16,16,17,18,22,26,28,28,29,28,25,28,33,33,34,37,38,37,40,46,44,46,49,49,45,48,53,50,51,54,57,53,52,58,64,65,63,63,55,48,44,44,33,28,30,36,33,27,22,22,23,24,21,21,21,19,16,14,14,13,0,0,0,0,0,0,0,,2257
745,Warren Street,Nov-16,,0,0,0,0,0,0,0,0,0,0,0,0,8,10,12,18,17,26,31,42,50,84,123,125,91,74,94,105,103,109,135,139,136,132,150,153,152,149,163,177,172,174,184,190,187,185,192,191,186,174,177,176,164,152,155,152,143,139,145,147,140,131,127,130,129,127,127,129,134,138,138,122,97,75,69,67,61,58,60,60,54,55,57,54,50,45,40,33,23,12,4,2,1,0,0,0,,8542
746,Warwick Avenue,Nov-16,,0,0,0,0,0,0,0,0,0,0,0,0,0,0,0,0,0,0,0,0,1,4,19,26,23,20,26,27,23,28,38,48,44,41,45,52,47,50,53,62,55,60,62,72,69,72,72,73,70,72,75,77,69,70,74,78,71,74,80,85,89,87,85,85,90,96,97,86,72,64,67,64,58,56,55,53,46,45,43,42,40,42,40,34,31,25,23,18,11,1,0,0,0,0,0,0,,3752
747,Waterloo,Nov-16,,0,0,0,0,0,0,0,0,0,0,0,0,12,14,20,23,34,42,61,66,84,233,371,384,312,339,376,405,432,489,582,664,694,740,814,862,865,930,996,982,960,998,1064,1045,1012,988,977,995,1027,1054,1042,1061,1061,1059,1085,1098,1111,1155,1269,1394,1465,1478,1443,1376,1329,1362,1355,1269,1135,1042,935,862,778,720,695,637,572,520,506,466,452,454,467,450,378,264,170,114,55,19,17,6,4,0,0,0,,56076
748,Watford,Nov-16,,0,0,0,0,0,0,0,0,0,0,0,0,0,0,0,0,0,0,0,0,0,5,10,11,7,9,10,11,10,10,9,10,11,13,14,15,16,17,16,17,15,15,13,14,14,17,17,16,15,17,16,13,13,14,16,17,18,18,18,19,21,21,23,23,24,28,31,29,26,26,22,19,17,18,17,16,15,12,13,11,10,9,10,7,7,8,9,6,4,4,5,0,0,0,0,0,,1027
751,Wembley Central,Nov-16,,0,0,0,0,0,0,0,0,0,0,0,0,0,0,0,0,0,0,0,3,9,14,23,27,26,22,21,26,25,32,30,38,40,49,51,66,69,71,72,84,85,86,86,92,93,92,85,88,95,98,91,93,99,101,91,97,101,108,101,99,92,95,100,93,95,98,101,92,92,87,83,78,71,62,55,53,51,48,41,36,40,42,39,30,30,30,33,27,23,12,6,1,0,0,1,2,,4518
752,Wembley Park,Nov-16,,0,0,0,0,0,0,0,0,0,0,0,0,16,18,15,16,14,20,17,25,34,56,65,74,75,80,84,85,90,99,114,125,128,142,169,196,200,207,219,238,251,261,282,291,302,306,318,310,303,292,280,257,248,250,257,246,242,247,254,257,262,272,303,332,345,326,308,277,247,222,202,181,170,171,176,168,152,132,117,114,116,115,106,99,95,91,85,73,59,36,16,3,0,0,0,0,,13446
753,West Acton,Nov-16,,0,0,0,0,0,0,0,0,0,0,0,0,5,3,2,2,3,4,4,3,3,2,3,4,4,5,8,9,9,10,13,10,9,9,11,10,12,14,18,17,17,19,22,19,22,26,29,24,28,27,30,30,29,30,37,36,37,42,46,41,44,48,48,42,41,39,38,34,32,29,34,27,23,22,23,15,17,18,19,14,16,15,16,15,16,13,10,9,9,6,0,0,0,0,0,0,,1529
755,West Brompton,Nov-16,,0,0,0,0,0,0,0,0,0,0,0,0,0,0,0,0,0,0,0,0,2,15,24,34,32,32,24,26,24,27,29,32,32,35,38,40,38,38,41,42,38,38,45,51,53,50,57,65,63,56,60,62,61,57,61,60,61,59,64,68,69,70,75,78,76,75,80,75,66,62,62,60,54,54,51,47,44,44,43,40,36,34,32,27,21,19,17,12,6,2,1,0,0,0,0,0,,3166
756,West Finchley,Nov-16,,0,0,0,0,0,0,0,0,0,0,0,0,0,0,0,0,0,0,0,0,0,0,0,3,3,3,4,5,5,4,4,5,5,5,5,4,5,6,7,7,9,10,12,13,13,12,14,15,15,15,16,17,18,19,20,20,21,21,23,27,29,29,30,32,30,30,30,30,30,27,21,18,17,16,16,15,15,15,14,13,13,13,13,14,12,11,10,8,5,2,0,0,0,0,0,0,,968
757,West Ham,Nov-16,,0,0,0,0,0,0,0,0,0,0,0,0,5,7,7,6,6,7,11,12,16,16,17,18,20,22,20,23,21,23,25,34,33,34,31,35,39,44,46,50,51,56,56,64,62,64,57,57,57,60,64,65,64,63,64,66,67,71,72,75,76,81,83,88,81,81,84,90,78,71,67,65,59,54,52,50,46,44,41,40,36,37,40,41,35,35,37,36,26,15,7,0,0,0,0,0,,3559
758,West Hampstead,Nov-16,,0,0,0,0,0,0,0,0,0,0,0,0,6,6,7,6,5,5,8,10,13,16,27,29,29,27,33,35,36,40,51,61,62,64,73,80,75,76,83,90,94,99,106,112,116,118,124,125,124,123,130,136,138,138,143,149,151,160,177,186,183,183,192,198,210,213,205,179,162,147,142,133,123,113,108,100,95,93,94,87,83,81,79,74,65,58,50,41,22,7,0,0,0,0,0,0,,7222
759,West Harrow,Nov-16,,0,0,0,0,0,0,0,0,0,0,0,0,0,0,0,0,0,0,0,1,1,1,1,1,1,4,3,3,4,4,4,4,3,4,5,3,3,13,12,7,8,15,17,13,14,16,16,15,15,15,15,21,26,7,5,5,25,41,51,48,23,27,19,33,36,30,11,22,30,34,24,18,17,24,12,17,23,24,14,15,11,11,12,13,10,9,4,6,10,7,2,2,0,0,0,0,,1020
760,West Kensington,Nov-16,,0,0,0,0,0,0,0,0,0,0,0,0,0,0,0,0,0,0,3,2,3,5,11,12,13,13,15,19,24,30,34,39,42,48,48,45,40,38,44,52,52,49,50,52,60,62,61,63,71,69,67,65,63,68,78,81,81,84,91,97,94,102,110,119,103,107,106,111,98,97,99,96,82,78,75,73,65,63,59,55,53,53,51,48,48,46,39,32,22,11,0,0,0,0,0,0,,4139
762,West Ruislip,Nov-16,,0,0,0,0,0,0,0,0,0,0,0,0,0,0,0,0,0,0,0,0,0,5,6,6,5,6,8,10,9,8,13,9,10,8,6,9,7,9,10,13,10,11,14,20,16,15,11,12,13,16,16,19,19,20,26,25,20,20,28,24,25,30,30,30,33,35,34,36,31,30,29,24,19,18,19,16,13,10,10,10,9,9,7,7,6,9,6,6,4,3,2,0,0,0,0,0,,1062
754,Westbourne Park,Nov-16,,0,0,0,0,0,0,0,0,0,0,0,0,0,0,0,0,0,0,2,2,4,7,12,14,12,11,13,13,14,14,16,18,19,21,23,28,27,26,26,31,34,34,37,38,41,41,43,45,44,46,45,47,43,46,46,51,50,53,52,56,57,58,58,60,67,66,66,60,59,56,52,45,44,45,41,39,40,40,33,30,30,31,27,25,23,24,21,16,9,6,3,3,0,0,0,0,,2479
761,Westminster,Nov-16,,0,0,0,0,0,0,0,0,0,0,0,0,3,5,7,8,9,13,20,30,42,80,103,103,85,97,126,179,271,415,546,644,705,780,819,819,776,745,740,736,715,683,679,687,666,641,628,634,614,611,598,574,565,543,525,499,493,452,435,445,455,433,412,406,409,405,386,359,311,280,246,227,185,159,143,138,125,113,101,91,82,76,66,58,48,36,28,28,31,0,0,0,0,2,0,0,,26432
764,White City,Nov-16,,0,0,0,0,0,0,0,0,0,0,0,0,12,10,10,10,12,12,14,20,25,34,43,46,38,30,28,29,33,39,45,46,44,44,49,58,61,69,79,86,82,82,88,88,92,93,93,86,91,90,94,88,84,78,83,82,79,76,76,77,81,84,84,83,90,94,93,87,84,79,74,70,62,59,52,53,49,47,42,42,42,46,46,40,32,46,59,52,25,6,2,0,0,0,0,0,,4533
763,Whitechapel,Nov-16,,0,0,0,0,0,0,0,0,0,0,0,0,0,0,0,0,8,21,35,40,48,74,110,119,101,83,93,100,99,97,109,111,103,101,112,121,119,119,137,157,158,151,166,177,177,175,186,186,182,176,178,177,172,163,164,160,154,151,155,159,161,170,188,195,196,194,191,178,172,185,193,169,130,109,103,93,85,86,94,83,72,66,77,71,69,65,70,58,42,21,10,0,0,0,0,0,,9180
765,Willesden Green,Nov-16,,0,0,0,0,0,0,0,0,0,0,0,0,0,0,0,0,0,0,0,0,3,2,21,34,36,24,28,30,29,34,37,41,40,49,56,53,47,53,60,69,76,80,81,87,91,92,100,104,105,112,120,130,126,130,124,140,126,119,125,147,136,147,155,200,208,214,196,210,200,193,199,187,153,161,168,169,152,145,137,122,120,111,114,101,95,101,106,102,59,23,0,0,0,0,0,0,,7345
766,Willesden Junction,Aut-07,,0,0,0,0,0,0,0,0,0,0,0,0,0,0,0,0,0,0,1,1,5,6,11,25,33,31,23,35,37,39,32,32,33,34,31,30,29,28,36,41,40,32,41,51,66,56,46,57,67,59,45,51,52,66,69,58,53,68,65,57,57,69,74,78,61,65,74,82,66,79,68,50,22,40,48,53,34,38,33,39,35,40,38,37,37,35,30,21,12,4,0,0,0,0,0,0,,3091
767,Wimbledon,Aut-13,,0,0,0,0,0,0,0,0,0,0,0,0,0,0,0,0,0,0,3,14,15,28,39,67,88,97,85,81,80,109,118,121,93,132,142,189,157,169,115,166,137,202,206,268,190,186,225,252,176,179,222,240,207,231,236,254,228,223,278,320,321,320,301,247,233,264,258,256,233,175,165,179,159,137,155,145,84,88,111,164,125,77,52,84,75,46,47,51,39,19,5,0,0,0,0,0,,11183
768,Wimbledon Park,Nov-16,,0,0,0,0,0,0,0,0,0,0,0,0,0,0,0,0,0,0,0,0,1,4,4,4,4,6,5,5,6,7,9,10,12,11,13,14,15,13,18,19,16,17,24,27,26,23,23,24,25,25,25,26,23,22,22,28,28,29,27,34,39,40,36,32,29,29,31,29,26,21,17,17,18,18,17,16,11,13,15,15,12,12,11,9,7,7,6,7,5,3,1,0,0,0,0,0,,1223
770,Wood Green,Nov-16,,0,0,0,0,0,0,0,0,0,0,0,0,0,0,0,0,0,0,0,4,2,17,42,55,48,38,49,56,67,71,94,108,116,119,137,153,159,165,172,176,179,183,188,198,207,226,229,228,216,226,228,224,223,223,241,231,222,214,247,255,260,265,282,284,284,276,283,274,265,257,232,209,185,184,170,168,153,138,143,140,138,125,127,131,133,137,122,116,91,67,26,13,0,0,0,0,,11914
599,Wood Lane,Nov-16,,0,0,0,0,0,0,0,0,0,0,0,0,0,0,0,0,0,1,2,2,3,6,10,11,10,9,11,10,10,15,21,24,24,24,27,32,36,45,60,66,68,67,76,77,81,82,83,84,82,82,87,88,77,65,67,61,61,66,63,51,49,49,46,40,42,42,45,39,31,28,28,28,26,25,22,17,16,17,16,15,14,15,12,12,13,13,10,7,6,5,3,1,0,0,0,0,,2659
769,Woodford,Nov-16,,0,0,0,0,0,0,0,0,0,0,0,0,7,5,3,2,3,5,4,4,6,10,12,13,13,15,20,20,19,20,21,20,19,19,20,22,27,30,31,32,39,44,43,45,56,57,63,66,75,71,80,86,84,75,82,96,93,95,103,112,106,101,104,106,113,113,115,103,95,86,83,65,57,55,61,56,56,51,48,39,43,37,37,36,37,38,30,26,23,0,0,0,0,0,0,0,,3807
771,Woodside Park,Nov-11,,0,0,0,0,0,0,0,0,0,0,0,0,0,0,0,0,0,0,0,0,0,0,0,8,12,8,2,0,4,10,16,15,9,12,18,21,22,27,23,25,18,20,28,49,45,40,35,33,23,28,32,37,34,32,32,26,29,38,41,28,38,69,90,82,67,58,64,73,82,80,70,56,42,36,34,32,29,24,23,19,15,16,14,11,10,7,4,4,2,0,0,0,0,0,0,0,,2031
,Total,,,0,0,0,0,0,0,0,0,0,0,0,0,901,932,1018,1233,1429,1864,2410,3073,4151,7148,11275,13348,12739,12488,14279,15645,16532,18872,23223,25924,26992,28929,33174,35727,36015,36766,39846,41812,41880,41845,43949,46014,46136,45717,46662,47575,47144,47014,47459,47625,46491,46056,46521,47045,46411,46237,47385,48566,48854,48970,49829,50162,50004,49901,49149,46612,43001,39594,36103,32688,29579,27804,26599,24975,22851,21489,20590,19611,18560,17978,17664,16820,15569,14354,13312,11024,7382,3649,1316,420,136,36,4,4,,2268070
